{
    "판례일련번호": 93984,
    "사건명": "견책처분취소",
    "사건번호": "78누231",
    "선고일자": "1978-09-12",
    "법원명": "대법원",
    "법원종류코드": null,
    "사건종류명": "일반행정",
    "사건종류코드": 400107.0,
    "판결유형": "판결",
    "선고": "선고",
    "판례상세링크": "/DRF/lawService.do?OC=pwshoot&target=prec&ID=93984&type=HTML&mobileYn=",
    "판시사항": "【판시사항】\n\n감사원의 징계사유 적발사실만으로 징계사유의 시효기간이 중단되는지 여부",
    "판결요지": "【판결요지】\n\n국가공무원의 징계사유가 되는 비위사실이 그 소속청 자체에 의하여 각지(각지)된 것이 아니고 감사에 의하여 비로소 적발된 경우에는 국가공무원법 제83조 제1항의 경우와 같이 볼 수 없어서 위 징계사유 적발사실만으로서는 징계사유의 시효진행기간이 중단된다고 볼 수 없다.",
    "참조조문": "【참조조문】\n\n국가공무원법 제83조 제1항\n\n제83조의2 제1항\n\n제83조의2 제2항",
    "참조판례": "【참조판례】\n\n대법원 1978.1.24. 선고 77누216 판결",
    "판례내용": "【전문】\n\n【원고, 피상고인】 원고\n\n【피고, 상고인】 종로세무서장\n\n【원 판 결】 서울고등법원 1978.5.17. 선고 77구636 판결\n\n【주문】\n\n상고를 기각한다. 상고비용은 피고의 부담으로 한다.\n\n【이유】\n\n(1) 상고이유 제1점에 대하여,\n\n국가공무원의 징계사유가 되는 비위사실이 그 소속청 자체에 의하여 각지(각지)된 경우가 아니고 감사원의 감사에 의하여 비로소 적발된 경우는 국가공무원법 제83조 제1항에 이른바 “징계의결을 요구하여야 할 사건이 감사원에서 조사중인 때”와 같이 볼 수 없어서 감사원에서의 징계사유 적발사실만으로서는 징계사유의 시효진행기간이 중단된다고는 볼 수 없다함이 당원의 판례( 대법원 1978.1.24. 선고 77누216 판결)인바 위 판례의 취지에 따른 원판시는 정당하고 이와 반대취지인 논지는 이유없다.\n\n(2) 상고이유 제2점에 대하여,\n\n원심은 원고의 이사건 징계사유로 삼은 사무착오 정도를 가지고는 공무원의 성실의무 위배로 인정하기 어렵다는 취지로 판시하였는바 기록에 의하여 살펴보면 이 원판시도 정당하다고 인정되므로 이와 반대견해에서 원심에 심리미진의 위법 있다는 논지 또한 이유없다.\n\n이에 상고를 기각하고 상고비용을 패소자 부담으로 하여 관여법관의 일치된 의견으로 주문과 같이 판결한다.\n\n대법관   김윤행(재판장) 이영섭 김용철 유태흥"
}