{
    "판례일련번호": 97333,
    "사건명": "해임처분취소",
    "사건번호": "82누485",
    "선고일자": "1983-02-22",
    "법원명": "대법원",
    "법원종류코드": null,
    "사건종류명": "일반행정",
    "사건종류코드": 400107.0,
    "판결유형": "판결",
    "선고": "선고",
    "판례상세링크": "/DRF/lawService.do?OC=pwshoot&target=prec&ID=97333&type=HTML&mobileYn=",
    "판시사항": "【판시사항】\n\n감독교사의 검방, 검신 태만으로 인한 재소자의 탈주의 경우 감독교사의 해임처분이 적법하다고 한 사례",
    "판결요지": "【판결요지】\n\n원고가 검방. 검신의 목적으로 투입된 기동대의 감독교사로서 검방. 검신을 철저히 하였더라면 재소자인 (갑), (을)등이 은닉보관 중인 쇠칼을 충분히 적발해 낼 수 있었음에도 불구하고 그 직무를 태만히 하여 적발하지 못함으로써 위 (갑), (을) 등 재소자 4명이 위 쇠칼로 교도관들을 위협하여 탈주한 사고가 발생하였으니, 원고의 위와 같은 비위는 국가공무원법 제78조 제1항 제1호및 제2호소정의 징계사유에 해당하고, 위 비위 정도에 비추어 보면 해임처분은 적정하며 위의 탈주사고 발생에 있어서 구치소 보안과장 등의 직무태만이 인정된다 하더라도 원고의 책임이 감경되거나 면제될 수는 없는 것이다.",
    "참조조문": "【참조조문】\n\n국가공무원법 제78조 제1항 제1호\n\n제78조 제1항 제2호\n\n제79조",
    "참조판례": null,
    "판례내용": "【전문】\n\n【원고, 상고인】 원고 소송대리인 변호사 김창수\n\n【피고, 피상고인】 영등포구치소장\n\n【원심판결】 서울고등법원 1982.8.18. 선고 81구653 판결\n\n【주문】\n\n상고를 기각한다.\n\n상고비용은 원고의 부담으로 한다.\n\n【이유】\n\n1. 원고 소송대리인의 상고이유 1점을 본다.\n\n원심판결이유에 의하면, 원심은원고가 1981.6.2 및 6.3 양일간에 검방·검신의 목적으로 투입된 기동대의 감독교사로서 당시 철저히 검방·검신을 하였더라면 재소자인 소외 1, 소외 2 등이 은익보관중인 쇠칼을 충분히 적발해 낼 수 있었음에도 불구하고 그 직무를 태만히 하여 적발하지 못함으로써 위 공소외인들을 비롯한 재소자 4명이 그 해 6.5 서울지방법원 남부지원에서 위 쇠칼로 교도관을 위협하여 탈주한 사고가 발생한 사실을 인정하고 위와 같은 원고의 비위는 국가공무원법 제78조 제1항 제1호및 제2호소정의 징계사유에 해당한다고판단하고 있는 바, 기록에 의하여 살펴보면 원심의 위와 같은 사실인정이나 법령적용은 정당하고 소론과 같은 심리미진이나 사실오인 또는 법령적용을 그르친 위법이 없다.\n\n논지는 위와 같은 탈주사고 발생은 ○○○구치소 보안과장, 의무과장, 접견과장 및 법정담당 호송교도관들이 각자 그 직무를 철저히 수행하지 못한데에 그 원인이 있는데도 이들의 직무태만으로 인한 탈주사고의 책임을 원고의 책임으로 가중시킨 위법이있다는 것이나, 소론과 같이 보안과장 등의 직무태만이 인정된다고 하더라도 특히 검방·검신의 목적으로 투입된 기동대의 감독교사로서 검방·검신을 철저히 시행하지 아니함으로써 탈주에 사용한 흉기를 사전에 적발하지 못한 원고의 책임이 감경되거나 면제될 수는 없으니 논지는 이유없다.\n\n2. 같은 상고이유 2점을 본다.\n\n원심이 확정한 바와 같이 원고가 1968.3.11 교도로 임용되고 1980.2.21 교사로 승진하면서 그간 4차례 표창받은 사실이 있다고 하여도원고의 이 사건비위정도에 비추어 보면 원고를 징계의 종류중 파면보다 가벼운 해임에 처한 피고의 처분은 적정하고 징계재량권의 한계를 일탈하였다고 볼 수 없으므로, 이와 같은 취지로 판단한 원심조치는 정당하고 소론과 같은 위법이 없다. 이점의 논지도 이유없다.\n\n3. 그러므로 상고를 기각하고, 상고비용은 패소자의 부담으로 하여 관여법관의 일치된 의견으로 주문과 같이 판결한다.\n\n대법관   이성렬(재판장) 이일규 전상석 이회창"
}