{
    "판례일련번호": 97820,
    "사건명": "근로기준법위반",
    "사건번호": "83도1090",
    "선고일자": "1983-06-28",
    "법원명": "대법원",
    "법원종류코드": null,
    "사건종류명": "형사",
    "사건종류코드": 400102.0,
    "판결유형": "판결",
    "선고": "선고",
    "판례상세링크": "/DRF/lawService.do?OC=pwshoot&target=prec&ID=97820&type=HTML&mobileYn=",
    "판시사항": "【판시사항】\n\n공사감독을 하지 않은 이사 겸 현장소장이 근로기준법 제15조소정의 사업경영자 등에 해당하는지 여부(소극)",
    "판결요지": "【판결요지】\n\n피고인이 회사의 이사 겸 상가신축공사 현장소장으로 있었으나 인부들의 공사감독은 주로 대표이사의 친척되는 공소외인이 맡아보고 있었으며 노임 등도 대표이사가 동 공소외인을 통하여 지급하여 왔는데 대표이사가 수표등 부도관계로 도주한 후로 피고인이 사후수습을 위하여 미불노임등 채무를 조사확인한 사실 뿐이라면 피고인은 근로기준법 제15조에 규정된 사업경영담당자이거나 근로자에 관한 사항에 대하여 사업주를 위하여 행위하는 자라고 할 수 없다.",
    "참조조문": "【참조조문】\n\n근로기준법 제15조",
    "참조판례": null,
    "판례내용": "【전문】\n\n【피고인】 피고인\n\n【상고인】 검사\n\n【원심판결】 서울형사지방법원 1983.3.11 선고 82노6618 판결\n\n【주문】\n\n상고를 기각한다.\n\n【이유】\n\n상고이유를 판단한다.\n\n기록에 의하면,피고인은 공소외 1 주식회사의 이사 겸 동 회사가 시공하는 영등포구 (주소 생략)의 상가신축공사 현장소장으로 있었으나 인부들의 공사감독은 주로 대표이사 공소외 2의 친척되는 공소외 3이 맡아 보고 있었으며 노임 등은 위 공소외 3을 통하여 대표이사 공소외 2로부터 지급되어 왔으나 1980.12. 초순경 위 대표이사 공소외 2가 수표등 부도관계로 도주한 후로 피고인이 사후수습을 하기 위하여 미불노임등 채무를 조사확인한 사실이 있을 뿐이다.\n\n그렇다면 피고인이 근로기준법 제15조에 규정된 사업경영담당자이거나 근로자에 관한 사항에 대하여 사업주를 위하여 행위하는 자라고 할 수 없다고 할 것이니 이런 취지에서 한 제1심의 무죄판결을 지지한 원심의 판단은 정당하고 거기에 소론과 같은 채증법칙 위배나 법리오해가 있다고 할 수 없으니 논지 이유없다.\n\n그러므로 상고를 기각하기로 관여법관의 의견이 일치되어 주문과 같이 판결한다.\n\n대법관   전상석(재판장) 이일규 이성렬 이회창"
}