{
    "판례일련번호": 100275,
    "사건명": "파면처분무효확인",
    "사건번호": "84누725",
    "선고일자": "1985-03-26",
    "법원명": "대법원",
    "법원종류코드": null,
    "사건종류명": "일반행정",
    "사건종류코드": 400107.0,
    "판결유형": "판결",
    "선고": "선고",
    "판례상세링크": "/DRF/lawService.do?OC=pwshoot&target=prec&ID=100275&type=HTML&mobileYn=",
    "판시사항": "【판시사항】\n\n가. 사실관계를 오인한 행정처분의 효력\n\n나. 소속기관의 장에게 통보함이 없이 경찰공무원을 징계한 것이 위 공무원에게 보장된 진술의 기회를 침해한 것이라고 볼 수 있는지 여부",
    "판결요지": "【판결요지】\n\n가. 행정처분에 사실관계를 오인한 하자가 있는 경우 그 하자가 중대하다고 하더라도 객관적으로 명백하지 않다면 그 과세처분은 당연무효라고 볼 수 없다.\n\n나. 국가공무원법 제83조 제3항의 규정에 의하면 수사기관은 조사나 수사를 개시한 때와 이를 종료한 때는 공무원의 소속기관의 장에게 당해사실을 통보하도록 되어 있으나 그 통보없이 징계절차를 진행하였다고 하여도 경찰공무원징계령 제12조및 제13조에 의하여 보장된 진술기회를 침해한 것이라고는 볼 수 없다.",
    "참조조문": "【참조조문】\n\n가.행정소송법 제1조\n\n나.국가공무원법 제83조,경찰공무원징계령 제12조,제13조",
    "참조판례": null,
    "판례내용": "【전문】\n\n【원고, 상고인】 원고\n\n【피고, 피상고인】 서울특별시장\n\n【원심판결】 서울고등법원 1984.11.26. 선고 84구248 판결\n\n【주문】\n\n상고를 기각한다.\n\n상고비용은 원고의 부담으로 한다.\n\n【이유】\n\n1. 원고의 상고이유 1점을 본다.\n\n행정처분에 사실관계를 오인한 하자가 있는 경우에 그 하자가 중대하다고 하더라도 객관적으로 명백하지 않다면 그 과세처분은 당연무효라고 볼 수 없는 것인바, 이 사건에서 원고가 피해자 를 구타하여 방광파열의 상해를 가하였다는 징계사유를 인정한 피고조치가 원고 주장과 같이 사실관계를 오인한 것이라고 하여도 이러한 하자는 객관적으로 명백하다고 할 수 없으므로 당연무효 사유가 아니라고 본 원심판단은 정당하고 이를 탓하는 논지는이유없다.\n\n2. 같은 상고이유 2점을 본다.\n\n국가공무원법 제83조 제3항의 규정에 의하면, 수사기관은 조사 또는 수사한 공무원의 소속기관의 장에게 당해 사실을 통보하도록 되어 있음에도 불구하고 피고가 원고의 소속기관의 장에게 통보하지 아니하고 원고에 대한 징계절차를 진행하였다고 하여도 이것이 소론 주장과 같이 경찰공무원징계령 제12조및 제13조에 의하여 보장된 원고의 진술기회를 침해한 것이라고는 볼 수 없으니이점 논지도 이유없다.\n\n3. 그러므로 상고를 기각하고, 상고비용은 패소자의 부담으로 하여 관여 법관의 일치된 의견으로 주문과 같이 판결한다.\n\n대법관   이일규(재판장) 전상석 이회창"
}