{
    "판례일련번호": 99674,
    "사건명": "근로조건위반손해배상청구재심기각결정취소",
    "사건번호": "84누448",
    "선고일자": "1984-09-11",
    "법원명": "대법원",
    "법원종류코드": null,
    "사건종류명": "민사",
    "사건종류코드": 400101.0,
    "판결유형": "판결",
    "선고": "선고",
    "판례상세링크": "/DRF/lawService.do?OC=pwshoot&target=prec&ID=99674&type=HTML&mobileYn=",
    "판시사항": "【판시사항】\n\n가. 근로기준법 제27조 제1항의 위반을 이유로 한 손해배상청구를 같은법 제23조소정의 근로조건 위반으로 인한 손해배상청구라고 볼 수 있는지 여부(소극)\n\n나. 근로기준법의 규정사항을 위반한 것이 동법 제23조소정의 근로조건의 위반이 되는지 여부",
    "판결요지": "【판결요지】\n\n가. 근로자가 그에 대한 해고가 근로기준법 제27조 제1항에 위반되어 무효인 것을 전제로 하여 사용자에 대하여 임금상당의 손해배상을 청구하는 것은 같은법 제23조소정의 근로조건위반에 인한 손해배상청구라고 할 수 없다.\n\n나. 근로기준법 제23조소정의 근로조건이란 사용자가 근로계약 체결시에 근로자에 대하여 명시한 임금, 근로시간 기타의 근로조건( 같은법 제22조참조)을 말하는 것이므로 근로기준법의 규정사항을 위반한 것이 곧 위 제23조소정의 근로조건의 위반이 된다고는 할 수 없다.",
    "참조조문": "【참조조문】\n\n근로기준법 제23조,제27조",
    "참조판례": null,
    "판례내용": "【전문】\n\n【원고, 상고인】 원고\n\n【피고, 피상고인】 중앙노동위원회 위원장\n\n【원심판결】 서울고등법원 1984.5.23. 선고 83구1199 판결\n\n【주문】\n\n상고를 기각한다.\n\n상고비용은 원고의 부담으로 한다.\n\n【이유】\n\n상고이유를 판단한다.\n\n근로자가 그에 대한 해고가 근로기준법 제27조 제1항에 위반되어 무효인 것을 전제로 하여 사용자에 대하여 임금상당의 손해배상을 청구하는 것은 같은법 제23조소정의 근로조건 위반에 인한 손해의 배상청구라고 할 수 없다.\n\n같은 취지에서 원심이 소외 경성여객주식회사가 원고를 해고한 것이 근로기준법 제27조 제1항에 위반하여 무효라는 이유로 위 회사에게 임금상당의 손해배상을 청구하는 원고의 이건 청구가 같은법 제23조소정의 근로조건위반에 인한 손해배상청구라고 할 수 없다고 판단한 것은 정당하다. 논지는 근로기준법에 명시한 규정사항을 위반한 것은 곧 같은법 제23조소정의 근로 조건의 위반이 된다는 것이나 근로기준법 제23조소정의 근로조건이란 사용자가 근로계약 체결시에 근로자에 대하여 명시한 임금, 근로시간 기타의 근로조건( 같은법 제22조참조)을 말하는 것이므로 근로기준법의 규정사항을 위반한 것이 곧 위 제23조소정의 근로조건의 위반이 된다고는 할 수 없을 것이다.논지는 모두 이유없다.\n\n따라서 상고를 기각하고 상고비용은 패소자의 부담으로 하기로 하여 관여법관의 일치된 의견으로 주문과 같이 판결한다.\n\n대법관   강우영(재판장) 윤일영 김덕주 오성환"
}