{
    "판례일련번호": 104736,
    "사건명": "견책처분취소",
    "사건번호": "88누5907",
    "선고일자": "1988-12-27",
    "법원명": "대법원",
    "법원종류코드": null,
    "사건종류명": "일반행정",
    "사건종류코드": 400107.0,
    "판결유형": "판결",
    "선고": "선고",
    "판례상세링크": "/DRF/lawService.do?OC=pwshoot&target=prec&ID=104736&type=HTML&mobileYn=",
    "판시사항": "【판시사항】\n\n비리사실이 국세청공무원상벌규정상의 징계사유에 미달한 경우 국가공무원법상 징계사유에의 해당여부",
    "판결요지": "【판결요지】\n\n국세청공무원상벌규정은 국세청 및 산하관서 소속공무원이 내국세 등의 부과징수업무와 관련하여 국가공무원법상의 의무위반행위를 저질렀을 경우의 처벌기준을 내부적으로 정한 지침에 지나지 않는 것이므로 비위사실이 그 지침이 정한 징계기준에 미달한다하여 국가공무원법상의 징계사유에도 해당하지 않는 것이라고 볼 수는 없다.",
    "참조조문": "【참조조문】\n\n국가공무원법 제78조",
    "참조판례": "【참조판례】\n\n대법원 1984.2.28. 선고 83누556 판결",
    "판례내용": "【전문】\n\n【원고, 상고인】 원고\n\n【피고, 피상고인】 효제세무서장\n\n【원심판결】 서울고등법원 1988.4.18. 선고 87구925 판결\n\n【주문】\n\n상고를 기각한다.\n\n상고비용은 원고의 부담으로 한다.\n\n【이유】\n\n상고이유를 본다.\n\n국세청공무원상벌규정은 국세청 및 산하관서 소속공무원이 내국세 등의 부과징수업무와 관련하여 국가공무원법상의 의무위반행위를 저질렀을 경우의 처벌기준을 내부적으로 정한 지침에 지나지 않는 것이므로 원고의 비위사실이 그와 같은 지침이 정한 징계기준에 미달한다하여 국가공무원법상의 징계사유에도 해당하지 않는 것이라고 볼 수는 없는 것이다( 대법원 1984.2.28. 선고 83누556 판결).\n\n원심이 같은 취지에서 원고의 원판시 비위사실이 위 상벌규정의 규정내용과는 관계없이 국가공무원법소정의 징계사유에 해당한다고 판단한 것은 정당하고 거기에 소론과 같은 법리오해의 위법이 없다.\n\n그러므로 상고를 기각하고, 상고비용은 패소자의 부담으로 하기로 하여 관여 법관의 일치된 의견으로 주문과 같이 판결한다.\n\n대법관   배만운(재판장) 김덕주 안우만"
}