{
    "판례일련번호": 106285,
    "사건명": "공무상요양승인거부처분취소",
    "사건번호": "89누5775",
    "선고일자": "1990-02-13",
    "법원명": "대법원",
    "법원종류코드": null,
    "사건종류명": "일반행정",
    "사건종류코드": 400107.0,
    "판결유형": "판결",
    "선고": "선고",
    "판례상세링크": "/DRF/lawService.do?OC=pwshoot&target=prec&ID=106285&type=HTML&mobileYn=",
    "판시사항": "【판시사항】\n\n공무수행중의 과로로 인한 질병의 악화를 공무상 질병으로 본 사례",
    "판결요지": "【판결요지】\n\n공무원이 자기의 체질적인 조건으로 말미암아 신장염에 걸리기는 하였으나 정상적인 근무는 가능한 정도였는데 공무수행중 누적된 과로로 인하여 위 질병이 자연진행속도를 넘어서 \"말기신장염, 말기신부전증\"으로 급속하게 악화되었다면 위 질병은 공무상 질병에 해당한다.",
    "참조조문": "【참조조문】\n\n공무원연금법 제35조",
    "참조판례": null,
    "판례내용": "【전문】\n\n【원고, 피상고인】 이상윤\n\n【피고, 상고인】 공무원연금관리공단\n\n【원 판 결】 서울고등법원 1989.7.21. 선고 89구529 판결\n\n【주문】\n\n상고를 기각한다.\n\n상고소송비용은 피고의 부담으로 한다.\n\n【이유】\n\n상고이유에 대하여,\n\n원심이 원고는 자기의 체질적인 조건으로 말미암아 신장염에 걸리기는 하였으나 정상적인 근무는 가능한 정도였는데, 공무수행 중 누적된 과로로 인하여 위 질병이 자연진행속도를 넘어서 이 사건에서 문제되고 있는 \"말기신장염, 말기신부전증\"으로 급속하게 악화되었다고 하고 나서 그렇다면 위 질병은 공무상질병에 해당한다고 판단한 것은 옳고, 여기에 소론과 같은 법리오해, 심리미진, 채증법칙위배 등의 위법이 없다.\n\n논지는 이유없으므로 이 상고를 기각하기로 관여 법관의 의견이 일치되어 주문과 같이 판결한다.\n\n대법관   김주한(재판장) 이회창 배석 김상원"
}