{
    "판례일련번호": 107251,
    "사건명": "부당노동행위구제재심판정취소",
    "사건번호": "89누6679",
    "선고일자": "1990-09-14",
    "법원명": "대법원",
    "법원종류코드": null,
    "사건종류명": "일반행정",
    "사건종류코드": 400107.0,
    "판결유형": "판결",
    "선고": "선고",
    "판례상세링크": "/DRF/lawService.do?OC=pwshoot&target=prec&ID=107251&type=HTML&mobileYn=",
    "판시사항": "【판시사항】\n\n근로자에 대한 징계전보조치가 인사권의 남용이라는 사유만으로 부당노동행위가 될 수 있는지 여부(소극)",
    "판결요지": "【판결요지】\n\n사용자가 근로자에 대하여 무단결근을 이유로 3개월간의 정직 및 무연고지로의 전보발령을 한 것이 인사권의 남용이라는 주장은 징계처분의 효력을 다투는 사유로서는 몰라도 부당노동행위가 되는지 여부에 영향을 미치는 것이라 할 수 없다.\n",
    "참조조문": "【참조조문】\n노동조합법 제39조",
    "참조판례": null,
    "판례내용": "【원고, 피상고인】 재단법인 홍익회 소송대리인 변호사 문영우\n\n【피고, 상고인】 중앙노동위원회 위원장\n\n【원심판결】 서울고등법원 1989.8.31. 선고 88구12532 판결\n\n【주문】\n\n상고를 기각한다.\n\n상고비용은 피고의 부담으로 한다.\n\n【이유】\n\n피고 소송수행자의 상고이유에 대하여,\n\n원고의 소외인에 대한 징계전보조치에 관하여 이를 부당노동행위라 할 수 없다고 한원심판단은 정당하다.\n그리고원고가 소외인에 대하여 무단결근을 이유로 3개월간의 정직 및 무연고지로의 전보발령을 한 것이 인사권의 남용이라는 주장은 징계처분의 효력을 다투는 사유로서는 몰라도 부당노동행위가 되는지 여부에 영향을 미치는 것이라 할 수 없다.\n논지는 이유없다.\n\n이에 상고를 기각하고, 상고비용은 패소자의 부담으로 하여 관여 법관의 일치된 의견으로 주문과 같이 판결한다.\n\n대법관 윤영철(재판장) 박우동 이재성 김용준"
}