{
    "판례일련번호": 106485,
    "사건명": "노동쟁의조정법위반",
    "사건번호": "89도2512",
    "선고일자": "1990-03-13",
    "법원명": "대법원",
    "법원종류코드": null,
    "사건종류명": "형사",
    "사건종류코드": 400102,
    "판결유형": "판결",
    "선고": "선고",
    "판례상세링크": "/DRF/lawService.do?OC=pwshoot&target=prec&ID=106485&type=HTML&mobileYn=",
    "판시사항": "【판시사항】\n쟁의발생이 예상되는 회사의 사업장에서 선동적인 연설 등을 한 것이 노동쟁의조정법 제13조의2소정의 \"제3자 개입행위\"에 해당한다고 본 사례",
    "판결요지": "【판결요지】\n임금협상을 목전에 둔 상태에서 임투발대식을 가지는 등 쟁의발생의 강한 조짐이 있는 회사의 사업장에서 선동적인 연설과 구호제창을 계속하였다면 근로관계당사자들의 쟁의행위에 영향을 미칠 제3자 개입행위를 한 것이므로 이를 노동쟁의조정법 제13조의2소정의 제3자 개입행위로 본 원심의 조치는 정당하고 법리오해의 위법이 없다.",
    "참조조문": "【참조조문】\n노동쟁의조정법 제13조의2,제45조의2",
    "참조판례": null,
    "판례내용": "【피고인】 피고인\n【상고인】 피고인\n【변호인】 변호사 문재인\n【원심판결】 부산고등법원 1989.11.29. 선고 89노726 판결\n【주문】\n상고를 기각한다.\n상고후의 미결구금일수 중 35일을 본형에 산입한다.\n【이유】\n피고인의 변호인의 상고이유를 본다.\n1. 원심이 유지한 제1심판결의 채택증거에 의하면, 피고인에 대한 제1심판시 제1항 내지 제3항 범죄사실을 넉넉히 인정할 수 있고 거기에 소론과 같은 채증법칙위배로 인한 사실오인이나 제3자 개입행위, 태업에 관한 법리를 오해한 위법이 없다.\n원심이 인정한 사실과 다른 사실을 전제로 하여 반대의 입장에서 원심판결을 공격하는 논지는 채용할 수 없는 것이다.\n2. 원심은 그 거시증거에 의하여 제1심판시 제4항, 제5항 범죄사실에 관하여피고인이 임금협상을 목전에 둔 상태에서 임투발대식을 가지는 등 쟁의발생의 강한 조짐이 있는 회사의 사업장에서 제1심판시와 같은 내용의 선동적인 연설과 구호제창을 계속함으로써 근로관계당사자들의 쟁의행위에 영향을 미칠 제3자 개입행위를 한 것이라는 사실을 인정하고 이를 노동쟁의조정법 제13조의2의 제3자 개입 행위로 의율한 제1심판결을 유지하고 있는 바, 기록에 비추어 보면 원심의 조치는 정당하고 거기에 소론과 같은 법리오해의 위법이 없으므로 논지는 이유 없다.\n3. 그러므로 피고인의 상고를 기각하고, 상고후의 미결구금일수 중의 일부를 그 본형에 산입하기로 하여 관여 법관의 일치된 의견으로 주문과 같이 판결한다.\n대법관   윤관(재판장) 김덕주 배만운 안우만"
}