{
    "clauseField": "43",
    "ftcCnclsns": "1",
    "clauseArticle": [
        "제3조(인도시기 및 장소)\n제1항 갑은 위에 표시된 인도기한 내에 위 자동차를 인도하여야 하며 을은 자동차를 인수하기 전에 이 계약에 정한 의무를 이행하고 동 기한내에 자동차를 인수하여야 한다.",
        "단 노사분규, 정부조치, 천재지변 등 갑의 자동차제조 또는 인도를 지연시키는 특수한 사정으로 인하여 자동차제조 및 인도가 지연될 때, 그리고 을에게 천재지변, 기타 자동차 인수를 불가능하게 하는 사유가 발생하였을 때에는 그 사유의 종료 후 상당일까지 인도ㆍ인수기한이 연장된 것으로 한다."
    ],
    "dvAntageous": "2",
    "illdcssBasiss": [
        "노사분규라는 포괄적이고 개념이 불명확한 사유로 자동차 인도 지연 책임을 면책하는 것은 노동쟁의 정도나 범위를 고려하지 않는 것으로 사업자에 의해 남용될 우려가 있다.\n",
        "대량거래가 아닌 일반 고객과의 자동차매매계약서에서 매도인의 채무불이행 책임이 부정되는 불가항력 사유는 노동쟁의 중 파업으로 제한 하는 것이 타당하다",
        "위법한 사업자의 직장폐쇄로 인한 노사분규가 발생될 수도 있음에도 사유의 정당성 유무를 떠나서 포괄적으로 사업자 책임이 면책된다는 것은 쟁의행위와 무관한 고객에게만 일방적으로 손해를 감수하도록 하는 것으로 동약관조항은 사업자가 부담하여야 할 위험을 고객에게 이전시키는 조항이다."
    ],
    "relateLaword": [
        "제7조(면책조항의 금지) \n계약 당사자의 책임에 관하여 정하고 있는 약관의 내용 중 다음 각 호의 어느 하나에 해당하는 내용을 정하고 있는 조항은 무효로 한다.\n  2. 상당한 이유 없이 사업자의 손해배상 범위를 제한하거나 사업자가 부담하여야 할 위험을 고객에게 떠넘기는 조항"
    ],
    "unfavorableProvision": "2"
}