{
    "clauseField": "3",
    "ftcCnclsns": "1",
    "clauseArticle": [
        "제9조(제세공과금 등의 부담)\n갑과을에 각자 부과되는 제세공과금은 본인이 부담함을 원칙으로 한다.\n단, 재산세, 종합토지세등의 제세 공과금은 갑이 통보한 입주지정일을 기준으로 입주지정 개시일 전일까지 고지분은 갑부담하고, 이후 고지분은 을의 소유권이전등기 및 잔금완납 또는 입주여부에 관계없이 을이 부담한다. 잔금 납부 약정일이 입주지정 개시일 이후일 경우에는 잔금납부 약정일을 기준으로 하여 납부한다."
    ],
    "dvAntageous": "2",
    "illdcssBasiss": [
        "전기료, 수도료등 제세공과금의 부담주체는 분양목적물의 소유자이므로 입주지정일 이전에 발생한 제세공과금은 당시의 소유자인 사업자가 부담함이 타당함에도 현행 약관조항은 입주지정일 이후에 고지되는 제세공과금을 고객이 부담하도록 규정하여, 입주지정일 이전에 발생하였으나 그 이후에 고지되는 경우에는 사업자가 부담하여야 할 제세공과금이 고객에게 전가되는 결과를 초래되는 바, 이러한 약관 조항은 고객에게 부당하게 불리한 조항이다."
    ],
    "relateLaword": [
        "제6조(일반원칙) \n② 약관의 내용 중 다음 각 호의 어느 하나에 해당하는 내용을 정하고 있는 조항은 공정성을 잃은 것으로 추정된다.\n1. 고객에게 부당하게 불리한 조항"
    ],
    "unfavorableProvision": "1"
}