{
    "clauseField": "7",
    "ftcCnclsns": "1",
    "clauseArticle": [
        "제6조(카드의 발급 및 관리)\n제7항 귀행의 발급기준에 의거 발급이 불가할 경우 본 신청서로 00 00000카드 발급신청에 갈음하고자 합니다."
    ],
    "dvAntageous": "2",
    "illdcssBasiss": [
        "회원이 본 카드발급 기준에 미달될 경우 카드사가 일방적으로 타 카드 발급신청에 갈음한다는 내용을 약관상에 규정함은 고객의 의사를 무시하고 카드사의 의사만을 내세우는 일방적인 규정이며, 고객이 의사표시할 실질적인 기회를 박탈하는 것이다.",
        "고객이 본 신청서의 카드발급외 타 카드발급을 원치 않는다면, 이는 고객의 동의없이 개인정보를 무단으로 활용하는 것이다.  약관조항은 일정한 작위가 있을 때 고객의 의사표시가 표명되는 것으로 보는 조항이다."
    ],
    "relateLaword": [
        "제12조(의사표시의 의제) 의사표시에 관하여 정하고 있는 약관의 내용 중 다음 각 호의 어느 하나에 해당하는 내용을 정하고 있는 조항은 무효로 한다.\n  1. 일정한 작위 또는 부작위가 있을 경우 고객의 의사표시가 표명되거나 표명되지 아니한 것으로 보는 조항. 다만, 고객에게 상당한 기한 내에 의사표시를 하지 아니하면 의사표시가 표명되거나 표명되지 아니한 것으로 본다는 뜻을 명확하게 따로 고지한 경우이거나 부득이한 사유로 그러한 고지를 할 수 없는 경우"
    ],
    "unfavorableProvision": "2"
}