{
    "clauseField": "5",
    "ftcCnclsns": "1",
    "clauseArticle": [
        "제3조(구매품목 및 대금)                                                                                    품 목 : 000 자판기\n대 금 : 20,800,000원 (40대 기준, VAT별도)\n계약금 : 5,000,000원\n잔 금 : 15,800,000원 (납품 3일전)",
        "제6조(구매계약의 해지)\n제3항 을의 귀책사유로 계약이 해지 해약될 시 계약금으로 갑에게 입금한 금액은 기기 제작 발주 위약금으로 갑에게 귀속함에 있어 을은 계약금 반환을 청구할 수 없다."
    ],
    "dvAntageous": "2",
    "illdcssBasiss": [
        "계약금을 5,000,000원으로 정한 것만으로는 계약자유의 원칙을 고려할 때 고객에 대하여 부당한 것이라고 보기 어렵다.",
        "총대금의 25퍼센트에 해당하는 계약금 5,000,000원을 위약금으로 사업자에게 귀속시키는 것은 과도하다고 판단된다."
    ],
    "relateLaword": [
        "제8조(손해배상액의 예정) 고객에게 부당하게 과중한 지연 손해금 등의 손해배상 의무를 부담시키는 약관 조항은 무효로 한다."
    ],
    "unfavorableProvision": "2"
}