{
    "clauseField": "41",
    "ftcCnclsns": "1",
    "clauseArticle": [
        "(무선통신서비스이용약관)\n제11조(부가서비스)                              \n제3항 부가서비스를 이용, 변경 또는 해지하고자 하는 고객은 영업점에 이를 신청하여야 합니다. 이 경우 회사의 업무수행상 또는 기술상 지장이 있다고 인정되는 때에는 그 신청을 승낙하지 않을 수도 있습니다. 다만, 회사가 정하는 부가서비스의 경우는 별도의 신청절차 없이 이용할 수 있습니다.          "
    ],
    "dvAntageous": "2",
    "illdcssBasiss": [
        "부가서비스는 기본서비스에 부가해서 제공되는 것으로서 그 성질상 고객이 부가서비스를 이용, 변경 또는 해지하고자 신청할 경우 특별한 경우가 아닌 한 허용되어야 할 것임에도 불구하고, 사업자는 회사의 업무수행상 지장이 있다고 인정되는 때 라는 불명확한 기준을  설정하고 이를 근거로 자신의 주관적 판단하에 고객의 신청에 대한 승낙 여부를 결정할 수 있도록 규정하고 있어 고객에게 부당하게 불리한 조항이다."
    ],
    "relateLaword": [
        "제6조(일반원칙) \n② 약관의 내용 중 다음 각 호의 어느 하나에 해당하는 내용을 정하고 있는 조항은 공정성을 잃은 것으로 추정된다.\n  1. 고객에게 부당하게 불리한 조항"
    ],
    "unfavorableProvision": "1"
}