{
    "clauseField": "36",
    "ftcCnclsns": "1",
    "clauseArticle": [
        "제1항  \n본 계약 내용을 영업주가 위반할시는 계약금을 배상하고 혼주측이 위반할시는 계약금을 반환하지 아니한다. \n"
    ],
    "dvAntageous": "2",
    "illdcssBasiss": [
        "해약금을 수령한 자가 해약할 경우에는 해약금의 배액을 상환하는것이 민법의 일반원칙(민법 제565조)이라 볼 때, 사업주들이 수령한 금액만을 상환하고 계약을 해약할 수 있도록 규정한 위 조항은 법률의 규정에 의한 해제권․해지권의 행사요건을 완화하여 고객에 대하여 부당하게 불이익을 줄 우려가 있는 조항이다."
    ],
    "relateLaword": [
        "제9조(계약의 해제,해지) \n계약의 해제,해지에 관하여 정하고 있는 약관의 내용 중 다음 각 호의 어느 하나에 해당되는 내용을 정하고 있는 조항은 무효로 한다.\n  2. 사업자에게 법률에서 규정하고 있지 아니하는 해제권 또는 해지권을 부여하여 고객에게 부당하게 불이익을 줄 우려가 있는 조항"
    ],
    "unfavorableProvision": "2"
}