{
    "clauseField": "38",
    "ftcCnclsns": "1",
    "clauseArticle": [
        "제2조 리스차량의 인수\n제2항 병(승계 후 리스이용자)은 갑(승계 전 리스이용자)으로부터 현실적으로 리스차량을 인수받았는지의 여부에 관계없이 승계물건수령증을 발급함으로써 리스차량을 정상적으로 인수한 것으로 간주되며 병은 리스이용자로서의 모든 책임을 다하여야 한다."
    ],
    "dvAntageous": "2",
    "illdcssBasiss": [
        "금융리스물건수령증을 발급한 경우 현실적으로 리스차량을 인수받았는지 여부에 관계없이 리스물건을 정상적으로 인수한 것으로 간주하는 부분은 상법 제168조의3 제3항에 위배되는 조항으로서 약관법 제6조 제2항 제1호에 해당하는 불공정한 약관이라고 할 수 있다.",
        "리스이용자에게 리스차량의 인수와 관련한 모든 책임을 지도록 하고 있는 부분은 상법 제168조의3 제1항에 위배되는 조항으로서 약관법 제7조 제3호에 해당하는 불공정한 약관이라고 할 수 있다."
    ],
    "relateLaword": [
        "제6조(일반원칙)\n② 약관의 내용 중 다음 각 호의 어느 하나에 해당하는 내용을 정하고 있는 조항은 공정성을 잃은 것으로 추정된다.\n1. 고객에게 부당하게 불리한 조항",
        "제7조(면책조항의 금지)\n3. 상당한 이유 없이 사업자의 담보책임을 배제 또는 제한하거나 그 담보책임에 따르는 고객의 권리행사의 요건을 가중하는 조항"
    ],
    "unfavorableProvision": "1"
}