{
    "clauseField": "6",
    "ftcCnclsns": "1",
    "clauseArticle": [
        "제23조(비용의 개정)\n갑은 갑의 중심시설이 소재하는 지역의 지방자치단체가 발표하는 소비자 물가지수 및 인건비 등을 감안해서 운영간담회의 의견을 참고하여 관리비, 식비, 난방비 및 을의 희망에 의해 제공되는 특별서비스 등의 비용부담액을 개정할 수 있다."
    ],
    "dvAntageous": "2",
    "illdcssBasiss": [
        "사업자가 일방적으로 생활비 등을 인상, 조정함으로써 입주자에게 비용인상의 추가부담을 지게 할 우려가 있으므로 해당 조항은 상당한 이유없이 급부의 내용을 사업자가 일방적으로 결정하거나 변경할 수 있도록 권한을 부여하는 조항이다."
    ],
    "relateLaword": [
        "제10조(채무의 이행) \n채무의 이행에 관하여 정하고 있는 약관의 내용 중 다음 각 호의 어느 하나에 해당하는 내용을 정하고 있는 조항은 무효로 한다.\n1. 상당한 이유 없이 급부의 내용을 사업자가 일방적으로 결정하거나 변경할 수 있도록 권한을 부여하는 조항"
    ],
    "unfavorableProvision": "2"
}