{
    "clauseField": "28",
    "ftcCnclsns": "1",
    "clauseArticle": [
        "제5조 해지의 효력 및 해지 손해보상\n제3항 갑이 렌탈물건의 회수를 위하여 요청이나 통지없이 장비 설치장소에 들어가는 것과 장비의 제거 또는 분리로 인해 발생하는 손해에 대해 책임을 지지 아니한다."
    ],
    "dvAntageous": "2",
    "illdcssBasiss": [
        "해당 약관조항은 피심인의 귀책사유를 불문하고 위 행위로 인하여 발생한 손해에 대해 책임을 지지 아니한다고 규정하고 있다. 이는 사업자의 고의 또는 중대한 과실로 인한 법률상의 책임을 배제하는 조항 또는 고객에 대하여 부당하게 불리한 조항이다."
    ],
    "relateLaword": [
        "제7조(면책조항의 금지) \n계약 당사자의 책임에 관하여 정하고 있는 약관의 내용 중 다음 각 호의 어느 하나에 해당하는 내용을 정하고 있는 조항은 무효로 한다.\n1. 사업자, 이행 보조자 또는 피고용자의 고의 또는 중대한 과실로 인한 법률상의 책임을 배제하는 조항",
        "제6조(일반원칙) \n② 약관의 내용 중 다음 각 호의 어느 하나에 해당하는 내용을 정하고 있는 조항은 공정성을 잃은 것으로 추정된다.\n1. 고객에게 부당하게 불리한 조항"
    ],
    "unfavorableProvision": "2"
}