{
    "clauseField": "43",
    "ftcCnclsns": "1",
    "clauseArticle": [
        "제5조(부보) \n제1항 을은 이 계약이 존속하는 한 매매목적물에 대한 화재보험료를 부담하며 금액 및 납부조건은 갑의 보험처리기준에 따른다."
    ],
    "dvAntageous": "2",
    "illdcssBasiss": [
        "매수인이 매매목적물의 소유권자가 되거나 점유사용하는 경우에는 화재보험료를 매수인이 부담하더라도 부당하다고 볼 수 없으나 피보험이익이 없는 매수인에게 매매계약체결사실만으로 매매목적물의 인도전후를 불문하고 사업자의 보험처리기준에 따라 매매목적물에 대한 화재보험료를 부담토록 규정한 위 조항은 고객에 대하여 부당하게 불리한 조항이다."
    ],
    "relateLaword": [
        "제6조(일반원칙)\n  ② 약관의 내용 중 다음 각 호의 어느 하나에 해당하는 내용을 정하고 있는 조항은 공정성을 잃은 것으로 추정된다.\n  1. 고객에게 부당하게 불리한 조항"
    ],
    "unfavorableProvision": "1"
}