{
    "clauseField": "33",
    "ftcCnclsns": "1",
    "clauseArticle": [
        "제15조 (계약의 해지 및 해약환급금)\n⑧ 월부금을 3개월 이상 연체하였을 경우 당사에서는 행사는 할 수 있으나 환불은 불가합니다."
    ],
    "dvAntageous": "2",
    "illdcssBasiss": [
        "사업자는 회원이 일정기간 연체하였을 경우에도 해지에 따라 기불입금에서 적정위약금을 공제한 후 잔액이 있으면 반환함이 타당함에도 이를 환불치 않는다는 규정은 고객에게 부당하게 불리한 것이다."
    ],
    "relateLaword": [
        "제6조(일반원칙)\n② 약관의 내용 중 다음 각 호의 어느 하나에 해당하는 내용을 정하고 있는 조항은 공정성을 잃은 것으로 추정된다.\n1. 고객에게 부당하게 불리한 조항"
    ],
    "unfavorableProvision": "1"
}