{
    "clauseField": "39",
    "ftcCnclsns": "1",
    "clauseArticle": [
        "제22조(관할법원)\n본 약관과 관련한 소송은 운영사 관할 법원에 제기 할 수 있습니다."
    ],
    "dvAntageous": "2",
    "illdcssBasiss": [
        "피청구인이 다수 고객과의 거래에 이용하기 위한 약관에 운영사 관할 법원에 소송을 제기할 수 있도록 한 것은 관할지역 외에 소재하는 고객을 피고로 하는 경우 그들에게 응소상의 큰 불편을 초래할 우려가 있어 이는 고객에게 부당하게 불리한 재판관할의 합의조항이다. \n"
    ],
    "relateLaword": [
        "제14조(소송 제기의 금지 등) \n소송 제기 등과 관련된 약관의 내용 중 다음 각 호의 어느 하나에 해당하는 조항은 무효로 한다.\n1. 고객에게 부당하게 불리한 소송 제기 금지 조항 또는 재판관할의 합의 조항"
    ],
    "unfavorableProvision": "2"
}