{
    "clauseField": "1",
    "ftcCnclsns": "1",
    "clauseArticle": [
        "대금결제약정서 제8조(합의관할)\n갑 과 을 사이에 본 계약과 관련하여 분쟁이 발생하는 경우 서울지방법원 남부지원을 관할법원으로 한다. "
    ],
    "dvAntageous": "2",
    "illdcssBasiss": [
        "재판관할의 합의를 개별약정이 아닌 약관의 형태로 규정하면서 민사소송법상의 관할법원 규정보다 고객에게 불리하게 정하는 것은 경제적 약자인 고객에게 제소 및 응소상의 불이익을 초래할 우려가 있으므로, 이는 고객에 대하여 부당하게 불리한 재판관할의 합의조항이다."
    ],
    "relateLaword": [
        "제14조(소송 제기의 금지 등) \n소송 제기 등과 관련된 약관의 내용 중 다음 각 호의 어느 하나에 해당하는 조항은 무효로 한다.\n1. 고객에게 부당하게 불리한 소송 제기 금지 조항 또는 재판관할의 합의 조항"
    ],
    "unfavorableProvision": "2"
}