{
    "clauseField": "26",
    "ftcCnclsns": "1",
    "clauseArticle": [
        "여행취소료\nㅁ 비수기\n여행 출발일 30일 전까지 취소 요청 시: 여행경비의 5퍼센트 더하기 회원가입비\n여행 출발일 10일 전까지 취소 요청 시: 여행경비의 10퍼센트 더하기 회원가입비\n여행 출발일  1일 전까지 취소 요청 시: 여행경비의 20퍼센트 더하기 회원가입비\n  여행 출발당일 취소 요청 시: 여행경비의 50퍼센트 더하기 회원가입비",
        "ㅁ 성수기( 7월 20일 부터 8월 20일, 추석기간, 구정기간, 12월 18일 부터 1월 31일)\n여행 출발일 30일 전까지 취소 요청시: 여행경비의 5퍼센트 더하기 회원가입비\n여행 출발일 15일 전까지 취소 요청시: 여행경비의 10퍼센트 더하기 회원가입비\n여행 출발일  1일 전까지 취소 요청시: 여행경비의 25퍼센트 더하기 회원가입비\n여행 출발당일 취소 요청시: 여행경비의 50퍼센트 더하기 회원가입비"
    ],
    "dvAntageous": "2",
    "illdcssBasiss": [
        "취소시기에 따른 취소수수료가 과중할뿐만 아니라 취소시기도 상대적으로 고객에게 불리하게 되어 있는 바, 이는 고객에 대하여 부당하게 과중한 위약금 등의 손해배상의무를 부담시키는 약관조항이다.",
        "피심인은 세계 여러나라에서 여행시설을 직접 운영하는 다국적 기업으로서 리조트 이용자에게 통일된 서비스를 제공하고 있으며, 이에 따라 클럽메드의 각 국 지사에서도 거의 동일한 약관을 사용하고 있다고 하나 피심인이 제출한 자료 등을 종합해보면, 각 대륙별 또는 각 나라별로 여행문화 등의 사정에 따라 일정 부분 약관을 달리하여 정하고 있는 바 피심인의 주장은 이유 없다할 것이다.",
        "피심인은 전문적으로 여행자의 모집 및 여행 프로그램을 운영하는 사업자로서 현행 약관규정보다 완화된 조건이라 하더라도 손해를 방지할 수 있는 충분한 운영능력이 있다고 보여지므로 피해보상 규정과 달리 규정한 피심인의 위 조항은 고객에게 부당하게 불리한 위약금을 예정한 규정이다."
    ],
    "relateLaword": [
        "제8조(손해배상액의 예정) \n고객에게 부당하게 과중한 지연 손해금 등의 손해배상 의무를 부담시키는 약관 조항은 무효로 한다."
    ],
    "unfavorableProvision": "2"
}