{
    "clauseField": "36",
    "ftcCnclsns": "1",
    "clauseArticle": [
        "(000의 예식계약서 이용약관)\n사용자와 영업자는 아래 사항으로 본 계약을 체결합니다.\n제3항. 계약금 환불은 되지 않으며, 계약서상의 내용에 대해 불이행 시 해당 모든 항목에 대한 금액은 전액 지불하여야 합니다.",
        "④ 계약금 환불은 되지 않으며, 계약서상의 내용에 대해 불이행 시 해당 모든 항목에 대한 금액은 전액 지불하여야 합니다."
    ],
    "dvAntageous": "2",
    "illdcssBasiss": [
        "고객이 예식일로부터 2개월 이전에 계약을 취소할 경우에는 상대적으로 대체고객을 확보할 여지가 크다고 할 수 있으며, 사업자들이 2개월 이전 이용자의 계약 해제에 대한 위험을 부담하는 것은 수인 가능한 범위 내에 있다고 할 수 있어 사업자가 고객에게 계약금을 환급하는 것은 타당하다 할 것이다.",
        "예식업 분야의 소비자분쟁해결기준 및 예식장이용 표준약관에서도 고객의 귀책사유로 인해 예식일로부터 2개월전 이전에 계약을 해제한 경우에 사업자는 이미 지급받은 계약금을 환급하고, 예식일로부터 2개월전 이후에 계약을 해제한 경우에는 계약금을 위약금으로 하여 이를 환급하지 않는 것으로 규정하고 있다."
    ],
    "relateLaword": [
        "제8조(손해배상액의 예정) \n고객에게 부당하게 과중한 지연 손해금 등의 손해배상 의무를 부담시키는 약관 조항은 무효로 한다."
    ],
    "unfavorableProvision": "2"
}