{
    "clauseField": "28",
    "ftcCnclsns": "1",
    "clauseArticle": [
        "제5조 해지의 효력 및 해지 손해보상\n제5항 을은 제3조 2항 및 제4조의 해지에 의하여 발생하는 잔여 렌탈료 및 갑의 손해에 대하여 전액 변상하여야 한다. 이의 경우 잔여 렌탈료는 제8조에 의한 총 렌탈료와 연체료 및 기타 을이 부담해야할 비용의 합계금액으로 하며, 이때 회수된 장비는 을이 갑에게 만기 반환하여야할 장비로서 갑의 결정에 의한 처분금액 또는 시장가치금액등 어떠한 사유에서라도 가치환가에 대한 금원은 을이 부담해야할 금액에 포함하지 않는다."
    ],
    "dvAntageous": "2",
    "illdcssBasiss": [
        "잔여 리스료를 지급하고 피심인의 손해까지 배상하도록 하는 것은 과다하다. ",
        "계약해지시 잔여 렌탈료 외에 피심인의 손해를 별도로 배상하도록 하고 있을 뿐만 아니라 피심인의 청산의무도 배제하고 있다. 따라서 이는 고객에 대하여 부당하게 과중한 지연손해금등의 손해배상의무를 부담시키는 약관에 해당한다."
    ],
    "relateLaword": [
        "제8조(손해배상액의 예정) \n고객에게 부당하게 과중한 지연 손해금 등의 손해배상 의무를 부담시키는 약관 조항은 무효로 한다."
    ],
    "unfavorableProvision": "2"
}