{
    "clauseField": "8",
    "ftcCnclsns": "1",
    "clauseArticle": [
        "제9조(기한이익의 상실)\n①다음 각호의 사유가 발생한 경우 채무자는 즉시 회사에 대한 모든 채무에 관하여 기한의 이익을 상실하여 곧 이를 이행하기로 한다.\n제8항 신청서 기타 계약관련 서류상의 기재사항을 허위로 기재하거나 기타 허위서류를 제출 한 것이 인정될때"
    ],
    "dvAntageous": "2",
    "illdcssBasiss": [
        "경미한 사항이나 고객의 과실 또는 착오로 인하여 기재된 사항이 사실과 다르거나 서류가 잘못 제출된 경우로서 사업자가 여신을 유지하는데 영향을 미치지 아니하여 이행기에 채권의 변제를 받는데 지장이 없는 경우에도 개선이나 시정을 위한 기회조차 제공함이 없어 기한의 이익을 상실시키고 있어 부당하다."
    ],
    "relateLaword": [
        "제6조(일반원칙)\n② 약관의 내용 중 다음 각 호의 어느 하나에 해당하는 내용을 정하고 있는 조항은 공정성을 잃은 것으로 추정된다.\n1. 고객에게 부당하게 불리한 조항"
    ],
    "unfavorableProvision": "1"
}