{
    "clauseField": "38",
    "ftcCnclsns": "1",
    "clauseArticle": [
        "제5조 차량의 인도지연 및 하자\n제2항 차량의 인도지연 또는 하자 등으로 인하여 갑에게 손해가 발생했을 경우, 갑은 자신의 책임과 비용부담으로 차량의 매도자 등에게 손해배상을 청구하거나 기타 필요한 조치를 이행하여야 한다.",
        "제3항 갑이 차량의 인도지연, 하자 등 사용 또는 점유를 중단하는 어떠한 사유가 있는 경우라도 을이 제17조 또는 제18조에 따라 본 계약서를 해지하지 않는 한, 갑은 이를 이유로 리스료 지급채무 및 기타 본 계약상의 채무의 이행을 거절할 수 없다."
    ],
    "dvAntageous": "2",
    "illdcssBasiss": [
        "해당 약관조항에 따르면 리스회사의 귀책으로 인해 리스이용자가 손해를 입은 경우에는 고객이 리스회사에게 그 책임을 물어야 할 것인데도, 이러한 경우까지 매도인에게 손해배상청구를 하도록 되어 있으므로, 이는 상당한 이유없이 리스회사의 고의 또는 중대한 과실로 인한 법률상의 책임을 배제하는 조항이다."
    ],
    "relateLaword": [
        "제7조(면책조항의 금지) \n계약 당사자의 책임에 관하여 정하고 있는 약관의 내용 중 다음 각 호의 어느 하나에 해당하는 내용을 정하고 있는 조항은 무효로 한다.\n  1. 사업자, 이행 보조자 또는 피고용자의 고의 또는 중대한 과실로 인한 법률상의 책임을 배제하는 조항"
    ],
    "unfavorableProvision": "2"
}