{
    "clauseField": "6",
    "ftcCnclsns": "1",
    "clauseArticle": [
        "제34조(보증금의 반환)\n제1항 제29조(갑의 계약해제) 또는 제30조(을의 계약해제)의 규정에 의해 이 계약이 해제되거나 제31조(계약의 종료)규정에 의해 계약이 종료된 경우 갑은 을의 반환금 수취인에게 7일 이내로 보증금을 반환한다.\n제2항 반환금은 을의 거실을 비워주는 날로부터 7일 이내에 반환한다."
    ],
    "dvAntageous": "2",
    "illdcssBasiss": [
        "동시이행항변권을 배제함으로써 공평의 원칙에 반하고, 노후를 안정적으로 지내고자 하는 고객으로 하여금 보증금반환에 대한 불안을 증가시키는 것으로 해당 약관조항은 법률의 규정에 의한 고객의 항변권의 권리를 상당한 이유없이 배제 또는 제한하는 조항이다."
    ],
    "relateLaword": [
        "제11조(고객의 권익 보호) \n고객의 권익에 관하여 정하고 있는 약관의 내용 중 다음 각 호의 어느 하나에 해당하는 내용을 정하고 있는 조항은 무효로 한다.\n1. 법률에 따른 고객의 항변권, 상계권 등의 권리를 상당한 이유 없이 배제하거나 제한하는 조항"
    ],
    "unfavorableProvision": "2"
}