{
    "clauseField": "41",
    "ftcCnclsns": "1",
    "clauseArticle": [
        "제43조(구입보조금 반환의무 및 면제)                             \n제5항 구입보조금 반환의무를 면제받은 고객은 재가입시 동일사유로 구입보조금 반환 의무를 면제받을 수 없습니다.   "
    ],
    "dvAntageous": "2",
    "illdcssBasiss": [
        "고객의 귀책사유 없이 예컨대, 통화품질 불량의 사유로 계약을 해지하여 구입보조금 반환의무의 전부 혹은 일부라도 면제받은 고객이 통신설비,단말기 개선으로 통화품질이 양호해 졌을 것으로 기대하고 다시 이용계약을  체결할 때에는 면제받을 수 있음에도 이를 금지하는 것은 관련 고객에게 부당하게 불리한 조항이다."
    ],
    "relateLaword": [
        "제6조(일반원칙) \n  ② 약관의 내용 중 다음 각 호의 어느 하나에 해당하는 내용을 정하고 있는 조항은 공정성을 잃은 것으로 추정된다.\n  1. 고객에게 부당하게 불리한 조항"
    ],
    "unfavorableProvision": "1"
}