{
    "clauseField": "34",
    "ftcCnclsns": "1",
    "clauseArticle": [
        "제7조 (책임소재)\n제3항 고객과 발행사간 약관에 관련된 소송이 발생할 경우 서울중앙지방법원의 판결에 따릅니다."
    ],
    "dvAntageous": "2",
    "illdcssBasiss": [
        "재판관할 합의는 당사자 사이에 개별적이고 명백한 특약이 있는 경우에만 그 유효성이 인정되는 것이고, 사업자가 다수의 고객과의 계약을 체결하기 위해 마련한 약관상에 법원을 특정 하는 것은 관할지역 외에 소재하는 고객에게 응소상의 큰 불편을 초래할 우려가 있어 불공정하다."
    ],
    "relateLaword": [
        "제14조(소송 제기의 금지 등) \n소송 제기 등과 관련된 약관의 내용 중 다음 각 호의 어느 하나에 해당하는 조항은 무효로 한다.\n1. 고객에게 부당하게 불리한 소송 제기 금지 조항 또는 재판관할의 합의 조항"
    ],
    "unfavorableProvision": "2"
}