{
    "clauseField": "42",
    "ftcCnclsns": "1",
    "clauseArticle": [
        "제24조 (이용자의 청약철회와 계약해제,해지)\n제2항 이용자는 다음 각 호의 사유가 있을 때에는 당해 콘텐츠를 공급받은 날로부터 3월 이내 또는 그 사실을 안 날 또는 알 수 있었던 날부터 30일 이내에 콘텐츠이용계약을 해제,해지할 수 있습니다.",
        "제1호 이용계약에서 약정한 콘텐츠가 제공되지 않는 경우\n제2호 제공되는 콘텐츠가 표시‧광고 등과 상이하거나 현저한 차이가 있는 경우\n제3호 기타 콘텐츠의 결함으로 정상적인 이용이 현저히 불가능한 경우"
    ],
    "dvAntageous": "2",
    "illdcssBasiss": [
        "법률이 고객에게 부여하고 있는 해제권,해지권을 배제하거나 그 행사요건 및 행사방법을 제한하는 조항이다.",
        "고객에게 부당하게 과중한 위약금 등 손해배상 의무를 부담시키는 약관조항이다."
    ],
    "relateLaword": [
        "제9조(계약의 해제,해지) \n계약의 해제,해지에 관하여 정하고 있는 약관의 내용 중 다음 각 호의 어느 하나에 해당되는 내용을 정하고 있는 조항은 무효로 한다.\n  1. 법률에 따른 고객의 해제권 또는 해지권을 배제하거나 그 행사를 제한하는 조항",
        "제8조(손해배상액의 예정) \n고객에게 부당하게 과중한 지연 손해금 등의 손해배상 의무를 부담시키는 약관 조항은 무효로 한다."
    ],
    "unfavorableProvision": "2"
}