{
    "clauseField": "1",
    "ftcCnclsns": "1",
    "clauseArticle": [
        "제8조(상품대금 결제)\n을 이 갑 으로부터 공급받은 상품대금의 결제방법은 선현금을 원칙으로 하며, 기타 사항은 별도약정서에 의한다."
    ],
    "dvAntageous": "2",
    "illdcssBasiss": [
        "민법 제568조는 “매도인은 매수인에 대하여 매매의 목적이 된 권리를 이전하여야 하며 매수인은 매도인에게 그 대금을 지급하여야 한다. 쌍방의무는 특별한 약정이나 관습이 없으면 동시에 이행하여야 한다”라고 규정하고 있어 목적물을 받을 때까지는 대금도 지급하지 않는 것이 원칙이다."
    ],
    "relateLaword": [
        "제6조(일반원칙)\n② 약관의 내용 중 다음 각 호의 어느 하나에 해당하는 내용을 정하고 있는 조항은 공정성을 잃은 것으로 추정된다.\n1. 고객에게 부당하게 불리한 조항"
    ],
    "unfavorableProvision": "1"
}