{
    "clauseField": "36",
    "ftcCnclsns": "1",
    "clauseArticle": [
        "제8조 (계약의 해제 및 연기)\n제2항 이용자측이 계약 후 정당한 사유 없이 계약을 이행하지 않았을 시, \nㅇ 계약체결후 7일 이내 해약시에는 계약금 전액을 환불\nㅇ 계약체결후 7일부터 15일 사이에 해약시에는 계약금의 50퍼센트를 환불\nㅇ 계약체결후 15일 이후부터 해약시이용자측은 계약금을 포기 \nㅇ 이용자가 예식일기준 3개월(90일)이내 계약해지시, 공정거래약관에 따른 위약금을 지불한다",
        "ㅇ 공정거래약관에 따른 위약금\n, 예식일 기준 89~60일 전 취소시 총비용의 10퍼센트 위약금 발생\n, 예식일 기준 59~30일 전 취소시 총비용의 20퍼센트 위약금 발생\n, 예식일 기준 29일 내 취소시 총비용의 35퍼센트 위약금 발생\n, 예식당일에는 90퍼센트의 위약금을 본 계약의 예식일까지 사업자에게 지급합니다\nㅇ 예식일 기준 3개월 이내 계약 시 계약금 환불은 불가하며 계약일로부터 1주일 이후 해약 시, 공정거래 약관에 따른 위약금을 지불한다."
    ],
    "dvAntageous": "2",
    "illdcssBasiss": [
        "당일 취소의 경우에는 위약금으로 총 행사비용의 90퍼센트를 별도로 부과하며, 예식일 기준 3개월 이내 계약한 고객에 대해서는 계약해제 사유나 예식 잔여기간 등을 불문하고 계약해제시 무조건 계약금을 반환하지 않으면서 위약금을 중복 부과하는 위 약관 조항은 고객에게 부당하게 과중한 손해배상의무를 부담시키는 조항이다."
    ],
    "relateLaword": [
        "제8조(손해배상액의 예정) \n고객에게 부당하게 과중한 지연 손해금 등의 손해배상 의무를 부담시키는 약관 조항은 무효로 한다."
    ],
    "unfavorableProvision": "2"
}