{
    "clauseField": "33",
    "ftcCnclsns": "1",
    "clauseArticle": [
        "제18조 (분쟁해결 및 관할법원)\n③ 계약과 이행에 관하여 회사와 회원간에 분쟁이 발생할 시에는 먼저 일반 상관례에 따르고 소송시에는 상조서비스 본사 소재지 관할법원으로 한다."
    ],
    "dvAntageous": "2",
    "illdcssBasiss": [
        "분쟁이 발생할 경우 당사자간의 특약으로 관할 소재지를 정할 수 있을 것이나, 약관에 사업자가 자신의 소재지 관할법원으로 규정하는 것은 고객에게 응소상 불이익을 초래할 우려가 있는 것으로 이는 고객에게 부당하게 불리한 재판관할 합의조항이다."
    ],
    "relateLaword": [
        "제6조(일반원칙) \n ② 약관의 내용 중 다음 각 호의 어느 하나에 해당하는 내용을 정하고 있는 조항은 공정성을 잃은 것으로 추정된다.\n  1. 고객에게 부당하게 불리한 조항",
        "제14조(소송 제기의 금지 등) 소송 제기 등과 관련된 약관의 내용 중 다음 각 호의 어느 하나에 해당하는 조항은 무효로 한다.",
        "제19조(약관의 심사청구) ① 다음 각 호의 자는 약관 조항이 이 법에 위반되는지 여부에 관한 심사를 공정거래위원회에 청구할 수 있다.\n  1. 약관의 조항과 관련하여 법률상의 이익이 있는 자\n  2. 소비자기본법 제29조에 따라 등록된 소비자단체\n  3. 소비자기본법 제33조에 따라 설립된 한국소비자원\n  4. 사업자단체\n  ② 제1항에 따른 약관의 심사청구는 공정거래위원회에 서면이나 전자문서로 제출하여야 한다.",
        "제10조(채무의 이행) 채무의 이행에 관하여 정하고 있는 약관의 내용 중 다음 각 호의 어느 하나에 해당하는 내용을 정하고 있는 조항은 무효로 한다."
    ],
    "unfavorableProvision": "2"
}