{
    "clauseField": "25",
    "ftcCnclsns": "1",
    "clauseArticle": [
        "제1조(손해배상)\n서비스 유료화 이후는 회사의 귀책사유로 인해 전체 서비스 장애시간이 24시간 이상 되었을 경우 사용자는 해당 기간의 이용요금에 대하여 환불을 요구할 수 있다."
    ],
    "dvAntageous": "2",
    "illdcssBasiss": [
        "상당한 이유없이 사업자의 손해배상범위를 제한하거나 사업자가 부담하여야 할 위험을 고객에게 이전시키는 조항이다."
    ],
    "relateLaword": [
        "제6조(일반원칙) \n  ② 약관의 내용 중 다음 각 호의 어느 하나에 해당하는 내용을 정하고 있는 조항은 공정성을 잃은 것으로 추정된다.\n  1. 고객에게 부당하게 불리한 조항",
        "제7조(면책조항의 금지) \n계약 당사자의 책임에 관하여 정하고 있는 약관의 내용 중 다음 각 호의 어느 하나에 해당하는 내용을 정하고 있는 조항은 무효로 한다.\n  2. 상당한 이유 없이 사업자의 손해배상 범위를 제한하거나 사업자가 부담하여야 할 위험을 고객에게 떠넘기는 조항"
    ],
    "unfavorableProvision": "1"
}