{
    "clauseField": "42",
    "ftcCnclsns": "1",
    "clauseArticle": [
        "제31조 (이용자의 이용금액 산정)\n제1항  약관에서 이용자의 이용금액을 공제하는 경우, 이용자의 이용금액을 아래와 같이 합산하여 산정합니다.\n제2호 이용대금 : 아래 학습시간과 학습회차 중 큰 금액으로 합니다.\n제1목 학습시간을 기준으로, 이용대금을 산정할 경우 (1일 이용대금×기 이용일수)\nㅇ1일 이용대금 = (총 계약금액 – 교재비용) ÷ 총 서비스 이용일수\n총 서비스 이용일수는 이벤트 혜택 등으로 인하여 추가 연장된 이용기간을 제외한 순수 "
    ],
    "dvAntageous": "2",
    "illdcssBasiss": [
        "사업자가 입은 손해에 해당하는 금액을 초과하여 원상회복의무를 감경하는 조항은 고객에게 부당하게 과중한 손해배상 의무를 부담시키는 약관 조항이다.\n",
        "계약의 해지로 인한 사업자의 원상회복의무를 부당하게 경감하는 조항이다."
    ],
    "relateLaword": [
        "제8조(손해배상액의 예정) \n고객에게 부당하게 과중한 지연 손해금 등의 손해배상 의무를 부담시키는 약관 조항은 무효로 한다.",
        "제9조(계약의 해제,해지) \n계약의 해제,해지에 관하여 정하고 있는 약관의 내용 중 다음 각 호의 어느 하나에 해당되는 내용을 정하고 있는 조항은 무효로 한다.\n  5. 계약의 해제 또는 해지로 인한 사업자의 원상회복의무나 손해배상의무를 부당하게 경감하는 조항"
    ],
    "unfavorableProvision": "2"
}