{
    "clauseField": "38",
    "ftcCnclsns": "1",
    "clauseArticle": [
        "제5조(리스기간)\n제2항 금융회사는 고객이 자동차인수증을 발급한 경우 이로써 자동차를 인수한 것으로 봅니다."
    ],
    "dvAntageous": "2",
    "illdcssBasiss": [
        "해당 약관조항은 상법에서 특별히  추정적 효력 을 부여하여 반증에 의한 번복이 가능하도록 규정한 법률관계를  간주 로 대치함으로써 상당한 이유 없이 리스기간 개시시점을 둘러싼 고객의 항변권 등을 제한하고 있다."
    ],
    "relateLaword": [
        "제11조(고객의 권익 보호) \n고객의 권익에 관하여 정하고 있는 약관의 내용 중 다음 각 호의 어느 하나에 해당하는 내용을 정하고 있는 조항은 무효로 한다.\n1. 법률에 따른 고객의 항변권, 상계권 등의 권리를 상당한 이유 없이 배제하거나 제한하는 조항"
    ],
    "unfavorableProvision": "2"
}