{
    "clauseField": "29",
    "ftcCnclsns": "1",
    "clauseArticle": [
        "(홈페이지 00000 안내)\n카드를 해지한 경우의 소멸기준\n해지일로부터 12개월 경과 후에는 유효기간에 관계없이 카드 이용실적 따라 적립된 모든 00000가 자동 소멸됩니다. 해지 후 12개월 내에 재가입하시는 경우에 미경과 포인트에 대해서는 정상관리됩니다."
    ],
    "dvAntageous": "2",
    "illdcssBasiss": [
        "고객의 해지 카드의 잔여포인트를 즉시 소멸시키거나 그 유효기간을 해지 전 포인트에 비하여 단기로 정하고 있는바 이는 고객에게 부당하게 불리한 조항이다."
    ],
    "relateLaword": [
        "제6조(일반원칙) \n② 약관의 내용 중 다음 각 호의 어느 하나에 해당하는 내용을 정하고 있는 조항은 공정성을 잃은 것으로 추정된다.\n1. 고객에게 부당하게 불리한 조항"
    ],
    "unfavorableProvision": "1"
}