{
    "clauseField": "38",
    "ftcCnclsns": "1",
    "clauseArticle": [
        "제13조(차량의 등록 및 소유권)\n제4항 갑은 차량의 등록을 갑의 명의로 할지라도 취득세는 을의 명의로 납부하여야 하며, 만약 을의 명의로 납부하지 않아 고지되는 취득세 및 가산금은 갑이 부담하여야 한다.\n  갑   고객, 을   금융회사"
    ],
    "dvAntageous": "2",
    "illdcssBasiss": [
        "해당조항은 리스회사에 부과된 취득세 및 등록세 등 제비용의 납세부담을 곧바로 리스이용자에게 전가시키고 있어 지방세법 규정에 명시적으로 반할 뿐만 아니라 리스이용자로서는 원칙적으로 취득세 및 등록세 등 제비용의 납세의무가 자신의 의무인 것으로 오인할 가능성이 크다.   ",
        "해당조항은 법률상 부과된 납세의무를 리스이용자에게  곧바로 전가시키는 조항에 해당하여 리스이용자에게 부당하게 불리하다."
    ],
    "relateLaword": [
        "제6조(일반원칙)\n② 약관의 내용 중 다음 각 호의 어느 하나에 해당하는 내용을 정하고 있는 조항은 공정성을 잃은 것으로 추정된다.\n1. 고객에게 부당하게 불리한 조항"
    ],
    "unfavorableProvision": "1"
}