{
    "clauseField": "1",
    "ftcCnclsns": "1",
    "clauseArticle": [
        "가맹점계약서 제23조(계약기간과 계약의 갱신)\n본 계약의 계약기간은 1999. . . 으로부터 본 계약 종료일까지로 한다. 단, 계약기간 중  갑 은 매년 12월 말에  을 의 본 계약서와  가맹점관리규정 준수 등을 검토, 심사하여 본 계약의 해지 여부를 결정하기로 한다.\n"
    ],
    "dvAntageous": "2",
    "illdcssBasiss": [
        "계약시 계약기간을 정하지 않고 “매년 12월 말에 가맹점의 본 계약서와 가맹점관리규정 준수 등을 검토ㆍ심사하여 본 계약의 해지 여부를 결정하기로 한다”라고 규정하여 사실상 피심인이 매년 12월 말에 계약해지여부를 일방적으로 결정할 수 있도록 규정하고 있다.",
        "가맹점으로서는 계약기간의 약정이 없거나 가맹사업자가 자의적으로 존속 여부를 결정하는 경우 언제 해지를 당할지 모르는 불안한 상태에 놓이게 된다."
    ],
    "relateLaword": [
        "제9조(계약의 해제ㆍ해지) \n계약의 해제ㆍ해지에 관하여 정하고 있는 약관의 내용 중 다음 각 호의 어느 하나에 해당되는 내용을 정하고 있는 조항은 무효로 한다.\n2. 사업자에게 법률에서 규정하고 있지 아니하는 해제권 또는 해지권을 부여하여 고객에게 부당하게 불이익을 줄 우려가 있는 조항"
    ],
    "unfavorableProvision": "2"
}