{
    "clauseField": "29",
    "ftcCnclsns": "1",
    "clauseArticle": [
        "제8조 (00000의 환불)\n제2항 상품권을 제외한 다른 결제수단으로 충전한 00000의 환불은 충전금액을 사용하지 않은 상태가 10일 이하인 경우에 환불신청을 한 경우만 가능합니다.(단, 회원은 환불신청금액의 일십퍼센트(10퍼센트) 또는 일천원(1,000원) 중 큰 금액을 위약금으로 회사에 지불해야 합니다.)"
    ],
    "dvAntageous": "2",
    "illdcssBasiss": [
        "법률에 의하여 보장되는 소비자의 청약철회권을 제한하거나, 법에서 금지하고 있는 위약금을 규정하고 있어 부당하다. 법률에 따른 고객의 권리를 상당한 이유 없이 배제하거나 제한하는 조항이다."
    ],
    "relateLaword": [
        "제11조(고객의 권익 보호) \n고객의 권익에 관하여 정하고 있는 약관의 내용 중 다음 각 호의 어느 하나에 해당하는 내용을 정하고 있는 조항은 무효로 한다.\n1. 법률에 따른 고객의 항변권, 상계권 등의 권리를 상당한 이유 없이 배제하거나 제한하는 조항"
    ],
    "unfavorableProvision": "2"
}