{
    "clauseField": "6",
    "ftcCnclsns": "1",
    "clauseArticle": [
        "제9조(입소비용)\n제3항 입소비용은 반환하지 않는 소모성 경비로써, 시설유지와 입주자 관리를 위해 사용한다."
    ],
    "dvAntageous": "2",
    "illdcssBasiss": [
        "이용기간에 상관없이 법인에 귀속되게 하는 것은 법인이 부당이득을 취하는 것으로 고객에 대하여 부당하게 불리한 조항이다."
    ],
    "relateLaword": [
        "제6조(일반원칙)\n② 약관의 내용 중 다음 각 호의 어느 하나에 해당하는 내용을 정하고 있는 조항은 공정성을 잃은 것으로 추정된다.\n1. 고객에게 부당하게 불리한 조항"
    ],
    "unfavorableProvision": "1"
}