{
    "clauseField": "1",
    "ftcCnclsns": "1",
    "clauseArticle": [
        "가맹점계약서 제29조(계약서의 보충)\n본 계약서에 규정되지 아니한 가맹점의 운영, 관리와 관련한 사항에 대하여는 별도의 약정서와  갑 의 가맹점 관리규정에 따른다. 이에 대하여  을 이 동의하거나 이의없이 거래관계 유지시는 본 계약서의 일부로서의 효력을 갖는 것으로 간주한다."
    ],
    "dvAntageous": "2",
    "illdcssBasiss": [
        "가맹사업자가 일방적으로 작성하고 변경하는 가맹점관리규정을 계약의 내용으로 주장하기 위해서는 가맹점관리규정을 계약체결시 제시하는 등 가맹점이 그 내용을 알 수 있도록 명시ㆍ설명의무를 다하여야 할 것이다."
    ],
    "relateLaword": [
        "제6조(일반원칙) \n② 약관의 내용 중 다음 각 호의 어느 하나에 해당하는 내용을 정하고 있는 조항은 공정성을 잃은 것으로 추정된다.\n1. 고객에게 부당하게 불리한 조항"
    ],
    "unfavorableProvision": "1"
}