{
    "clauseField": "2",
    "ftcCnclsns": "1",
    "clauseArticle": [
        "제10조(공유물 및 부대시설 공동사용)                                     \n제1항  동일 아파트단지내에 갑이 추가로 아파트를 건설, 분양하게 될 경우  을은 새로운 아파트에  대하여 보일러실, 전기배전실 등을  공동으로  이용하는데 조건없이 동의하여야 한다."
    ],
    "dvAntageous": "2",
    "illdcssBasiss": [
        "아파트 입주자는 동인들 소유의 전유부분 면적비율에 따른 지분의 형태로 위 시설 전체를 소유하고 있고 위 부속시설에 대한 관리를 입주자들이 입주자대표 회의를 통해 하도록 되어 있음에도 불구하고 사업자가 임의로 위 부속시설을 사용할 수 있도록 규정하고 있는 현행 약관조항은 법률의 규정에 의한 고객의 권리를 상당한 이유없이 배제한 것이다."
    ],
    "relateLaword": [
        "제11조(고객의 권익 보호)\n고객의 권익에 관하여 정하고 있는 약관의 내용 중 다음 각 호의 어느 하나에 해당하는 내용을 정하고 있는 조항은 무효로 한다.\n1. 법률에 따른 고객의 항변권, 상계권 등의 권리를 상당한 이유 없이 배제하거나 제한하는 조항"
    ],
    "unfavorableProvision": "2"
}