{
    "clauseField": "5",
    "ftcCnclsns": "1",
    "clauseArticle": [
        "제11조 해약방법\n을은 본 계약서를 해약요청 할 시에는 계약만료 1개월 전에 서면 통보하여야 하며 해약시에는 '을'의 보유상품을 전량반품하고 정산후 30일 이내 현금 또는 여신으로 지급하며, 계약만료전 해약시는 보증금에서 30% 공제한 금액을 계약기간 만료 후 30일 후 전액을 지급한다."
    ],
    "dvAntageous": "2",
    "illdcssBasiss": [
        "위약금으로 보증금의 30퍼센트에 해당하는 금액을 약정하고 있는 위 약관조항은 고객에 대하여 부당하게 과중한 지연손해금 등의 손해배상의무를 부담시키는 조항으로 약관법 제8조에 해당한다.",
        "계약이 해제,해지되는 경우 고객의 귀책사유가 있는 경우에도 손해배상금 등을 공제한 잔액을 계약이 종료되는 시점에 반환하여야 함에도 불구하고 동 약관조항은 계약 기간 만료후 30일 이내에 지급한다고 규정하고 있는 바 이는 법률의 규정에 의한 고객의 동시이행항변권을 상당한 이유없이 배제 또는 제한하는 조항이다."
    ],
    "relateLaword": [
        "제11조(고객의 권익 보호) 고객의 권익에 관하여 정하고 있는 약관의 내용 중 다음 각 호의 어느 하나에 해당하는 내용을 정하고 있는 조항은 무효로 한다.\n 1. 법률에 따른 고객의 항변권, 상계권 등의 권리를 상당한 이유 없이 배제하거나 제한하는 조항"
    ],
    "unfavorableProvision": "2"
}