{
    "clauseField": "39",
    "ftcCnclsns": "1",
    "clauseArticle": [
        "제18조(사물함 대부 및 관리)\n6. 위임사항  월사용금 체불등의 사유로 임대차계약 해지시 임차인은 소유물품에 대한 이동, 보관의 권한을 임대인, 관리회사 및 중개업자에게 위임하며 15일 이내에 연체금 등을 정산하지 않을 시 그 소유권을 포기하고 일체의 민,형사상의 책임을 묻지 않기로 승낙한다."
    ],
    "dvAntageous": "2",
    "illdcssBasiss": [
        "임차인이 월차임을 연체하고 이를 정산하지 않는다고 할지라도, 이를 보증금에서 공제하거나, 아니면 계약을 해지하고 손해배상을 청구할 수 있음은 별론으로 하고, 당해 약관조항과 같이 임차인의 소유물품에 대한 일체의 권한을 임대인에게 귀속시키는 것은 약관의 규제에 관한 법률이다."
    ],
    "relateLaword": [
        "제6조(일반원칙)\n② 약관의 내용 중 다음 각 호의 어느 하나에 해당하는 내용을 정하고 있는 조항은 공정성을 잃은 것으로 추정된다.\n1. 고객에게 부당하게 불리한 조항"
    ],
    "unfavorableProvision": "1"
}