{
    "clauseField": "42",
    "ftcCnclsns": "1",
    "clauseArticle": [
        "제31조 (회사의 환불규정)\n제2항 회원은 환불 또는 변경을 유‧무선의 방법을 통하여 회사에 그 의사를 표시하여야 하며, 회사는 환불요청을 접수하고 회원의 요청과 환불규정 확인 후, 최대한 신속하게 환불하여 드립니다."
    ],
    "dvAntageous": "2",
    "illdcssBasiss": [
        "당사자에게 신중하게 행위를 하게 하거나 또는 법률관계를 명확하게 하기 위하여 일정한 방식이 필요한 특별한 경우를 제외하고는 의사표시의 방식에 엄격한 제한을 가하여 의사표시 자체를 사실상 곤란하게 하여서는 아니 된다.",
        "고객의 의사표시의 형식이나 요건에 대하여 부당하게 엄격한 제한을 두는 조항이다."
    ],
    "relateLaword": [
        "제12조(의사표시의 의제) \n의사표시에 관하여 정하고 있는 약관의 내용 중 다음 각 호의 어느 하나에 해당하는 내용을 정하고 있는 조항은 무효로 한다.\n  2. 고객의 의사표시의 형식이나 요건에 대하여 부당하게 엄격한 제한을 두는 조항"
    ],
    "unfavorableProvision": "2"
}