{
    "clauseField": "34",
    "ftcCnclsns": "1",
    "clauseArticle": [
        "제5조(구매취소및환불)\n제1항 구매한기프트카드는구매취소가불가하며,현금으로반환되지않습니다."
    ],
    "dvAntageous": "2",
    "illdcssBasiss": [
        "소비자의 청약철회권을 규정하고 있으며, 단순 변심에 의한 철회의 경우에도 반환비용은 소비자가 부담하되 사업자는 별도의 위약금이나 손해배상청구를 할 수 없는 것으로 규정하고 있다.",
        "공급받은 재화 등의 반환에 필요한 비용은 소비자가 부담하며, 통신판매업자는 소비자에게 청약철회 등을 이유로 위약금이나 손해배상을 청구할 수 없다."
    ],
    "relateLaword": [
        "제17조의2(시정 조치) \n① 공정거래위원회는 사업자가 제17조를 위반한 경우에는 사업자에게 해당 불공정약관조항의 삭제,수정 등 시정에 필요한 조치를 권고할 수 있다.",
        "제11조(고객의 권익 보호) 고객의 권익에 관하여 정하고 있는 약관의 내용 중 다음 각 호의 어느 하나에 해당하는 내용을 정하고 있는 조항은 무효로 한다.\n  1. 법률에 따른 고객의 항변권, 상계권 등의 권리를 상당한 이유 없이 배제하거나 제한하는 조항"
    ],
    "unfavorableProvision": "2"
}