{
    "clauseField": "25",
    "ftcCnclsns": "1",
    "clauseArticle": [
        "ㅇ 제재기준\n내용: 현금 거래 확인\n1차 : 계정 영구 블록"
    ],
    "dvAntageous": "2",
    "illdcssBasiss": [
        "아이템 현금거래 행위에 대해 1차 적발시라도 곧바로 계정을 영구블록 조치하는 것은 과다한 제재로 판단되는 바, 이는 고객에 대하여 부당하게 불리한 조항이다."
    ],
    "relateLaword": [
        "제6조(일반원칙) \n  ② 약관의 내용 중 다음 각 호의 어느 하나에 해당하는 내용을 정하고 있는 조항은 공정성을 잃은 것으로 추정된다.\n  1. 고객에게 부당하게 불리한 조항"
    ],
    "unfavorableProvision": "1"
}