{
    "clauseField": "43",
    "ftcCnclsns": "1",
    "clauseArticle": [
        "1.항 인도지연시 책임배제조항\nㅇ인도 또는 명소소송이 법원에서 진행중이거나 기타의 상유로 인하여 지연되는 때 매도인은 그 지체의 책임을지지 아니함."
    ],
    "dvAntageous": "2",
    "illdcssBasiss": [
        "기타의 사유는 지나치게 포괄적어어서 경미한 사유로 인한 매도인의 인도 또는 명도 지연시에도 책임을지지 않도록 한동 약과조항은 고객에게 부당하게 불리한 조항이다."
    ],
    "relateLaword": [
        "제6조(일반원칙)\n  ② 약관의 내용 중 다음 각 호의 어느 하나에 해당하는 내용을 정하고 있는 조항은 공정성을 잃은 것으로 추정된다.\n  1. 고객에게 부당하게 불리한 조항"
    ],
    "unfavorableProvision": "1"
}