{
    "clauseField": "41",
    "ftcCnclsns": "1",
    "clauseArticle": [
        "제18조(번호부여 및 변경)                                        \n제3항 영업점은 제2항의 규정에 의한 서비스번호의 변경시에는 변경 예정일 7일전까지 서비스번호의 변경사유, 변경예정번호 및 변경예정일을 해당 고객에게 통보하여야 합니다."
    ],
    "dvAntageous": "2",
    "illdcssBasiss": [
        "이동전화 번호는 고객의 재산으로 서비스 번호의 불가피한 변경시에는 그에 대한 충분한(상당) 기간을 두고 사전 고지가 있어야 함에도 고지기간을 7일로 한 것은 너무 짧은 기간으로 위 조항은 고객에게 부당하게 불리한 조항이다."
    ],
    "relateLaword": [
        "제6조(일반원칙) \n  ② 약관의 내용 중 다음 각 호의 어느 하나에 해당하는 내용을 정하고 있는 조항은 공정성을 잃은 것으로 추정된다.\n  1. 고객에게 부당하게 불리한 조항"
    ],
    "unfavorableProvision": "1"
}