{
    "clauseField": "41",
    "ftcCnclsns": "1",
    "clauseArticle": [
        "제22조(회사의 의무)\n제3항 회사는 계속적이고 안정적인 서비스의 제공을 위하여 설비에 장애가 생기거나 멸실된 때에는 지체없이 이를 수리 또는 복구합니다. 다만, 천재지변, 비상사태 또는 그 밖에 부득이한 경우에는 그 서비스를 일시 중단하거나 중지할 수 있습니다."
    ],
    "dvAntageous": "2",
    "illdcssBasiss": [
        "부득이한 경우라도 회사의 귀책사유로 서비스를 중단하는 경우에는 회사가 책임을 져야 함에도, 구체적인 사항을 구분,명시하지 않고  그 밖에 부득이한 경우 라는 표현을 하는 것은 피심인의 수리,복구책임을 포괄적으로 면제하는 것으로 위 조항은 고객에게 부당하게 불리한 조항이다."
    ],
    "relateLaword": [
        "제6조(일반원칙) \n  ② 약관의 내용 중 다음 각 호의 어느 하나에 해당하는 내용을 정하고 있는 조항은 공정성을 잃은 것으로 추정된다.\n  1. 고객에게 부당하게 불리한 조항"
    ],
    "unfavorableProvision": "1"
}