{
    "clauseField": "2",
    "ftcCnclsns": "1",
    "clauseArticle": [
        "제5조 (영업장 시설설비)                                                  \n제1항 을은 갑의 영업장에 판매에 필요한 설비를 하여야 하고 영업에 필요한 모든 판촉물은 요구에 따라 지원하여야 한다.                            \n제2항 을이 영업장소에 설비한 모든 판촉설비는 시설과 동시에 갑에게 귀속한다. "
    ],
    "dvAntageous": "2",
    "illdcssBasiss": [
        "이 약관조항은 임대인의 비용상환의무 및 부속물매수의무를 배제하여 법률의 규정에 의한 고객의 권리를 상당한 이유없이 배제 또는 제한하는 내용이다."
    ],
    "relateLaword": [
        "제11조(고객의 권익 보호)\n고객의 권익에 관하여 정하고 있는 약관의 내용 중 다음 각 호의 어느 하나에 해당하는 내용을 정하고 있는 조항은 무효로 한다.\n1. 법률에 따른 고객의 항변권, 상계권 등의 권리를 상당한 이유 없이 배제하거나 제한하는 조항"
    ],
    "unfavorableProvision": "2"
}