{
    "clauseField": "28",
    "ftcCnclsns": "1",
    "clauseArticle": [
        "제11조 계약위반에 의한 해지\n다음 각호의 사유가 발생한 때에는 계약위반 및 채무불이행 사유에 해당하며 기한의 이익은 상실된다. 사유가 발생한 때  갑 은 최고 없이 이 계약을 해지하고 물건의 반환 및 손해배상금의 즉시 변제 청구 등을  을 과 연대보증인에게 행사할 수 있다."
    ],
    "dvAntageous": "2",
    "illdcssBasiss": [
        "민법 제544조(이행지체와 해제)는 ‘당사자 일방이 그 채무를 이행하지 아니하는 때에는 상대방은 상당한 기간을 정하여 그 이행을 최고하고 그 기간 내에 이행하지 아니한 때에는 계약을 해제할 수 있다’라고 규정하고 있다. ",
        "해당 약관조항은 계약을 해지할 수 있는 사유를 열거하고, 그 사유에 해당하는 경우 즉시 계약을 해지할 수 있도록 정하고 있으므로 법률의 규정에 의한 해지권 행사요건을 완화하여 고객에게 부당하게 불이익을 줄 우려가 있는 약관조항이다."
    ],
    "relateLaword": [
        "제9조(계약의 해제,해지) \n계약의 해제,해지에 관하여 정하고 있는 약관의 내용 중 다음 각 호의 어느 하나에 해당되는 내용을 정하고 있는 조항은 무효로 한다.\n3. 법률에 따른 사업자의 해제권 또는 해지권의 행사 요건을 완화하여 고객에게 부당하게 불이익을 줄 우려가 있는 조항"
    ],
    "unfavorableProvision": "2"
}