{
    "clauseField": "7",
    "ftcCnclsns": "1",
    "clauseArticle": [
        "제11조(개인정보이용) \nㅇ 또한 본인은 귀행 또는 000와 아래의 제휴기관과의 공동고객으로서 상기 신용정보에 대해 다음의 업무제휴와 교환하여 이를 이용할 수 있으며 본인은 이에 동의합니다.(000은행)\nㅇ 제공할 신용정보의 내용   개인식별정보(성명, 주민등록번호, 주소, 전화번호, 직업 등), 신용카드 발급 및 해지, 개인대출, 기타 신용도의 판단에 필요한 신용거래정보 제공대상자 및 제공, 이용 목적",
        "ㅇ 귀사가 다양한 고객서비스를 제공할 목적으로 텔레마케팅이나 전자우편안내 등의 마케팅영업을 위한 자료로서 활용하거나 각종 제휴업무 및 부대업무(보험대리업무, 통신판매업무, 여행업무, 인터넷관련 서비스업무 등)를 영위하기 위한 자료로서 제휴업체 등에게 제공,이용하는 경우\nㅇ 귀사가 영위하는 업무의 일부 또는 전부를 외부업체에게 위탁하여 처리하는 경우 그 외부업체에게 당해 위탁업무 수행에 필요한 제한된 범위내에서 제공,이용하는 경우"
    ],
    "dvAntageous": "2",
    "illdcssBasiss": [
        "동법 제24조에서는 개인신용정보는 원칙적으로 당해 신용정보주체와의 금융거래 등 상거래관계의 설정 및 유지여부 등의 판단목적으로만 제공․이용이 가능하고 개인의 서면동의가 있는 등 법률에서 정한 특별한 사유가 있는 경우에 예외적으로 타목적으로의 활용이 가능한 것으로 규정하고 있다.",
        "개인정보활용에 따른 고객의 동의를 구함에 있어  별도의 서면에 의한 징구가 아닌 회원가입신청서상에 약관의 형식으로 일률적으로 규정하여 고객이 자신의 신용정보활용에 대한 동의여부를 선택할 수 없도록 규정(개인정보활용에 동의하지 않으면 카드회원가입 자체가 거절됨)하고 있다.",
        "고객정보를 금융거래 설정 등의 판단목적외 기타 다른목적으로 사용하면서마켓팅 활동, 서비스제공, 업무상 필요한 범위, 카드이용관련 정보, 제휴사 등 포괄적인 용어를 사용하여 고객이 자신의 정보가 제공되는 목적, 범위, 대상 등을 구체적으로 알 수 없도록 규정하는 한편, 카드사의 자의적인 판단에 따라 사실상 무제한적으로 활용이 가능토록 규정하고 있다.",
        "사업자가 알게된 고객의 비밀을 정당한 이유없이 누설하는 것을 허용하는 조항이자 법률의 규정에 의한 고객의 권리를 상당한 이유없이 배제 또는 제한하는 조항이다."
    ],
    "relateLaword": [
        "제11조(고객의 권익 보호) 고객의 권익에 관하여 정하고 있는 약관의 내용 중 다음 각 호의 어느 하나에 해당하는 내용을 정하고 있는 조항은 무효로 한다.\n  1. 법률에 따른 고객의 항변권, 상계권 등의 권리를 상당한 이유 없이 배제하거나 제한하는 조항",
        "제11조(고객의 권익 보호) 고객의 권익에 관하여 정하고 있는 약관의 내용 중 다음 각 호의 어느 하나에 해당하는 내용을 정하고 있는 조항은 무효로 한다.\n  4. 사업자가 업무상 알게 된 고객의 비밀을 정당한 이유 없이 누설하는 것을 허용하는 조항"
    ],
    "unfavorableProvision": "2"
}