{
    "clauseField": "42",
    "ftcCnclsns": "1",
    "clauseArticle": [
        "제13조 (수강취소 및 재화의 반품, 교환)\n제2항 학습자가 본인의 의사로 학습을 포기한 경우는 다음과 같다.\n제1호 교육기관과 재화 등의 구매에 관한 계약을 체결한 이용자는 수신확인의 통지를 받은 날부터 7일 이내에는 청약의 철회를 할 수 있습니다. 다만, 전체 강의의 수강을 1/3 이상의 강의를 수강한 경우에는 7일 이내여도 환불이 되지 않습니다.\n해당 강좌의 모든 내용을 수강하지 않아도 해당 강좌를 시작하였을 경우 수강으로 인정합니다.",
        "제2호 회원의 귀책 있는 사유로 청약 철회 및 교환을 할 경우 위약금 10%와 택배비(반송비, 재발송비 등)를 포함한 제비용(신용카드 수수료 및 은행 송금수수료 등)은 회원이 부담합니다."
    ],
    "dvAntageous": "2",
    "illdcssBasiss": [
        "청약철회 제한 조항은 전자상거래법에서 보장하는 청약철회권의 행사 및 효과를 제한하는 조항이므로 법률에 따른 고객의 권리를 상당한 이유 없이 배제하거나 제한하는 조항 및 고객에게 부당하게 불리한 조항이다."
    ],
    "relateLaword": [
        "제6조(일반원칙) \n  ② 약관의 내용 중 다음 각 호의 어느 하나에 해당하는 내용을 정하고 있는 조항은 공정성을 잃은 것으로 추정된다.\n  1. 고객에게 부당하게 불리한 조항",
        "제11조(고객의 권익 보호) 고객의 권익에 관하여 정하고 있는 약관의 내용 중 다음 각 호의 어느 하나에 해당하는 내용을 정하고 있는 조항은 무효로 한다.\n  1. 법률에 따른 고객의 항변권, 상계권 등의 권리를 상당한 이유 없이 배제하거나 제한하는 조항"
    ],
    "unfavorableProvision": "2"
}