{
    "clauseField": "2",
    "ftcCnclsns": "1",
    "clauseArticle": [
        "제12조 (계약해지)                                                        \n제1항  갑은 다음의 경우에는 본 계약을 해지할 수 있다.                      \n제2호 갑이 현재의 조건보다 더 유리한 조건으로 계약할 수 있는 경우     \n제3호 을이 계약을 이행할 능력이 없다고 갑이 판단하는 경우           "
    ],
    "dvAntageous": "2",
    "illdcssBasiss": [
        "이 약관조항은 임대인의 비용상환의무 및 부속물매수의무를 배제하여 법률의 규정에 의한 고객의 권리를 상당한 이유없이 배제 또는 제한하는 내용이다."
    ],
    "relateLaword": [
        "제11조(고객의 권익 보호)\n고객의 권익에 관하여 정하고 있는 약관의 내용 중 다음 각 호의 어느 하나에 해당하는 내용을 정하고 있는 조항은 무효로 한다.\n1. 법률에 따른 고객의 항변권, 상계권 등의 권리를 상당한 이유 없이 배제하거나 제한하는 조항"
    ],
    "unfavorableProvision": "2"
}