{
    "clauseField": "5",
    "ftcCnclsns": "1",
    "clauseArticle": [
        "제 12 조(광고 및 판촉)\n영업장 내외부 시설 및 간판의 감가상각 기간은 2년으로 하며 기간내에 대리점 계약이 해지될 경우 갑이 정한 잔존가치액 산출기준에 따른 금액을 을은 갑에게 지급하여야 한다."
    ],
    "dvAntageous": "2",
    "illdcssBasiss": [
        "대리점의 지원부족으로 판매가 부진한 경우 등 계약해지의 귀책사유가 사업자에게도 일정부분 있는 경우까지도 대리점이 계약해지에 따른 시설 및 간판의 잔존가치액을 본사에게 지급하도록 하는 것은 부당하다.",
        "피심인의 현행 약관조항은 계약해지의 귀책사유나 귀책정도를 가림없이 계약이 해지되는 경우 본사가 정한 잔존가치액 산출기준에 따른 영업장 내외부 시설 및 간판의 잔존가치액을 대리점이 본사에게 지급하도록 하고 있는 바, 이는 고객에게 부당하게 불리한 조항이다."
    ],
    "relateLaword": [
        "제6조(일반원칙)\n② 약관의 내용 중 다음 각 호의 어느 하나에 해당하는 내용을 정하고 있는 조항은 공정성을 잃은 것으로 추정된다.\n1. 고객에게 부당하게 불리한 조항"
    ],
    "unfavorableProvision": "1"
}