{
    "clauseField": "25",
    "ftcCnclsns": "1",
    "clauseArticle": [
        "제2조( 약관의 효력 및 변경)\n회사는 필요하다고 인정되는 경우 이 약관을 변경할 수 있습니다. 회사는 약관이 변경되는 경우에 변경된 약관의 내용과 적용일을 정하여, 그 적용일로부터 7일전까지 홈페이지에 온라인으로 공시하거나 회원의 e mail로 전송하는 방법으로 회원으로 고지합니다. 변경된 약관은 공시하거나 고지한 적용일로부터 효력을 발생합니다. "
    ],
    "dvAntageous": "2",
    "illdcssBasiss": [
        "사업자가 약관을 개정할 경우 변경사항이 고객에게 불리한 내용인지와 중요한 내용인지 여부에 대한 구분없이 7일 정도의 짧은 공지기간을 두는 것은 고객에게 부당하게 불리한 약관조항이다."
    ],
    "relateLaword": [
        "제6조(일반원칙) \n  ② 약관의 내용 중 다음 각 호의 어느 하나에 해당하는 내용을 정하고 있는 조항은 공정성을 잃은 것으로 추정된다.\n  1. 고객에게 부당하게 불리한 조항"
    ],
    "unfavorableProvision": "1"
}