{
    "clauseField": "43",
    "ftcCnclsns": "1",
    "clauseArticle": [
        "제3항 위험부담전가조항\nㅇ이 계약 체결 후에 불가항력으로 인한 매매목적물의 손실에 대한 위험물은 매수인이 부담하기로 함."
    ],
    "dvAntageous": "2",
    "illdcssBasiss": [
        "채무자위험부담주의 원칙상 불가항력에 따른 소실 위험을 매수인이 부담하는 것은 사업자가 부담하여야 할 위험을 고객에게 이전시키는 조항이다."
    ],
    "relateLaword": [
        "제7조(면책조항의 금지) \n계약 당사자의 책임에 관하여 정하고 있는 약관의 내용 중 다음 각 호의 어느 하나에 해당하는 내용을 정하고 있는 조항은 무효로 한다.\n  2. 상당한 이유 없이 사업자의 손해배상 범위를 제한하거나 사업자가 부담하여야 할 위험을 고객에게 떠넘기는 조항"
    ],
    "unfavorableProvision": "2"
}