{
    "clauseField": "34",
    "ftcCnclsns": "1",
    "clauseArticle": [
        "제5조(구매취소 및 환불)\n제3항 권종형 카드의 경우 정해진 금액의 80%이상 소진 시 그 잔액에 대해서는 현금으로 환불 받으실 수 있습니다. 단, 이벤트 행사등을 통해 경품으로 양도 받으신 카드의 경우에는 잔액환불을 받으실 수 없습니다."
    ],
    "dvAntageous": "2",
    "illdcssBasiss": [
        "사업자에게 일방적으로 유리하고 소비자에게는 일방적으로 불리하며 그 정도가 현저하다고 볼 것이다."
    ],
    "relateLaword": [
        "제6조(일반원칙) \n② 약관의 내용 중 다음 각 호의 어느 하나에 해당하는 내용을 정하고 있는 조항은 공정성을 잃은 것으로 추정된다.\n1. 고객에게 부당하게 불리한 조항"
    ],
    "unfavorableProvision": "1"
}