{
    "clauseField": "6",
    "ftcCnclsns": "1",
    "clauseArticle": [
        "제28조(갑의 계약해제)\n제1항 갑은 을이 다음 각항1에 해당하는 경우에는 본 계약을 해제할 수 있다.\n제1호~제7호 (생략)"
    ],
    "dvAntageous": "2",
    "illdcssBasiss": [
        "해당 약관조항은 사업자가 계약이행을 위한 최고기간을 두지 않고 계약을 해제할 수 있도록 하고 있어 법률의 규정에 의한 해제권,해지권의 행사요건을 완화하여 고객에게 부당하게 불이익을 줄 우려가 있는 조항이다."
    ],
    "relateLaword": [
        "제9조(계약의 해제,해지) \n계약의 해제,해지에 관하여 정하고 있는 약관의 내용 중 다음 각 호의 어느 하나에 해당되는 내용을 정하고 있는 조항은 무효로 한다.\n2. 사업자에게 법률에서 규정하고 있지 아니하는 해제권 또는 해지권을 부여하여 고객에게 부당하게 불이익을 줄 우려가 있는 조항"
    ],
    "unfavorableProvision": "2"
}