{
    "clauseField": "26",
    "ftcCnclsns": "1",
    "clauseArticle": [
        "제12조 여행 조건의 변경요건 및 요금 등의 정산\n관광일정에서 빠지실 경우 1일 1인당 30불씩 지불해 주셔야 합니다."
    ],
    "dvAntageous": "2",
    "illdcssBasiss": [
        "약정된 여행지에서의 일정은 대금을 지급한 고객이 요구할 수 있는 권리이지 강제적으로 참가해야 할 의무라고는 할 수 없다.",
        "약관조항은 여행계약의 고객의 입장에서는 부당하게 불리한 것인 동시에 여행계약의 거래형태 등 제반사정에 비추어 예상하기 어려운 조항이다."
    ],
    "relateLaword": [
        "제6조(일반원칙) \n② 약관의 내용 중 다음 각 호의 어느 하나에 해당하는 내용을 정하고 있는 조항은 공정성을 잃은 것으로 추정된다.\n  ",
        "1. 고객에게 부당하게 불리한 조항",
        "2. 고객이 계약의 거래형태 등 관련된 모든 사정에 비추어 예상하기 어려운 조항"
    ],
    "unfavorableProvision": "1"
}