{
    "clauseField": "7",
    "ftcCnclsns": "1",
    "clauseArticle": [
        "제16조(카드의 도난, 분실신고와 보상처리)\n제3항 회원은 제2항에 불구하고 다음 각호의 1에 해당할 경우에는 부정사용(도난ㆍ분실 신고 시점 이후에 국내에서 발생한 경우 제외)에 따른 모든 책임을 부담합니다.\n제1호. 회원의 고의 또는 관리소홀로 인한 부정사용의 경우\n제2호∼제4호. 생략\n제5호 회원의 가족, 동거인(사실상의 동거인 포함)에 의한 부정사용, 이들이 관련하여 생긴 부정 사용의 경우\n제6호∼제8호. 생략"
    ],
    "dvAntageous": "2",
    "illdcssBasiss": [
        "도난,분실 신고시점 이후 국내에서 발생한 부정사용액을 제외하고는 모든 책임을 회원이 부담한다고 규정하여 신고시점이후 국외에서 발생한 부정사용액에 대한 모든 책임은 사실상 회원에게 전가하고 있는 바이다.",
        "국외여행이 보편화되고 국외에서의 신용카드의 사용도 급증하여 카드사용에 있어 국내,외 구분이 사실상 무의미해진 상황에서 국외 신용카드 사용분을 고객보호범위에서 배제할만한 특별한 이유는 없다 할 것이다.",
        "심인은 일정금액이하의 국외거래는 카드사의 전산시스템을 거치지 않고 거래가 승인되는 이유로 보상책임을 지지 않고 있다고 하나, 일정금액 이상은 거래가 승인되고 있으므로 이를약관상에 반영할 수도 있을 것이다.",
        "이들이 관련하여 생긴 부정사용의 경우 라고 지나치게 포괄적으로 규정하여 카드사의 자의적인 해석과 판단에 따라 회원에게 그 책임을 부담시키고 있는 바, 이는 상당한 이유없이 사업자의 손해배상범위를 제한하거나 사업자가 부담하여야 할 위험을 고객에게 이전시키는 조항이다."
    ],
    "relateLaword": [
        "제6조(일반원칙) \n  ② 약관의 내용 중 다음 각 호의 어느 하나에 해당하는 내용을 정하고 있는 조항은 공정성을 잃은 것으로 추정된다.\n  1. 고객에게 부당하게 불리한 조항",
        "제7조(면책조항의 금지) \n계약 당사자의 책임에 관하여 정하고 있는 약관의 내용 중 다음 각 호의 어느 하나에 해당하는 내용을 정하고 있는 조항은 무효로 한다.\n  2. 상당한 이유 없이 사업자의 손해배상 범위를 제한하거나 사업자가 부담하여야 할 위험을 고객에게 떠넘기는 조항"
    ],
    "unfavorableProvision": "2"
}