{
    "clauseField": "39",
    "ftcCnclsns": "1",
    "clauseArticle": [
        "제6조 요금부담 및 환불\n③사용기간을 월 단위로 정산하며, 법정 위약금은 10퍼센트이다(1회 사용도 한달로 간주한다)."
    ],
    "dvAntageous": "2",
    "illdcssBasiss": [
        "손해배상액의 예정으로서의 위약금은 통상의 거래관행 등을 고려하여 합리적인 수준에서 정하여야 할 것이며, 골프연습장 등 체육시설업종에 있어서 소비자분쟁해결기준에서는 계약해지일까지의 이용일수에 해당하는 금액과 총 이용금액의 10퍼센트를 위약금으로 공제하고 환급하도록 규정하고 있다. ",
        "1개월 중 단 하루만 이용하더라도 1개월의 이용요금을 공제한다는 조항으로서 고객이 실제로 이용하지 않은 기간까지 고객이 부담하도록 규정하고 있으므로 계약의 해제 또는 해지로 인한 고객의 원상회복 청구권을 부당하게 포기하도록 한 조항이다.",
        "(실제 이용일수 곱하기 1회 이용료)의 금액이 월 정상가 기준 공제금액보다 더 큰 경우 전자를 기준으로 공제함이 타당하다고 보이므로 피청구인의 약관조항은 위법성이 해소된다.\n"
    ],
    "relateLaword": [
        "제9조(계약의 해제,해지) \n계약의 해제,해지에 관하여 정하고 있는 약관의 내용 중 다음 각 호의 어느 하나에 해당되는 내용을 정하고 있는 조항은 무효로 한다.\n4. 계약의 해제 또는 해지로 인한 원상회복의무를 상당한 이유 없이 고객에게 과중하게 부담시키거나 고객의 원상회복 청구권을 부당하게 포기하도록 하는 조항"
    ],
    "unfavorableProvision": "2"
}