{
    "clauseField": "1",
    "ftcCnclsns": "1",
    "clauseArticle": [
        "제17조 영업의 명의변경 및 양도양수\n제3항 본 계약기간 중에 갑의 사전 승인을 전제로 발생하는 모든 명의변경, 영업의 양도양수는 직계 존, 비속을 제외하고는 모두 신규계약에 해당되며, 계약기간, 가맹료, 물품보증금 등 본 계약의 모든 계약조건이 신규계약과 동일하게 적용된다. 단, 직계 존, 비속인 경우에는 별도의 가맹료, 물품보증금을 납부하지 않아도 되며, 이 때의 계약기간은 본 계약의 잔여기간으로 한다."
    ],
    "dvAntageous": "2",
    "illdcssBasiss": [
        "영업의 양도란 ‘영업목적을 위하여 조직화된 유기적 일체로서의 기능재산의 동일성이 유지된 일괄이전’을 의미한다.",
        "피심인이 사전 승인을 한 이상 양수인은 기존의 가맹점사업자와 가맹본부간의 기존의 권리의무관계를 그대로 승계받는 것으로 봄이 타당하다.",
        "그럼에도 양수인은 피심인과 무조건 신규계약을 체결하여 가입비 전부를 지급하도록 하는 것은 이러한 영업양도의 효과를 부인하고 가입비를 이중으로 부과하는 것이다.",
        "피심인은 양도인에게 기지급받은 가입비를 반환하지도 않으면서, 양수인을 신규계약자와 동일하게 취급하여 가입비 전부를 지급토록 하는 것은 부당하다."
    ],
    "relateLaword": [
        "제6조(일반원칙) \n② 약관의 내용 중 다음 각 호의 어느 하나에 해당하는 내용을 정하고 있는 조항은 공정성을 잃은 것으로 추정된다.\n1. 고객에게 부당하게 불리한 조항"
    ],
    "unfavorableProvision": "1"
}