{
    "clauseField": "2",
    "ftcCnclsns": "1",
    "clauseArticle": [
        "계약서 제9조(기타)                                       \n본 계약에 명시되지 않은 사항은  갑 이 결정하는 바에 따른다. 갑 과 육가공업체간 계약시 담보 및 신용보증보험증서를 확보치 못할 경우와 지불보증금의 한도를 초과하는 경우에 대하여 육가 공업체의 사고시 갑은 그 책임을 지지 않는다."
    ],
    "dvAntageous": "2",
    "illdcssBasiss": [
        "피청구인의 자의적인 해석에 따라 고객이 예상할 수 없는 피해를 볼 수도 있는 것으로 이는 고객에 대하여 부당하게 불리한 조항이다.",
        "피심인 자신이 확보해야 될 담보책임을 상당한 이유없이 그 거래상대방인 고객(생산농가)에게 지우는 것이다."
    ],
    "relateLaword": [
        "제6조(일반원칙) \n② 약관의 내용 중 다음 각 호의 어느 하나에 해당하는 내용을 정하고 있는 조항은 공정성을 잃은 것으로 추정된다.\n1. 고객에게 부당하게 불리한 조항",
        "제7조(면책조항의 금지) \n계약 당사자의 책임에 관하여 정하고 있는 약관의 내용 중 다음 각 호의 어느 하나에 해당하는 내용을 정하고 있는 조항은 무효로 한다.\n3. 상당한 이유 없이 사업자의 담보책임을 배제 또는 제한하거나 그 담보책임에 따르는 고객의 권리행사의 요건을 가중하는 조항"
    ],
    "unfavorableProvision": "1"
}