{
    "clauseField": "36",
    "ftcCnclsns": "1",
    "clauseArticle": [
        "제5조 \n불가항력 또는 기타 호텔에서 조정할 수 없는 원인으로 인하여 결혼식 장소를 사용할 수 없게 된 경우에는 호텔에서 고객에게 다른 장소를 대체해 드릴 수 있습니다.  이에 고객께서 대체된 장소를 원하지 않으시는 경우 고객께서는 예약을 취소하실 수 있으며, 이때 이미 지불된 예약금은 전액 환불됩니다. "
    ],
    "dvAntageous": "2",
    "illdcssBasiss": [
        "약관조항 기타 호텔에서 조정할 수 없는 원인은 그 내용이 포괄적이고 불분명하여 사업자의 자의적이고 일방적인 판단에 의해 계약내용을 변경할 수 있도록 정하고 있으므로 고객에 대하여 부당하게 불리한 조항이다."
    ],
    "relateLaword": [
        "제6조(일반원칙)\n  ② 약관의 내용 중 다음 각 호의 어느 하나에 해당하는 내용을 정하고 있는 조항은 공정성을 잃은 것으로 추정된다.\n  1. 고객에게 부당하게 불리한 조항"
    ],
    "unfavorableProvision": "1"
}