{
    "clauseField": "42",
    "ftcCnclsns": "1",
    "clauseArticle": [
        "제4조 이용신청사항의 취소, 환불(유료 서비스 이용약관)\n제2항 환불조건\nㅇ 원칙\n환불 조건 : 결제일로부터 7일간 진도율 10% 미만인 경우 100% 환불\n상기한 요건에 해당하지 않는 경우, 환불이 불가"
    ],
    "dvAntageous": "2",
    "illdcssBasiss": [
        "해지 및 환불 제한 조항은 고객에게 부당하게 과중한 손해배상 의무를 부담시키는 조항, 고객에게 부당하게 불리한 조항 및 법률의 규정에 의한 고객의 해지권을 배제하거나 그 행사를 제한하는 조항이다."
    ],
    "relateLaword": [
        "제8조(손해배상액의 예정) \n고객에게 부당하게 과중한 지연 손해금 등의 손해배상 의무를 부담시키는 약관 조항은 무효로 한다.",
        "제6조(일반원칙) \n  ② 약관의 내용 중 다음 각 호의 어느 하나에 해당하는 내용을 정하고 있는 조항은 공정성을 잃은 것으로 추정된다.\n  1. 고객에게 부당하게 불리한 조항",
        "제9조(계약의 해제,해지) \n계약의 해제,해지에 관하여 정하고 있는 약관의 내용 중 다음 각 호의 어느 하나에 해당되는 내용을 정하고 있는 조항은 무효로 한다.\n  1. 법률에 따른 고객의 해제권 또는 해지권을 배제하거나 그 행사를 제한하는 조항"
    ],
    "unfavorableProvision": "2"
}