{
    "clauseField": "43",
    "ftcCnclsns": "1",
    "clauseArticle": [
        "제6조(인도 및 명도책임)\n제2항 인도 또는 명도책임을 “갑”이 부담하는 경우에는 다음과 같이 하기로 한다.",
        "제2호. 인도 또는 명도소송이 법원에서 진행중이거나 기타의 사유로 인하여 지연되는 때에는 그 인도 또는 명도의 시기를 “갑”이 정하는 바에 따라 연장하기로 하며 “갑”은 그 지체의 책임을지지 아니한다. 다만, 최종할부금 지급기일까지 소송 및 집행이 종료되지 아니하여 매매목적물의 인도 또는 명도가 지연될 경우에는 최종잔대금 지급기일을 인도 또는 명도 완료시까지 연장할 수 있다."
    ],
    "dvAntageous": "2",
    "illdcssBasiss": [
        "명도 또는 인도지연사유로 열거된 기타의 사유는 그 문언이 지나치게 포괄적이어서 경미한 사유로 인한 매도인의 명도 또는 인도 지연시에도 책임을 지지 않도록 규정된 동 약관조항은 고객에 대하여 부당하게 불리한 조항이다."
    ],
    "relateLaword": [
        "제6조(일반원칙)\n  ② 약관의 내용 중 다음 각 호의 어느 하나에 해당하는 내용을 정하고 있는 조항은 공정성을 잃은 것으로 추정된다.\n  1. 고객에게 부당하게 불리한 조항"
    ],
    "unfavorableProvision": "1"
}