{
    "clauseField": "5",
    "ftcCnclsns": "1",
    "clauseArticle": [
        "제 6 조 (계약해제 및 위약금)\n① 갑은 다음 각 호의 경우 을에 대한 서면 통지로 본 계약을 해지할 수 있다.\n1. 을이 제2조,3조,4조\n2. 11조,12조를 위반한 때.\n6. 을이 본 계약상의 의무를 충실히 이행할 수 없게된 경우"
    ],
    "dvAntageous": "2",
    "illdcssBasiss": [
        "계약의 해지의 사유는 고객의 계약위반이 계약목적을 달성하기 어려운 경우로 제한되어야 하고 구체적으로 나열되어야 할 것이다.",
        "계약위반이 계약목적을 달성하기 어려운 경우로 볼 수 없는 제4조제2항, 제11조제1항 및 제2항의 사소한 규정위반을 이유로 계약해제를 할 우려가 있음",
        "피심인이 계약이행을 위한 최고기간을 두지 않고 계약을 해제할 수 있도록 하고 있어 법률의 규정에 의한 해제권,해지권의 행사요건을 완화하여 고객에게 부당하게 불이익을 줄 우려가 있는 조항"
    ],
    "relateLaword": [
        "제9조(계약의 해제,해지) 계약의 해제,해지에 관하여 정하고 있는 약관의 내용 중 다음 각 호의 어느 하나에 해당되는 내용을 정하고 있는 조항은 무효로 한다.\n  2. 사업자에게 법률에서 규정하고 있지 아니하는 해제권 또는 해지권을 부여하여 고객에게 부당하게 불이익을 줄 우려가 있는 조항"
    ],
    "unfavorableProvision": "2"
}