{
    "clauseField": "39",
    "ftcCnclsns": "1",
    "clauseArticle": [
        "제22조(시설의 이용 및 휴관)\n⑦ 협약 골프장 및 이용 조건은 골프장 및  을 의 사정에 의하여 변경될 수 있다.\n"
    ],
    "dvAntageous": "2",
    "illdcssBasiss": [
        "해당 약관조항은 상당한 이유 없이 급부의 내용을 사업자가 일방적으로 결정하거나 변경할 수 있도록 권한을 부여하는 조항으로 약관법 제10조 제1호에 해당되어 무효이다."
    ],
    "relateLaword": [
        "제10조(채무의 이행) \n채무의 이행에 관하여 정하고 있는 약관의 내용 중 다음 각 호의 어느 하나에 해당하는 내용을 정하고 있는 조항은 무효로 한다.\n1. 상당한 이유 없이 급부(의 내용을 사업자가 일방적으로 결정하거나 변경할 수 있도록 권한을 부여하는 조항"
    ],
    "unfavorableProvision": "2"
}