{
    "clauseField": "2",
    "ftcCnclsns": "1",
    "clauseArticle": [
        "제1조(품명 및 수량)\n제3항 을은 다음의 각호의 경우를 감안하여 갑에게 공급하는 시멘트 총 수량을 증감할 수 있다.\n제1호 을의 생산여건                    \n제2호 국내수송여건\n제3호 시장여건 또는 공정거래유지       \n제4호 갑의 판매능력"
    ],
    "dvAntageous": "2",
    "illdcssBasiss": [
        "시멘트공급업자인 피심인이 자신의 생산이나 수송여건에 따라 당초 약정한 물량보다 임의로 증량하여 공급할 수도 있으므로, 이는 고객에 대하여 부당하게 불리한 조항이다.",
        "시장여건 또는 공정거래유지, 갑의 판매능력등을 공급량 증감사유로 규정하고 있으나, 그 내용이 추상적이거나 애매 모호하여 사업자가 얼마든지 자의적으로 공급물량을 조절할 수 있을 뿐만 아니라, 합리적인 사유라고도 볼 수 없으므로, 이는 고객에 대하여 부당하게 불리한 조항이다."
    ],
    "relateLaword": [
        "제6조(일반원칙) \n② 약관의 내용 중 다음 각 호의 어느 하나에 해당하는 내용을 정하고 있는 조항은 공정성을 잃은 것으로 추정된다.\n1. 고객에게 부당하게 불리한 조항"
    ],
    "unfavorableProvision": "1"
}