{
    "clauseField": "41",
    "ftcCnclsns": "1",
    "clauseArticle": [
        "제37조(이용정지 및 해제절차)\n제1항 회사는 제36조의 규정에 의하여 이용정지를 하고자 하는 때에는 그 사유, 일시 및 기간을 정하여 이용정지 7일전까지 회사가 정한 방법을 통하여 해당 고객 또는 대리인에게 통지합니다. 다만, 해당 고객의 책임있는 사유로 통지할 수 없는 경우에는 그러하지 아니합니다."
    ],
    "dvAntageous": "2",
    "illdcssBasiss": [
        "회사가 정한 연락방법은 약관내용에 명시할 필요가 있음에도 위 제1항은 회사가 정하는 내용이 분명하지 않는 연락방법만으로 피심인이 고객에게 불이익 처리하는 것은 부당하게 불리한 조항이다."
    ],
    "relateLaword": [
        "제6조(일반원칙) \n  ② 약관의 내용 중 다음 각 호의 어느 하나에 해당하는 내용을 정하고 있는 조항은 공정성을 잃은 것으로 추정된다.\n  1. 고객에게 부당하게 불리한 조항"
    ],
    "unfavorableProvision": "1"
}