{
    "clauseField": "38",
    "ftcCnclsns": "1",
    "clauseArticle": [
        "제3조 리스기간\n제1항 (1문 생략) 리스 실행일은 갑이 을에게 차량인수증을 교부하고 을이 차량 매도인에게 매매대금을 지급한 날로 추정한다. 인수증교부일자가 매매대금을 지급한 날과 동일하지 않은 경우에는 매매대금 지급일을 실행일로 본다.\nㅁ 갑  고객, 을  금융회사 "
    ],
    "dvAntageous": "2",
    "illdcssBasiss": [
        "해당조항은 리스이용자가 리스물건을 실제로 수령하였는지 여부 및 리스이용자가 물건수령증 발급의무를 해태하고 있는지 등과 무관하게 리스기간의 기산점을 보험가입일 또는 매매대금지급일로 정하여 리스이용자에게 리스료를 지급채무를 부담시키고 있으므로 고객에게 주어진 기한의 이익을 상당한 이유 없이 박탈하는 조항이다."
    ],
    "relateLaword": [
        "제11조(고객의 권익 보호) \n고객의 권익에 관하여 정하고 있는 약관의 내용 중 다음 각 호의 어느 하나에 해당하는 내용을 정하고 있는 조항은 무효로 한다.\n2. 고객에게 주어진 기한의 이익을 상당한 이유 없이 박탈하는 조항"
    ],
    "unfavorableProvision": "2"
}