{
    "clauseField": "43",
    "ftcCnclsns": "1",
    "clauseArticle": [
        "제9조(위험부담)\n본 계약 체결후에 갑과 을쌍방의 책임으로 돌릴수 없는 불가항력으로 인한 맹목적물건의 손실에 대하여는 그 위험을 “을”이 부담하기로 한다. 다만, 화재로 인한 위험부담은 갑이 보험금을 수령한 한도내에서 그러하지 아니하다. "
    ],
    "dvAntageous": "2",
    "illdcssBasiss": [
        "쌍무계약에서 당사자 일방의 채무가 당사자 쌍방의 책임없는 사유로 이행할 수 없게 된 때에는 채무자는 상대방에게 이행할 수 없게 된 때에는 채무자는 상대방에게 이행을 청구할 수 없는 바, 불가항력으로 인한 매매목적물의 손실에 대한 위험을 매수인이 부담토록 한 동 약관조항은 상당한 이유없이 사업자가 부담하여야 할 위험을 고객에게 이전시키는 조항이다."
    ],
    "relateLaword": [
        "제7조(면책조항의 금지) \n계약 당사자의 책임에 관하여 정하고 있는 약관의 내용 중 다음 각 호의 어느 하나에 해당하는 내용을 정하고 있는 조항은 무효로 한다.\n  2. 상당한 이유 없이 사업자의 손해배상 범위를 제한하거나 사업자가 부담하여야 할 위험을 고객에게 떠넘기는 조항"
    ],
    "unfavorableProvision": "2"
}