{
    "clauseField": "28",
    "ftcCnclsns": "1",
    "clauseArticle": [
        "제16조(계약의 해지)\n1항 을 또는 연대보증인에게 다음 각호의 하나에 해당하는 사유가 발생한 때에는 갑은 상당한 기간을 정하여 그 위반사항의 시정을 최고하고, 그 기간내에 을 또는 연대보증인이 그에 응하지 아니한 때에는 기한의 이익을 상실시켜 미회수렌탈료의 즉시 변제를 청구하거나 또는 이 계약을 해지할 수 있다.",
        "제16조 1항 6호\n이 계약 또는 갑과 체결한 기타 계약의 조항을 위반하거나, 이 계약에서 달리 계약해지사유로 정한 사유가 발생한 때"
    ],
    "dvAntageous": "2",
    "illdcssBasiss": [
        "기한의 이익상실과 계약의 해지는 계약당사자의 이해에 중대한․영향을 미치는 것이므로 그 사유가 구체적으로 열거되고 그 내용도 타당하여야 하며 그 사유에 해당하는지 여부는 객관적으로 인정되어야 함이 원칙이다.",
        "위 약관조항은  이 계약 또는 갑과 체결한 기타 계약의 조항을 반한 때 등 포괄적이고 불분명한 사유를 해지사유로 규정하여 피청구인이 자의적으로 해지권을 행사할 수 있도록 허용하고 있으므로 이 는 사업자에게 법률에서 규정하고 있지 아니하는 해제권, 해지권을 부여하거나 법률의 규정에 의한 해제권, 해지권의 행사요건을 완화하여 고객에 대하여 부당하게 불이익을 줄 우려가 있는 조항이다."
    ],
    "relateLaword": [
        "제9조(계약의 해제,해지) 계약의 해제,해지에 관하여 정하고 있는 약관의 내용 중 다음 각 호의 어느 하나에 해당되는 내용을 정하고 있는 조항은 무효로 한다.\n2. 사업자에게 법률에서 규정하고 있지 아니하는 해제권 또는 해지권을 부여하여 고객에게 부당하게 불이익을 줄 우려가 있는 조항"
    ],
    "unfavorableProvision": "2"
}