{
    "clauseField": "25",
    "ftcCnclsns": "1",
    "clauseArticle": [
        "제33조 (관할법원)\n제2항 만약 제1항의 분쟁이 원만히 해결되지 못하여 소송이 제기된 경우, 소송은 민사소송법상의 관할법원에 제기합니다."
    ],
    "dvAntageous": "2",
    "illdcssBasiss": [
        "사업자와 고객간에 전자상거래로 인한 분쟁이 발생될 경우의 관할법원을 민사소송법상 관할법원으로 할 경우에도 법률로 부여되어 있는 고객의 권리를 침해할 수 있다. \n따라서 피청구인의 위 약관조항은 고객에 대하여 부당하게 불리한 재판관할의 합의조항이다."
    ],
    "relateLaword": [
        "제14조(소송 제기의 금지 등) \n소송 제기 등과 관련된 약관의 내용 중 다음 각 호의 어느 하나에 해당하는 조항은 무효로 한다.\n  1. 고객에게 부당하게 불리한 소송 제기 금지 조항 또는 재판관할의 합의 조항"
    ],
    "unfavorableProvision": "2"
}