{
    "clauseField": "1",
    "ftcCnclsns": "1",
    "clauseArticle": [
        "제8조(원부재료 공급 가격 및 납부)\n제2항 을은 갑으로부터 공급받은 원부재료에 대하여 해당 월 1일부터 15일까지 공급받은 대금은 당월 25일 오전 12:00시 까지, 해당 월 16일부터 말일까지 공급받은 대금은 다음달 10일 오전 12:00시 까지 갑이 지정하는 예금구좌에 현금으로 납부하여야 한다."
    ],
    "dvAntageous": "2",
    "illdcssBasiss": [
        "여신전문금융업법은 신용카드가맹점에게 신용카드로 거래한다는 이유로 물품의 판매 또는 용역의 제공 등을 거절하지 못하도록 의무를 부과하고 있다",
        "예치의무가 없는 물품대금의 경우까지 반드시 현금으로 지급하여야 상당한 이유는 인정되지 아니한다.",
        "예치의무가 없는 물품대금의 경우까지 반드시 현금으로 지급하여야 상당한 이유는 인정되지 아니한다."
    ],
    "relateLaword": [
        "제6조(일반원칙) \n② 약관의 내용 중 다음 각 호의 어느 하나에 해당하는 내용을 정하고 있는 조항은 공정성을 잃은 것으로 추정된다.\n1. 고객에게 부당하게 불리한 조항"
    ],
    "unfavorableProvision": "1"
}