{
    "clauseField": "5",
    "ftcCnclsns": "1",
    "clauseArticle": [
        "제 4 조(거래의 목적물과 판매지역)\n갑은 필요하다고 판단될 경우 을의 판매지역을 조정할 수 있다."
    ],
    "dvAntageous": "2",
    "illdcssBasiss": [
        "현행약관조항은 판매지역 조정을 사업자의 일방적 판단에 의하도록 하고 있는바, 이를 사업자의 해석에만 맡길 경우 사업자에게 유리하게 자의적으로 해석될 우려가 있으므로 이는 고객에게 대하여 부당하게 불리한 조항이다."
    ],
    "relateLaword": [
        "제6조(일반원칙)\n ② 약관의 내용 중 다음 각 호의 어느 하나에 해당하는 내용을 정하고 있는 조항은 공정성을 잃은 것으로 추정된다.\n  1. 고객에게 부당하게 불리한 조항"
    ],
    "unfavorableProvision": "1"
}