{
    "clauseField": "2",
    "ftcCnclsns": "1",
    "clauseArticle": [
        "제7조(담보제공)\n제1항 갑은 본 계약과 관련하여 발생되는 을에 대한 모든 채무의 담보로 현금, 부동산, 유가증권, 정기예금증서, 각종 지급보증서, 기타담보 중에서 상호 협의된 것을 을에게 제공하여야 한다",
        "제2항  제1항의 담보는 무이자로 하며, 담보설정에 대한 제비용은 갑이 부담한다\n"
    ],
    "dvAntageous": "2",
    "illdcssBasiss": [
        "고객으로부터 교부받는 금전으로서 그 성질이 임대차에 수반하는 보증금(임차인의 차임지급의무․목적물보관의무 담보)이나 권리금(임차권의 양도․임차물의 부속물․영업허가․상호 등의 대가)과는 그 성질이 다르다고 볼 수 있음.",
        "피심인이 담보로 제공받은 현금 담보를 다른 담보물과는 달리 그 성질로 말미암아 담보역할 이외에 이자수입을 발생시키는 금전이므로 피심인은 이를 금융기관에 예치하여 이자수입을 얻거나 자기자금으로 활용하여 이득을 취할 수 있음.",
        "현금담보에 대하여 이자를 지급하지 않는다고 규정하여 피심인은 담보 이상의 금전적 이익을 받고 있는 반면 현금담보를 제공한 고객의 입장에서는 다른 담보물에 비하여 금전적 손실을 입고 있으므로, 이는 고객에 대하여 부당하게 불리한 조항이다."
    ],
    "relateLaword": [
        "제6조(일반원칙) \n② 약관의 내용 중 다음 각 호의 어느 하나에 해당하는 내용을 정하고 있는 조항은 공정성을 잃은 것으로 추정된다.\n1. 고객에게 부당하게 불리한 조항"
    ],
    "unfavorableProvision": "1"
}