{
    "clauseField": "43",
    "ftcCnclsns": "1",
    "clauseArticle": [
        "제2조 계약의 해석조항\n제1항 계약의 해석에 이의가 있을 경우 갑에게 결정권이 있거나 갑의 해석에 따른다."
    ],
    "dvAntageous": "2",
    "illdcssBasiss": [
        "약관조항의 뜻이 명백하지 않을 경우 고객에게 유리하게 해석하도록 한 작성자불이익의 원칙에 위배되어 고객에게 부당하게 불리한 조항이다."
    ],
    "relateLaword": [
        "제6조(일반원칙)\n  ② 약관의 내용 중 다음 각 호의 어느 하나에 해당하는 내용을 정하고 있는 조항은 공정성을 잃은 것으로 추정된다.\n  1. 고객에게 부당하게 불리한 조항"
    ],
    "unfavorableProvision": "1"
}