{
    "clauseField": "25",
    "ftcCnclsns": "1",
    "clauseArticle": [
        "제21조 유료서비스의 환불 및 취소\n제3항 자동결제가 적용되는 아이템이나 서비스의 월 중 중도해지는 불가능하며, 다음달 서비스의 해지신청만 가능합니다. 자동 결제가 적용되는 아이템이나 서비스를 신청 한 후, 해당 아이디 영구정지 및 서비스운영정책 제8조 서비스 이용제한 처리 방법에 해당되는 회원일 경우 그 다음달 서비스는 자동 해지됩니다."
    ],
    "dvAntageous": "2",
    "illdcssBasiss": [
        "피조사인들의 위 약관조항은 계약이 성립되면 월 중 중도해지가 불가능하다고 규정하여 고객의 법률상 권리를 제한하고 있다."
    ],
    "relateLaword": [
        "제11조(고객의 권익 보호) \n고객의 권익에 관하여 정하고 있는 약관의 내용 중 다음 각 호의 어느 하나에 해당하는 내용을 정하고 있는 조항은 무효로 한다.\n  1. 법률에 따른 고객의 항변권, 상계권 등의 권리를 상당한 이유 없이 배제하거나 제한하는 조항"
    ],
    "unfavorableProvision": "2"
}