{
    "clauseField": "26",
    "ftcCnclsns": "1",
    "clauseArticle": [
        "제18조 여행자의 책임\n(8) 관광일정에서 이탈할 경우 1인 1박당 30불씩 지불하셔야 합니다"
    ],
    "dvAntageous": "2",
    "illdcssBasiss": [
        "여행지에서의 일정은 대금을 지급한 고객이 요구할 수 있는 권리이지 강제적으로 참가해야 할 의무라고는 할 수 없다.",
        "고객이 일정(예컨대 선택관광이나 쇼핑 등)을 원치 않거나 고객의 건강 등의 특별한 사정으로 현지에서의 일정에 참가하지 않을 경우에 일종의 위약금을 부과할 수 있도록 규정한 약관조항은 여행계약의 고객의 입장에서는 부당하게 불리한 것인 동시에 여행계약의 거래형태 등 제반사정에 비추어 예상하기 어려운 조항이다."
    ],
    "relateLaword": [
        "  ② 약관의 내용 중 다음 각 호의 어느 하나에 해당하는 내용을 정하고 있는 조항은 공정성을 잃은 것으로 추정된다.\n  1. 고객에게 부당하게 불리한 조항",
        "제6조(일반원칙) \n  ② 약관의 내용 중 다음 각 호의 어느 하나에 해당하는 내용을 정하고 있는 조항은 공정성을 잃은 것으로 추정된다.\n  2. 고객이 계약의 거래형태 등 관련된 모든 사정에 비추어 예상하기 어려운 조항\n"
    ],
    "unfavorableProvision": "1"
}