{
    "clauseField": "28",
    "ftcCnclsns": "1",
    "clauseArticle": [
        "제5조 (RENTAL SERVICE 요금의 계산)\n2항. 계약 개시의 월은 사용기간이 1개월 미달되는 경우에 00000 요금은 제2조 1항의 월기본료에서 기본매수를 초과하는 경우는 월 서비스 요금을 적용하며 기본매수가 미달된 경우는 일할 계산한 요금을 적용한다.",
        "3항. 계약 해지의 월은 사용기간이 1개월 미달되는 경우에도 00000 요금은 제2조 제1항의 월기본료 규정을 적용하여 계산한다."
    ],
    "dvAntageous": "2",
    "illdcssBasiss": [
        "피청구인의 약관을 보면 계약 개시 월의 요금 산정은 기본매수를 초과한 경우 월 기본요금을 적용하고 기본매수를 미달한 경우 일할 계산 요금을 적용하는 반면, 계약 해지 월의 경우 이용일수 및 기본매수와 상관없이 월 기본료를 적용하도록 되어 있다.",
        "계약기간을 준수한 고객 중 마지막 월 사용기간이 1개월에 미달되면서 기본매수도 채우지 못하고 종료하는 고객에게도 월 기본료 전체를 부과하도록 되어 있어 고객에게 특히 월 초반에 계약이 종료되는 고객에게 부당하게 불리한 것으로 보인다.",
        "계약을 중도에 해지하는 경우 해지에 대한 위약금 조항을 별도로 있으므로 해당 조항은 월 요금의 청산 조항으로 볼 수 있는데 계약 해지 시 각 당사자는 거래상대방으로부터 받은 급부를 원상회복함으로써 계약관계를 청산하여야 하므로 이용한 일수 및 매수에 따라 요금 산정이 되어야 할 것이다. 그러나 해당 조항에서는 일률적으로 월 기본료 전체를 적용하도록 되어 있어 이는 사업자의 원상회복 의무를 부당하게 경감하는  것으로 보인다."
    ],
    "relateLaword": [
        "제6조(일반원칙)\n② 약관의 내용 중 다음 각 호의 어느 하나에 해당하는 내용을 정하고 있는 조항은 공정성을 잃은 것으로 추정된다.\n1. 고객에게 부당하게 불리한 조항"
    ],
    "unfavorableProvision": "1"
}