{
    "clauseField": "7",
    "ftcCnclsns": "1",
    "clauseArticle": [
        "제7조(현금서비스)\n제5항  현금서비스금액과 동 수수료 및 이용수수료의 결제시기 및 방법은 제13조의 대금결제방식과 같습니다.\n제13조(대금결제)\n제1항 회원은 카드이용대금과 이에 수반되는 모든 수수료를 지정된 대금결제일에 자동대체결제방법 또는 회사본ㆍ지점에 직접지급하거나 은행의 지로창구를 이용한 회사의 지로계좌에 입금하는 방법으로 결제하여야 하며 대금결제일은 결제가능일 중에서 회원이 회원이 원하는 날로 지정할 수 있습니다."
    ],
    "dvAntageous": "2",
    "illdcssBasiss": [
        "현금서비스는 카드회원에게 단기간 소액의 금전을 간편하게 융자해주고자 하는 특수목적이 있기는 하나, 그 실질은 대출기간에 따라 수수료를 차등 있게 부과하는 금전사용대차계약에 해당되므로 상환액이나 상환방법 등에 있어서 일반금융대출과 달리 취급될 이유는 없다.",
        "현금서비스의 경우는 일반금융대출에 비해 고율의 수수료가 부과되고 있으므로 고객들의 중도상환 요구가 많을 뿐만 아니라 상환에 따른 실익 또한 크다.\n",
        "고객이 현금서비스를 받은 후 결제일전 일부금액을 상환하고자 할 경우에는 중도상환이 제한되어 일부금액을 상환하고자 하는 고객으로서는 동 금액에 해당하는 만큼의 결제일까지의 수수료를 추가로 부담해야 하는 바, 이는 고객에게 부당하게 불리한 조항이다."
    ],
    "relateLaword": [
        "제6조(일반원칙) \n  ② 약관의 내용 중 다음 각 호의 어느 하나에 해당하는 내용을 정하고 있는 조항은 공정성을 잃은 것으로 추정된다.\n  1. 고객에게 부당하게 불리한 조항"
    ],
    "unfavorableProvision": "1"
}