{
    "clauseField": "5",
    "ftcCnclsns": "1",
    "clauseArticle": [
        "제 18 조(계약 해제,해지)\n다음 각 호에 해당하는 경우 갑은 을에게 최고없이 본 계약을 해제 또는 해지할 수 있다.\n1. 을이 제4조의 계약금을 지불하지 않을 시\n2. 을이 계약내용을 위반하였을 시\n3. 을이 갑으로부터 지정받은 구역 외에 타 지역에서 임대사업을 하였을 시\n4. 을이 출고예정일 기준 10일 경과 시까지 잔금을 입금치 않을 시"
    ],
    "dvAntageous": "2",
    "illdcssBasiss": [
        "위 약관조항 제7조 제1,3,4항의 규정은 최고절차 없이 계약을 해지할 만한 이행불능의 사유에 해당하지 않으며, 제7조 2항의 규정은 계약해지의 사유를 포괄적으로 규정하고 있어 사업자에게 법률에서 규정하고 있지 아니하는 해제권,해지권을 부여하거나 법률의 규정에 의한 해제권,해지권의 행사요건을 완화하여 고객에 대하며 부당하게 불이익을 줄 우려가 있는 조항이다."
    ],
    "relateLaword": [
        "제9조(계약의 해제,해지) 계약의 해제,해지에 관하여 정하고 있는 약관의 내용 중 다음 각 호의 어느 하나에 해당되는 내용을 정하고 있는 조항은 무효로 한다.\n 2. 사업자에게 법률에서 규정하고 있지 아니하는 해제권 또는 해지권을 부여하여 고객에게 부당하게 불이익을 줄 우려가 있는 조항\n"
    ],
    "unfavorableProvision": "2"
}