{
    "clauseField": "5",
    "ftcCnclsns": "1",
    "clauseArticle": [
        "제 4 조(대금 정산) \n을은 갑에게 계약과 동시 판매기 총금액의 약 30퍼센트 일금 사백오십만원을 계약금으로 현금 입금 하여야 한다.",
        "제 7 조 (계약해제 및 위약금)\n5. 을의 귀책사유로 계약 해제시 계약금은 기계발주 됨으로 갑에게 귀속된다."
    ],
    "dvAntageous": "2",
    "illdcssBasiss": [
        "계약체결 후 기계가 발주됨을 전제로 총 거래대금의 30퍼센트를 손해배상액의 예정으로서 갑에게 귀속하도록 하는 피청구인의 위 약관조항은 고객에 대하여 부당하게 과중한 손해배상의무를 부담시키는 조항이다."
    ],
    "relateLaword": [
        "제8조(손해배상액의 예정) 고객에게 부당하게 과중한 지연 손해금 등의 손해배상 의무를 부담시키는 약관 조항은 무효로 한다."
    ],
    "unfavorableProvision": "2"
}