{
    "clauseField": "39",
    "ftcCnclsns": "1",
    "clauseArticle": [
        "제8조(회원의 제명 또는 자격제한) \n회원이 다음 각 호에 해당하는 행위를 한 때에는 운영위원회의 결의로 그 회원의 제명 또는 1년 이하의 기간을 정한 회원자격정지를 회사에 요구할 수 있고, 회사는 특별한 이유가 없는 한 동 운영위원회의 결의를 존중하여 이사회의 결의로서 회원의 제명 또는 자격을 제한할 수 있다. 회사는 미리 당해 회원의 변명과 의견개진의 기회를 줄 수 있다.",
        "제1호 클럽의 명예를 훼손하거나 질서를 문란케 하여 클럽의 품위와 질서를 현저히 손상시킨 비행을 저지른 때\n제3호 정당한 이유 없이 이 회칙과 클럽이용에 관한 규칙 및 규정을 고의로 위반하여 클럽질서를 현저히 문란하게 한 때\n제4호 기타 클럽의 명예와 품위보전을 위하여 운영위원회의 결의를 거쳐 회사가 회원으로서 부적격하다고 인정하는 상당한 결격사유가 있는 때"
    ],
    "dvAntageous": "2",
    "illdcssBasiss": [
        "해당 약관 조항은 회원의 제명 또는 회원의 자격정지와 같이 계약내용의 중대한 변경을 초래하는 경우임에도 불구하고, 구체적이고 명확한 기준 없이 추상적이고 불명확한 기준을 제시하여 사업자의 자의적 판단이 개입될 여지가 있는 바, 해당 조항은 고객에게 부당하게 불리하다고 판단된다.",
        "해당 약관조항은 사업자에게 법률에서 규정하고 있지 아니하는 해제권, 해지권을 부여하거나 법률의 규정에 의한 해제권, 해지권의 행사요건을 완화하여 고객에 대하여 부당하게 불이익을 줄 우려가 있는 조항이자 고객에 대하여 부당하게 불리한 약관조항이다."
    ],
    "relateLaword": [
        "제6조(일반원칙) \n② 약관의 내용 중 다음 각 호의 어느 하나에 해당하는 내용을 정하고 있는 조항은 공정성을 잃은 것으로 추정된다.\n1. 고객에게 부당하게 불리한 조항",
        "제9조(계약의 해제, 해지) \n계약의 해제, 해지에 관하여 정하고 있는 약관의 내용 중 다음 각 호의 어느 하나에 해당되는 내용을 정하고 있는 조항은 무효로 한다.\n2. 사업자에게 법률에서 규정하고 있지 아니하는 해제권 또는 해지권을 부여하여 고객에게 부당하게 불이익을 줄 우려가 있는 조항",
        "3. 법률에 따른 사업자의 해제권 또는 해지권의 행사 요건을 완화하여 고객에게 부당하게 불이익을 줄 우려가 있는 조항"
    ],
    "unfavorableProvision": "1"
}