{
    "clauseField": "1",
    "ftcCnclsns": "1",
    "clauseArticle": [
        "제5조 (가맹점 인테리어 시설공사)\n제1항 을은 점포 내외장의 통일을 위해서 을의 영업점포에 대한 인테리어공사 및 시설공사를 갑이 지정한 업체에서 실시토록 한다."
    ],
    "dvAntageous": "2",
    "illdcssBasiss": [
        "사업자가 제시하는 기준에 따를 경우 점포의 통일적 이미지 확보에 지장이 없음에도 가맹점설비 일체를 사업자로부터 공급받게 하고 인테리어공사를 피심인이 지정한 업체로만 하여금 시공하도록 하는 조항은 고객이 제3자와 계약을 체결하는 것을 부당하게 제한하는 조항이다."
    ],
    "relateLaword": [
        "제11조(고객의 권익 보호) \n고객의 권익에 관하여 정하고 있는 약관의 내용 중 다음 각 호의 어느 하나에 해당하는 내용을 정하고 있는 조항은 무효로 한다.\n3. 고객이 제3자와 계약을 체결하는 것을 부당하게 제한하는 조항"
    ],
    "unfavorableProvision": "2"
}