{
    "clauseField": "2",
    "ftcCnclsns": "1",
    "clauseArticle": [
        "제5조(담보제공)\n제1항 갑은 본 계약의 성실한 이행과 을에 대한 채무의 담보로서 현금, 부동산, 신용보증기금의 보증어음, 보증보험의 지급계약 보증보험, 은행의 지급보증서, 유가증권중 선택한 것을 을에게 제공한다\n제4항 상기 담보에는 이자가 발생하지 않는 것으로 한다."
    ],
    "dvAntageous": "2",
    "illdcssBasiss": [
        "피심인이 담보로 제공받은 현금 담보는 다른 담보물과는 달리 그 성질로 말미암아 담보역할 이외에 이자수입을 발생시키는 금전이므로 피심인은 이를 금융기관에 예치하여 이자수입을 얻거나 자기자금으로 활용하여 이득을 취할 수 있다.",
        "현금담보에 대하여 이자를 지급하지 않는다고 규정하여 피심인은 담보 이상의 금전적 이익을 받고 있는 반면 현금담보를 제공한 고객의 입장에서는 다른 담보물에 비하여 금전적 손실을 입고 있으므로, 이는 고객에 대하여 부당하게 불리한 조항이다."
    ],
    "relateLaword": [
        "제6조(일반원칙) \n② 약관의 내용 중 다음 각 호의 어느 하나에 해당하는 내용을 정하고 있는 조항은 공정성을 잃은 것으로 추정된다.\n1. 고객에게 부당하게 불리한 조항"
    ],
    "unfavorableProvision": "1"
}