{
    "clauseField": "5",
    "ftcCnclsns": "1",
    "clauseArticle": [
        "제 5 조(사후 관리) \n갑이 을에게 판매한 휴대폰 살균기는 제품 출고 후 일체 반품이 불가하다. "
    ],
    "dvAntageous": "2",
    "illdcssBasiss": [
        "민법 제580조 및 제581조에 따르면, 을이 갑으로부터 구입한 제품의 하자를 발견한 경우에 을은 갑에게 그 하자보수를 요청할 수 있으며, 하자보수가 불가능한 경우에는 반품을 요청할 수 있어야 하고 이 경우 쌍방의 귀책사유에 따라 제품 하자에 대한 책임을 부담하여야 함",
        "피청구인 약관조항은 갑이 공급하는 제품에 대해 일체 반품이 불가하다고 규정하여 상당한 이유없이 사업자의 하자 담보책임을 배제하고 있으므로 무효이다. "
    ],
    "relateLaword": [
        "제7조(면책조항의 금지) 계약 당사자의 책임에 관하여 정하고 있는 약관의 내용 중 다음 각 호의 어느 하나에 해당하는 내용을 정하고 있는 조항은 무효로 한다.\n3. 상당한 이유 없이 사업자의 담보책임을 배제 또는 제한하거나 그 담보책임에 따르는 고객의 권리행사의 요건을 가중하는 조항"
    ],
    "unfavorableProvision": "2"
}