{
    "clauseField": "25",
    "ftcCnclsns": "1",
    "clauseArticle": [
        "제 28 조 (과오납금의 환급)\n환불요청 시 필요한 서류는 다음과 같습니다.\nㅇ 주민등록증 사본(3개월 이내 발행된 주민등록초본 및 운전면허증 가능)\nㅇ 환불 받을 본인명의 통장계좌 사본(엠게임 아이디 명의와 동일)\nㅇ 신분증 사본의 주민번호 뒷 끝 6자리는 개인정보보호를 위하여 마킹을 해 주시기 바랍니다.\nㅇ 결제 수단에 따라  통화사실확인내역서, 요금상세내역서, 결제확인서 등을 요청할 수 있습니다."
    ],
    "dvAntageous": "2",
    "illdcssBasiss": [
        "별도의 동의 또는 법적 근거 없이 고유식별정보를 수집할 수 있도록 허용하고, 본인확인과 관련성이 없는 개인정보까지 수집할 수 있도록 하여 고객에게 부당하게 불리한 약관 조항에 해당하여 무효이다."
    ],
    "relateLaword": [
        "제6조(일반원칙) \n② 약관의 내용 중 다음 각 호의 어느 하나에 해당하는 내용을 정하고 있는 조항은 공정성을 잃은 것으로 추정된다.\n1. 고객에게 부당하게 불리한 조항"
    ],
    "unfavorableProvision": "1"
}