{
    "clauseField": "7",
    "ftcCnclsns": "1",
    "clauseArticle": [
        "제20조(상계)\n제2항 제1항에 의한 상계를 하는 경우 채권․채무의 이자 등과 제17조에 의한 연체료의 계산기간은 지연손해금의 계산기간은 카드사가 상계를 위한 계산을 하는 날까지로 하며 그 요율 및 상계순위는 카드사가 정하는 기준을 적용합니다."
    ],
    "dvAntageous": "2",
    "illdcssBasiss": [
        "채무의 변제기한이 도래하여 상계가 행하여질 경우 채무는 상계할 수 있었던 때에 소급하여 소멸(민법 제493조제2항)하므로 상계에 따른 계산기간은 상계적상이 생긴 시점까지의 기간에 해당된다.",
        "변제충당에 관한 민법규정이 임의규정이어서 계약당사자 사이의 합의에 의하여 충당의 방법이나 순서를 달리 정할 수도 있을 것이나, 당사자 사이의 개별적이고 명백한 특약이 아닌 약관의 형식으로 충당의 방법이나 순서를 정하는 것은 고객에게 불리할 수 있다.",
        "민법규정에 의하면 변제충당 지정은 일차적으로 당사자 사이의 자유로운 합의에 의하여, 당사자 사이의 합의가 없는 경우에는 i)변제자 ii)변제수령자의 지정(민법 제476조)에 의하여, 당사자 일방의 지정도 없는 경우에는 법정충당(민법 제477조)에 의하여 결정됨",
        "상계에 따른 계산기간 및 변제충당의 지정을 사업자가 일방적으로 정한 방법에 의하고 있는 위 약관조항은 법률의 규정에 의한 고객의 권리를 상당한 이유없이 배제하는 조항이자 고객에게 부당하게 불리한 조항이다."
    ],
    "relateLaword": [
        "제11조(고객의 권익 보호) 고객의 권익에 관하여 정하고 있는 약관의 내용 중 다음 각 호의 어느 하나에 해당하는 내용을 정하고 있는 조항은 무효로 한다.\n  1. 법률에 따른 고객의 항변권, 상계권 등의 권리를 상당한 이유 없이 배제하거나 제한하는 조항",
        "제6조(일반원칙) \n  ② 약관의 내용 중 다음 각 호의 어느 하나에 해당하는 내용을 정하고 있는 조항은 공정성을 잃은 것으로 추정된다.\n  1. 고객에게 부당하게 불리한 조항"
    ],
    "unfavorableProvision": "2"
}