{
    "clauseField": "33",
    "ftcCnclsns": "1",
    "clauseArticle": [
        "제12 조 (계약의 해지)\n4. 제1항 가입자가 전출이나 기타 사정으로 인하여 당사의  역무제공을 받을 수 없게 되었을 경우에는 가입자가 이미 납입한 금액에서 제반 비용을 차인한 후 다음의 규정에 정한 금액을 계약해제일로부터 60일 이내에 환불하여 드립니다. "
    ],
    "dvAntageous": "2",
    "illdcssBasiss": [
        "위약금 성격의 공제금액이 누적되어 총공제금액(피심인 00000의 경우 최대 계약금액의 35.5퍼센트, 피심인 00000의 경우 최대 계약금액의 34.5퍼센트)이 일반적인 거래관행상의 위약금(통상 총거래금액의 10퍼센트)을 훨씬 상회하는 동 약관 조항은 고객에 대하여 부당하게 과중한 손해배상의무를 부담시키는 조항이다."
    ],
    "relateLaword": [
        "제8조(손해배상액의 예정) 고객에게 부당하게 과중한 지연 손해금 등의 손해배상 의무를 부담시키는 약관 조항은 무효로 한다.",
        "제17조(불공정약관조항의 사용금지) 사업자는 제6조부터 제14조까지의 규정에 해당하는 불공정한 약관 조항(이하  불공정약관조항 이라 한다)을 계약의 내용으로 하여서는 아니 된다.",
        "제17조의2(시정 조치) \n① 공정거래위원회는 사업자가 제17조를 위반한 경우에는 사업자에게 해당 불공정약관조항의 삭제,수정 등 시정에 필요한 조치를 권고할 수 있다."
    ],
    "unfavorableProvision": "2"
}