{
    "clauseField": "38",
    "ftcCnclsns": "1",
    "clauseArticle": [
        "제 22 조 ( 휴차손해 등 부담)\n① 회원은 회원의 귀책사유에 의한 사고로 렌터카를 수리할 경우에는 렌터카 수리비용과 별도로 그 수리기간의 영업손해를 배상하여야 하고, 렌터카가 수리 불가능할 정도로 파손되거나 도난된 경우의 휴차손해 기간 결정은 해당차량의 차령 잔존기간으로 정합니다.\n② 회사는 제1항에 의하여 회원이 부담할 손해액을 정하는 경우 동종 차량의 대여요금 등을 감안한 객관적인 산정자료를 제시하여야 합니다.",
        "제 22 조 ( 휴차손해 등 부담)\n③ 회사가 제2항에 의한 객관적인 산정자료를 제시하지 않는 경우 회원은 수리기간 또는 재구매 및 등록에 소요되는 기간에 해당하는 기준대여요금의 50퍼센트를 부담하여야 하며, 제19조에 따라 보험 적용이 불가능한 경우에는 기준대여요금의 100퍼센트를 부담해야 합니다.",
        "제 22 조 ( 휴차손해 등 부담)\n④ 회원의 과실로 인한 자동차 수리를 위한 휴차를 하는 경우 회원은 자동차손해면책제도가입 유무와 관계없이 회사에게 그 휴차기간 동안 기준대여요금의 50퍼센트에 해당하는 휴차보상료(휴차보상료는 자동차수리일수 곱하기 해당 자동차 1일 기준대여료의 50퍼센트)를 배상하여야 합니다."
    ],
    "dvAntageous": "2",
    "illdcssBasiss": [
        "휴차손해는 사업자가 일정기간 영업을 하지 못해 발생한 영업 손해로서 사고차량에 대한 보험 적용 가능 여부와 관계없이 발생하는 것으로 볼 수 있으므로 보험적용이 불가능한 경우라 하여 그렇지 않은 경우보다 2배를 더 부담하도록 하는 것은 상당한 이유 없이 고객에게 부당하게 과중한 휴차손해를 부담하도록 한 것으로 부당하다."
    ],
    "relateLaword": [
        "제8조(손해배상액의 예정) \n고객에게 부당하게 과중한 지연 손해금 등의 손해배상 의무를 부담시키는 약관 조항은 무효로 한다."
    ],
    "unfavorableProvision": "2"
}