{
    "clauseField": "33",
    "ftcCnclsns": "1",
    "clauseArticle": [
        "제5조 회원의 월납입금 납부의무\n7) 월부금을 이유없이 3개월 이상 연체하였을 경우에는 당사는 이 계약을 자동해약하게 되며, 그 해약환불금은 지급하지 않는다."
    ],
    "dvAntageous": "2",
    "illdcssBasiss": [
        "회원이 월부금을 이유없이 3개월 이상 연체하여서 해약을 할 경우에도 기불입금액에서 적정 위약금을 공제하고, 잔액이 있는 경우에는 이를 반환하는 것이 타당하다 할 것임에도 해약환급금을 지급하지 않는 것은 계약자에게 \n부당하게 불리한 조항이라고 할 수 있음.",
        "해약환불금표와 계약자가 월부금을 이유없이 3개월 이상 연체하였을 경우 피심인이 해약환불금을 지급하지 않도록 규정한 1)제13조제5항은 고객에 대하여 부당하게 과중한 손해배상의무를 부담시키는 조항이다."
    ],
    "relateLaword": [
        "제8조(손해배상액의 예정) 고객에게 부당하게 과중한 지연 손해금 등의 손해배상 의무를 부담시키는 약관 조항은 무효로 한다."
    ],
    "unfavorableProvision": "2"
}