{
    "clauseField": "7",
    "ftcCnclsns": "1",
    "clauseArticle": [
        "제19조(회원자격정지 및 탈회)\n제1항 카드사는 회원님이 다음 각호의 1에 해당되는 경우 회원의 자격을 정지하거나, 카드사용을 일시정지할 수 있습니다. 이 경우 회사는 정지사유 및 정지사실을 통보하도록 합니다. (제2호 및 제5호의 경우 당해 금융기관 및 타금융기관 연체, 타금융기관 신용불량자 등록으로 인한 자격정지 및 카드이용 일시정지의 경우 통보하지 않음)\n제2호. 카드의 이용대금을 3개월이상 연체하였을 경우\n제5호. 다른 채무로 인하여 압류, 가압",
        "류, 강제집행, 임의경매 등의 대상이 되었거나 기타사유로 인하여 신용상태가 현저히 악화된 경우"
    ],
    "dvAntageous": "2",
    "illdcssBasiss": [
        "회원의 자격정지 및 일시정지는 법률상 계약해제 또는 기한의 이익상실에 해당하는 것으로서 계약의 해제나 기한의 이익상실은 중도에 법률관계를 종료시키는 중대한 법률요건이므로 회원의 자격을 정지시키고자 할 경우에는 상당기간을 정하여 최고한 후 자격을 정지시킴이 타당하다.",
        "결제대금 연체나 신용불량자 등재로 인한 회원의 자격정지는 카드사용을 일시정지한 후에도 가능할 것이므로 사전통지가 불가능하다고 볼 이유는 없다.",
        "타 금융기관의 연체 및 신용불량자 등재나, 일시정지의 경우에 있어서는 카드이용 특성(도덕적 해이 등)상 사전통보가 불가능하다면 사후에라도 통보함으로써 고객으로 하여금 불측의 피해를 예방할 수 있도록 하는 것이 계약의 신의성실의 원칙에 합당하다 할 것이다.",
        "연체로 인한 신용상태의 악화 또는 신용불량자 등재가 있을 경우 사전 및 사후통보절차 없이 회원의 자격을 정지하거나 일시정지가 가능토록 규정하고 있는 위 약관조항은 법률의 규정에 의한 해제권․해지권의 행사요건을 완화하여 고객에 대하여 부당하게 불이익을 줄 우려가 있는 조항이자 고객에게 부당하게 불리한 조항이다."
    ],
    "relateLaword": [
        "제9조(계약의 해제,해지) \n계약의 해제,해지에 관하여 정하고 있는 약관의 내용 중 다음 각 호의 어느 하나에 해당되는 내용을 정하고 있는 조항은 무효로 한다  \n2. 사업자에게 법률에서 규정하고 있지 아니하는 해제권 또는 해지권을 부여하여 고객에게 부당하게 불이익을 줄 우려가 있는 조항.",
        "제6조(일반원칙) \n  ② 약관의 내용 중 다음 각 호의 어느 하나에 해당하는 내용을 정하고 있는 조항은 공정성을 잃은 것으로 추정된다.\n  1. 고객에게 부당하게 불리한 조항"
    ],
    "unfavorableProvision": "1"
}