{
    "clauseField": "1",
    "ftcCnclsns": "1",
    "clauseArticle": [
        "제16조(제품인수)\n제1항 을은 제4조 제2항에 의거 제품 인수시 제품의 상태를 충분히 확인하여야 하며 상품의 수량, 중량, 변질 등 상품으로서 가치가 부적합할 때에는 인수 당일 확인하고 즉시 반품및 교환을 유선 또는 서면으로 요청하여야 하며, 을이 인수 후 제품의 하자가 발견될 시에는 을의 책임으로 하고, 책임한계가 불분명할 경우에는 공동균등부담으로 한다. 단 갑은 신의와 성실로 을에게 최상의 제품을 공급할 수 있도록 하여야 한다."
    ],
    "dvAntageous": "2",
    "illdcssBasiss": [
        "상인간 매매에서 매매 목적물에 즉시 발견할 수 없는 하자가 있는 경우 매수인이 6월내에 이를 발견하여 즉시 매도인에게 통지하면 계약의 해제, 대금감액 또는 손해배상을 청구할 수 있다.",
        "그런데 당해 약관조항에 따라 피심인은 합리적인 사유(예 : 유통기간이 6개월보다 짧은 경우)없이 위 상법규정보다 짧은 기한 안에 통지를 하여야만 위와 같은 책임을 진다."
    ],
    "relateLaword": [
        "제6조(일반원칙) \n② 약관의 내용 중 다음 각 호의 어느 하나에 해당하는 내용을 정하고 있는 조항은 공정성을 잃은 것으로 추정된다.\n1. 고객에게 부당하게 불리한 조항"
    ],
    "unfavorableProvision": "1"
}