{
    "clauseField": "38",
    "ftcCnclsns": "1",
    "clauseArticle": [
        "제6조(가격의 수령방법 등) \n회원은 다음 각 호에 따라 전자결제 방법 또는 회사가 인정하는 방법으로 사용요금을 결제하여야 합니다.\n1. 제16조에 따른 예약연장 금액 및 기타 서비스 사용료, 패널티 금액 등도 등록된 결제카드로 자동 결제됩니다."
    ],
    "dvAntageous": "2",
    "illdcssBasiss": [
        "해당 약관조항에는 사업자가 페널티 부과사항이라고 판단하기만 하면 사업자 임의로 결제가 가능하도록 하고 있어 고객은 항변할 기회  조차 없이 사업자가 정한 그대로 부담할 수밖에 없고, 설령 사후에 부과된 페널티를 환불받는다 하더라도 고객은 상당한 불편함을 감수할 수밖에 없다. 이는 고객에게 부당하게 불리한 조항이다."
    ],
    "relateLaword": [
        "제6조(일반원칙)\n② 약관의 내용 중 다음 각 호의 어느 하나에 해당하는 내용을 정하고 있는 조항은 공정성을 잃은 것으로 추정된다.\n1. 고객에게 부당하게 불리한 조항"
    ],
    "unfavorableProvision": "1"
}