{
    "clauseField": "5",
    "ftcCnclsns": "1",
    "clauseArticle": [
        "제 6조 (수수료)\n⑤ 대리점(설계사)은 위탁업무 수행시 보험계약법(상법), 보험업법, 보험업감독규정,  상호협정 등 관련 법규 상의 제반 의무 및 회사가   정한 위탁업무 수행 관련 제반 규정을 준수하여야 한다.\n",
        "회사와 대리점은 본 계약을 위반하여 상대방에게 손해를 끼치는 경우에는 그로 인해 생기는 일체의 손해에 대하여 배상의 책임을 진다. ",
        "대리점(설계사)의 고의 또는 과실로 인한 보험업 관련 제법규, 상호협정을 위반하여 회사에 경제적 손실(과징금, 과태료, 제재금 등)을 초래한 경우, 회사는 대리점(설계사)이 지급받을수수료에서 해당 손실액을 공제할 수 있다. ",
        "공정경쟁질서 유지에 관한 상호협정에 의거 고의, 과실로 모집질서 위반, 제재금 부과를 초래한 경우, 회사는 해당금액을 행위자에게 부과한다. "
    ],
    "dvAntageous": "2",
    "illdcssBasiss": [
        "상호협정의 주체는 손해보험사로 협정에 참여한 보험회사를 구속하며 건전한 모집 경쟁의 유도를 통해 보험가입자의 권익을 강화하고 결과적으로는 협정에 참여하는 보험사의 유,무형 이익 제고에 있다.",
        "제재금은 상호협정의 실행력을 담보하기 위한 수단의 성격으로 모집질서 위반 행위의 주체가 보험사인 경우 협정을 위반한 보험사의 행위에 대한 책임을 묻는 것이며, 위반행위 주체가 해당 보험사와 계약관계에 있는 보험대리점 및 보험설계사인 경우 모집질서 위반행위를 한 대리점과 설계사를 올바로 관리감독하지 못한 보험사의 책임을 묻는 것이다.",
        "피청구인은 제재금의 발생 원인이 보험대리점 또는 설계사에 있는 경우 대리점에 대한 제재금의 부과는 보험대리점이나 설계사의 부당 행위로 인해 발생한 피청구인의 손해 곧 협정에 의해 납부한 제재금을 구상하는 것이라고 하였으나 동 주장이 인정되기 위해서는 제재금이 보험사의 손해로 인정되어야 한다.",
        "상호협정에서 정하고 있는 제재금의 목적이나 성격, 구속하는 대상, 활용범위 등을 종합적으로 고려하면 보험사가 자발적으로 협정에 참여하고 있고 제재금 부과의 대상 및 규모도 자율적으로 결정한 점을 고려하면 제재금을 피청구인의 손해로 보기 어려운 측면이 있다. ",
        "청구인이 현 계약서를 근거로 제재금의 대부분을 대리점이나 설계사에게 손해배상 형태로 구상한다면 피청구인의 관리감독에 대한 책임은 전혀 묻지 않는 것으로 보험회사를 구속하여 건전한 모집 경쟁을 유도하고자 하는 협정의 기본 취지와 목적에 부합하지 않는다.",
        "피청구인인과 계약관계에 있는 보험대리점 및 설계사의 모집질서 위반 행위 방지를 위해서 피청구인의 관리 감독과 이를 위한 다양한 수단 강구의 필요성은 인정되나,이 건과 같이 상호협정의 당사자가 아닌 보험대리점이나 설계사에 대해 상호협정을 근거로 피청구인이 손해보험협회에 납부한 제재금을 부과하는 약관 조항은 보험사 자신이 부담하여야 할 책임을 보험대리점이나 설계사에게 전가하는 불공정 약관이다."
    ],
    "relateLaword": [
        "제7조(면책조항의 금지) 계약 당사자의 책임에 관하여 정하고 있는 약관의 내용 중 다음 각 호의 어느 하나에 해당하는 내용을 정하고 있는 조항은 무효로 한다.\n2. 상당한 이유 없이 사업자의 손해배상 범위를 제한하거나 사업자가 부담하여야 할 위험을 고객에게 떠넘기는 조항"
    ],
    "unfavorableProvision": "2"
}