{
    "clauseField": "39",
    "ftcCnclsns": "1",
    "clauseArticle": [
        "제6조 (제한사항)\n13. 회원이 다음의 각 항에 해당되는 행위가 있는 경우에는 운영위원회의 결의로 자격제한 또는 제명할 수 있다.\n가. 연회비 등 기타의 납입의무를 1개월 이상 이행치 않을 경우  \n나. 기타 운영위원회와 회사에서 회원으로서 부적격하다고 인정하였을 경우 "
    ],
    "dvAntageous": "2",
    "illdcssBasiss": [
        "회원의 제명 등 자격제한에 대한 구체적이고 명확한 기준없이  회사(운영위원회)가 회원으로서 부적격하다고 인정할 경우  와 같이 추상적이고 불명확한 규정을 두어 사업자가 자의적인 판단으로 결정할 우려를 배제할 수 없으므로 고객에게 부당하게 불리하다.",
        "상기 약관조항은 고객에 대하여 부당하게 불리한 약관조항이거나 사업자에게 법률에서 규정하고 있지 아니하는 해제권,해지권을 부여하거나 법률의 규정에 의한 해제권,해지권의 행사요건을 완화하여 고객에 대하여 부당하게 불이익을 줄 우려가 있는 조항이다."
    ],
    "relateLaword": [
        "제6조(일반원칙)\n② 약관의 내용 중 다음 각 호의 어느 하나에 해당하는 내용을 정하고 있는 조항은 공정성을 잃은 것으로 추정된다.\n1. 고객에게 부당하게 불리한 조항",
        "제9조(계약의 해제,해지) \n계약의 해제,해지에 관하여 정하고 있는 약관의 내용 중 다음 각 호의 어느 하나에 해당되는 내용을 정하고 있는 조항은 무효로 한다.\n2. 사업자에게 법률에서 규정하고 있지 아니하는 해제권 또는 해지권을 부여하여 고객에게 부당하게 불이익을 줄 우려가 있는 조항"
    ],
    "unfavorableProvision": "1"
}