{
    "clauseField": "25",
    "ftcCnclsns": "1",
    "clauseArticle": [
        "제13조(콘텐츠서비스)\n제3항 회사는 회원이 제3자로부터 선물 받은 콘텐츠나 회사로부터 무료로 제공받은 콘텐츠, 포인트로 구매한 콘텐츠 등은 서비스 사용 기간을 보증하지 않으며, 환불, 손해 배상 등의 책임을 지지 않습니다."
    ],
    "dvAntageous": "2",
    "illdcssBasiss": [
        "수익의 의사표시와 무관하게 선물하기의 철회를 금지하는 위 조항들은 법률에 따른 고객의 해제권 또는 해지권을 배제하거나 그 행사를 제한하는 조항이다."
    ],
    "relateLaword": [
        "제9조(계약의 해제,해지) \n계약의 해제,해지에 관하여 정하고 있는 약관의 내용 중 다음 각 호의 어느 하나에 해당되는 내용을 정하고 있는 조항은 무효로 한다.\n1. 법률에 따른 고객의 해제권 또는 해지권을 배제하거나 그 행사를 제한하는 조항",
        "제6조(일반원칙) \n② 약관의 내용 중 다음 각 호의 어느 하나에 해당하는 내용을 정하고 있는 조항은 공정성을 잃은 것으로 추정된다.\n1. 고객에게 부당하게 불리한 조항"
    ],
    "unfavorableProvision": "2"
}