{
    "clauseField": "26",
    "ftcCnclsns": "1",
    "clauseArticle": [
        "제12조(여행조건의 변경요건 및 비용 등의 정산)\n② 상기 일정은 항공 및 현지사정으로 변경될 수 있습니다."
    ],
    "dvAntageous": "2",
    "illdcssBasiss": [
        "원칙적으로 계약체결 당시에 약정된 여행가격 등의 계약조건은 약정한대로 확정되며, 사정변경이 있는 경우에는 계약 내용의 수정,변경 여부만이 문제될 수 있다.",
        "여행업자는 여행을 실행함에 있어서 원칙적으로 여행조건을 변경할 수 없고, 예외적으로 천재지변 등의 사정으로 여행사의 귀책사유 없이 여행자의 안전과 여행의 원만한 실행이 곤란한 때에만 여행일정 등의 여행조건을 변경할 수 있다.",
        "위 약관 조항은 일정이 변경(특히 여행자에게 불리한 여행조건으로의 변경)되는 사유를  항공 및 현지사정  과 같이 지나치게 포괄적이고 추상적으로 정하고 있기 때문에 여행사업자가 일정 등 거래조건의 변경을 일방적으로 결정하여 통보할 수 있도록 악용될 소지가 있다.",
        "해당 약관조항은 여행일정 등 여행조건의 변경을 포괄적이고 추상적인 요건에 해당하면 가능한 것으로 규정함으로써 상당한 이유없이 급부의 내용을 사업자가 일방적으로 결정하거나 변경할 수 있는 권한을 부여하는 조항이다."
    ],
    "relateLaword": [
        "제10조(채무의 이행) 채무의 이행에 관하여 정하고 있는 약관의 내용 중 다음 각 호의 어느 하나에 해당하는 내용을 정하고 있는 조항은 무효로 한다.\n  1. 상당한 이유 없이 급부의 내용을 사업자가 일방적으로 결정하거나 변경할 수 있도록 권한을 부여하는 조항"
    ],
    "unfavorableProvision": "2"
}