{
    "clauseField": "43",
    "ftcCnclsns": "1",
    "clauseArticle": [
        "제11조(제세금, 경비원보수, 개․보수비용등의 부담)\n제2항 매매목적물의 유지보존을 위하여 지급되는 경비원 보수, 연료비 및 개ㆍ보수 비용 등 일체의 관리비도 계약체결일 이후에는 을이 부담하기로 한다. "
    ],
    "dvAntageous": "2",
    "illdcssBasiss": [
        "매수인의 목적물에 대한 점유(사용) 여부에 따른 합리적인 구분 없이, 단지 계약을 체결하였다는 사실만으로 목적물을 사용하지도 못하고 있는 매수인에게 피심인이 부담하여야 할 계약체결일 이후의 경비원 보수 등 일체의 관리비용을 매수인에게 전가시킬 수 있도록 한 위 조항은 고객에 대하여 부당하게 불리하다."
    ],
    "relateLaword": [
        "제6조(일반원칙)\n  ② 약관의 내용 중 다음 각 호의 어느 하나에 해당하는 내용을 정하고 있는 조항은 공정성을 잃은 것으로 추정된다.\n  1. 고객에게 부당하게 불리한 조항"
    ],
    "unfavorableProvision": "1"
}