{
    "clauseField": "33",
    "ftcCnclsns": "1",
    "clauseArticle": [
        "제2조 (회원의 가입)\n5) 을은 회원 운명시 즉시(1시간안에) 제일 먼저 유선으로 회사에 통보하여야 한다. 그리고 갑이 발행한 회원증은 제2조 회원혜택사항을 한번(1회) 사용함으로써 그 효력이 상실되며 사용 후 필히 갑에게 반납하여야 한다."
    ],
    "dvAntageous": "2",
    "illdcssBasiss": [
        "기타 사유로 인해 을이 1시간 안에 통보를 못하였을 경우나, 가족에게 먼저 통보하였을 경우 을의 의무사항 위반에 해당되어 갑의 책임을 배제할 수 있는 이유가 될 수 있는 조항이다."
    ],
    "relateLaword": [
        "제6조(일반원칙)\n② 약관의 내용 중 다음 각 호의 어느 하나에 해당하는 내용을 정하고 있는 조항은 공정성을 잃은 것으로 추정된다.\n1. 고객에게 부당하게 불리한 조항"
    ],
    "unfavorableProvision": "1"
}