{
    "clauseField": "39",
    "ftcCnclsns": "1",
    "clauseArticle": [
        "제8조(평일회원 탈회) \n1) 회사는 탈회 승인을 할 경우 연회비를 제외한 입회 시 원금만을 반환한다.\n2) 연회비는 연간 이용에 대한 자격이용권으로 양도, 양수 또는 반환되지 않는다.",
        "제5조(회원권 종류 및 양도) \n5) 평일회원의 입회금은 평일회원자격 보증금으로 회사가 예치받아 1년간 거치하며 탈회, 제명, 사망, 법인해산인 경우에는 연회비를 제외한 원금만 반환한다. 단 천재지변 등 불가항력의 사태가 발생할 시에는 이사회의 결의에 따라 일정기간 반환을 정지할 수 있다. "
    ],
    "dvAntageous": "2",
    "illdcssBasiss": [
        "골프장 시설이용 회원계약과 같이 계속적 거래에 의한 채권관계가 종료될 때에는 계약당사자는 상호정산과 원상회복의무가 있으며, 채권이 그 성질상 양도를 허용하지 아니하는 경우를 제외하고 채권의 양도는 가능하다 할 것이고, 그럼에도 회원 탈회시 골프장 시설이용대가로 받는 연회비의 양도,양수를 제한하거나 반환하지 않는 것은 부당하다.",
        "평일회원의 탈회, 제명, 사망 및 법인이 해산될 경우에도 회원의 귀책사유를 불문하고 연회비를 반환하지 않는 것은 부당하므로 회원의 골프장시설 미사용 잔여기간에 대해서는 정산하여야 할 것이고, 따라서 위 약관조항은 사업자가 계약의 해제,해지로 인한 사업자의 원상회복의무나 손해배상의무를 부당하게 경감하는 조항이다."
    ],
    "relateLaword": [
        "제9조(계약의 해제,해지) \n계약의 해제,해지에 관하여 정하고 있는 약관의 내용 중 다음 각 호의 어느 하나에 해당되는 내용을 정하고 있는 조항은 무효로 한다.\n4. 계약의 해제 또는 해지로 인한 원상회복의무를 상당한 이유 없이 고객에게 과중하게 부담시키거나 고객의 원상회복 청구권을 부당하게 포기하도록 하는 조항"
    ],
    "unfavorableProvision": "2"
}