{
    "clauseField": "33",
    "ftcCnclsns": "1",
    "clauseArticle": [
        "제10조 (장례 서비스의 내용)\n반품은 소비자보호법에 의거하여 15일 이후에는 반품할 수 없다."
    ],
    "dvAntageous": "2",
    "illdcssBasiss": [
        "해당 약관조항은 상당한 이유없이 사업자의 담보 책임을 제한하는 이다."
    ],
    "relateLaword": [
        "제7조(면책조항의 금지) 계약 당사자의 책임에 관하여 정하고 있는 약관의 내용 중 다음 각 호의 어느 하나에 해당하는 내용을 정하고 있는 조항은 무효로 한다.\n3. 상당한 이유 없이 사업자의 담보책임을 배제 또는 제한하거나 그 담보책임에 따르는 고객의 권리행사의 요건을 가중하는 조항"
    ],
    "unfavorableProvision": "2"
}