{
    "clauseField": "43",
    "ftcCnclsns": "1",
    "clauseArticle": [
        "제14조(5)항 전단\n이 계약이 해제되었을 떼에는 \"갑\"은 \"을\"로 부터 수납한 매매대금중 계약금을 공제한 금을 \"을\"에게 반환하며 \"을\"이 \"갑\"에게 지급한 계약금은 당연히 \"갑\"에게 귀속한다. ",
        "제2조(매매대금)\n목적용지의 매매대금은 금5억3천5백만원정으로 한다.",
        "제3조(계약금)\n\"을\"은 이 계약체결과 동시에 \"갑\"에게 계약금으로 금1억5천6십만원정을 납부하여야 한다."
    ],
    "dvAntageous": "2",
    "illdcssBasiss": [
        "이 조항은 계약의 해제시 용지매매대금의 30퍼센트를 위약금으로 약정하고 있는 바,용지매매계약에 있어서 위약금은 총매매대금의 10퍼센트 정도로 약정하는 것이 일반적인 거래관행임에도 불구하고, 계약해제를 방지할 목적으로 위와같이 위약금을 약정한 것은 고객에 대하여 부당하게 과중한 지연해금등의 손해배상 의무를 부담시키는 것 이다."
    ],
    "relateLaword": [
        "제8조(손해배상액의 예정) \n고객에게 부당하게 과중한 지연 손해금 등의 손해배상 의무를 부담시키는 약관 조항은 무효로 한다."
    ],
    "unfavorableProvision": "2"
}