{
    "clauseField": "43",
    "ftcCnclsns": "1",
    "clauseArticle": [
        "제14조(5)항의 후단                                                       \n이 경우 갑이 을에게 반환하는 금액에는 이자를 부가하지 아니하며 갑에 대한 계약금의 귀속은 계약해제로 인하여 갑이 입은 손해에 대한 을의 배상의무를 면제하는 것은 아니다. "
    ],
    "dvAntageous": "2",
    "illdcssBasiss": [
        "갑(피심인)에 대한 계약금의 귀속은 계약해제로 인하여 갑이 입은 손해에 대한 을의 배상의무를 변제하는 것이 아니다라는 규정은 손해배상예정제도의 취지와 거래관행을 벗어나 사업자의 이익만을 고려한 것 이다."
    ],
    "relateLaword": [
        "제8조(손해배상액의 예정) \n고객에게 부당하게 과중한 지연 손해금 등의 손해배상 의무를 부담시키는 약관 조항은 무효로 한다.",
        "제18조(관청 인가 약관 등) \n① 공정거래위원회는 행정관청이 작성한 약관이나 다른 법률에 따라 행정관청의 인가를 받은 약관이 제6조부터 제14조까지의 규정에 해당된다고 인정할 때에는 해당 행정관청에 그 사실을 통보하고 이를 시정하기 위하여 필요한 조치를 하도록 요청할 수 있다."
    ],
    "unfavorableProvision": "2"
}