{
    "clauseField": "38",
    "ftcCnclsns": "1",
    "clauseArticle": [
        "제26조(책임제한)\n회사는 회원이 서비스에 게재한 정보, 자료, 사실의 신뢰도, 정확성에 대하여 책임을 지지 않겠습니다."
    ],
    "dvAntageous": "2",
    "illdcssBasiss": [
        "해당 약관조항은 서비스 내에 회원이 게재한 정보 등에 대해 사업자는 어떤 책임도 부담하지 않음을 규정하여 정보통신망법 등에서 규정하고 있는 사업자의 관리 책임 등 사업자의 법률상 책임을 배제하고 있으므로 이는 사업자의 고의 또는 과실로 인한 법률상의 책임을 배제하는 조항이다."
    ],
    "relateLaword": [
        "제7조(면책조항의 금지) \n계약 당사자의 책임에 관하여 정하고 있는 약관의 내용 중 다음 각 호의 어느 하나에 해당하는 내용을 정하고 있는 조항은 무효로 한다.\n2. 상당한 이유 없이 사업자의 손해배상 범위를 제한하거나 사업자가 부담하여야 할 위험을 고객에게 떠넘기는 조항"
    ],
    "unfavorableProvision": "2"
}