{
    "clauseField": "26",
    "ftcCnclsns": "1",
    "clauseArticle": [
        "(000특별여행약관)\n고객의 책임\n제1항 여행예약\n제1항의3호  예치금 30만원은 예약 확정 후 어떤 경우에도 환불이 불가능하며, 출발 45일전까지 해당 프로그램을 취소하실 경우 취소일로부터 5년 이내 000브랜드내 해당 예치금을 사용하실 수 있습니다."
    ],
    "dvAntageous": "2",
    "illdcssBasiss": [
        "여행 출발일 기준으로 6개월 전에도 예약이 완료되는 점을 고려하면 출발일까지 남아 있는 기간과 상관없이 일률적으로 예약금 전액을 위약금으로 부과하는 것은 소비자에게 과도한 손해 배상 의무를 부담하게 하는 조항임.",
        "국외여행업 표준약관 및 소비자분쟁해결기준에는 여행시작 30일 전 고객의 요청에 따른 예약 취소에는 계약금 전액을 환불하여 주도록 규정하고 있다. ",
        "50여개 국가에서 참가자를 받아 이를 본사에서 통합하는 체계인 점 등에 비추어 볼 때, 위 수정된 환불 가능 시기가 소비자의 권리를 지나치게 제약하는 것으로 보기는 어려울 것으로 보인다."
    ],
    "relateLaword": [
        "제8조(손해배상액의 예정) \n고객에게 부당하게 과중한 지연 손해금 등의 손해배상 의무를 부담시키는 약관 조항은 무효로 한다."
    ],
    "unfavorableProvision": "2"
}