{
    "clauseField": "5",
    "ftcCnclsns": "1",
    "clauseArticle": [
        "제19조(고용인의 채용 및 교육)\n을이 그 고용인을 채용할 시에는 갑과 협의하여 매장 내에서의 근무에 적합한 자를 채용하여야 한다."
    ],
    "dvAntageous": "2",
    "illdcssBasiss": [
        "사업자가 정당한 이유없이 자신의 영업활동범위를 벗어나 대리점 고유의 영업활동범위에 직접 관여하는 것은 부당하다 할 것이다.",
        "해당 약관조항은 대리점이 영업사원(고용인)을 채용할 때에 사업자와 사전에 협의하도록 규정한 것은 대리점의 독자적인 영업활동을 지나치게 제한하는 것이므로 고객에 대하여 부당하게 불리한 조항이다."
    ],
    "relateLaword": [
        "제6조(일반원칙)\n② 약관의 내용 중 다음 각 호의 어느 하나에 해당하는 내용을 정하고 있는 조항은 공정성을 잃은 것으로 추정된다.\n1. 고객에게 부당하게 불리한 조항"
    ],
    "unfavorableProvision": "1"
}