{
    "clauseField": "7",
    "ftcCnclsns": "1",
    "clauseArticle": [
        "제3조(약관의 명시․설명의무)\n제1항 사업자는 계약체결에 있어서 고객에게 약관의 내용을 계약의 종류에 따라 일반적으로 예상되는 방법으로 명시하고, 고객이 요구할 때에는 당해 약관의 사본을 고객에게 교부하여 이를 알 수 있도록 하여야 한다.  다만, 다른 법률의 규정에 의하여 행정관청의 인가를 받은 약관으로서 거래의 신속을 위하여 필요하다고 인정되어 대통령령이 정하는 약관에 대하여는 그러하지 아니하다."
    ],
    "dvAntageous": "2",
    "illdcssBasiss": [
        "약관의 명시의무는 약관의 성격이 법규가 아닌 계약의 일종이라는 점에서 편입통제의 방법으로 약관명시의무를 사업자에게 부과한 것은 고객으로 하여금 약관의 내용을 인식할 수 기회를 제공하도록 하는데 그 의의가 있다.",
        "신용카드사가 고객에게 교부하는 약관은 통상 다른 분야의 약관에서 정한 글자 크기보다 지나치게 작은 글자를 사용하여 평균적인 고객으로 하여금 읽기 곤란한 정도라 할 수 있다.",
        "신용카드사가 개인회원약관조항을 지나치게 작은 글자로 정한 것은 사업자가 계약체결에 있어서 고객에게 약관의 내용을 계약의 종류에 따라 일반적으로 예상되는 방법으로 명시한 것으로 볼 수 없을 것이므로 약관법 제3조 제1항 전단에서 정한 사업자의 약관명시의무를 위반한 것이다."
    ],
    "relateLaword": [
        "제3조(약관의 작성 및 설명의무 등) \n① 사업자는 고객이 약관의 내용을 쉽게 알 수 있도록 한글로 작성하고, 표준화,체계화된 용어를 사용하며, 약관의 중요한 내용을 부호, 색채, 굵고 큰 문자 등으로 명확하게 표시하여 알아보기 쉽게 약관을 작성하여야 한다. "
    ],
    "unfavorableProvision": "1"
}