{
    "clauseField": "25",
    "ftcCnclsns": "1",
    "clauseArticle": [
        "제6조 복구 지원 정책\n제2항 게임 기획이나 운영상 판단을 통해 이용자의 캐릭터 및 아이템 정보는 언제든지 수정 및 변경 혹은 삭제될 수 있으며, 이에 대한 복구는 진행되지 않습니다. "
    ],
    "dvAntageous": "2",
    "illdcssBasiss": [
        "고객의 게임 정보를 임의로 변경 , 삭제함으로써 회사의 저작권자로서의 권리만을 일방적으로 강조하고 이용자의 게임 서비스 이용에 따른 채권을 보장하지 않는 위 조항들은 고객에게 부당하게 불리한 조항이다."
    ],
    "relateLaword": [
        "제6조(일반원칙) \n② 약관의 내용 중 다음 각 호의 어느 하나에 해당하는 내용을 정하고 있는 조항은 공정성을 잃은 것으로 추정된다.\n  1. 고객에게 부당하게 불리한 조항"
    ],
    "unfavorableProvision": "1"
}