{
    "clauseField": "33",
    "ftcCnclsns": "1",
    "clauseArticle": [
        "제14조(계약의 해지 및 해약환급금)\n① 회원이 전출로 인해 당사의 역무제공을 받을 수 없게 되었을 경우 또는 부득이한 경우에는 계약을 해지할 수 있다."
    ],
    "dvAntageous": "2",
    "illdcssBasiss": [
        "장기지속적 계약관계의 특성을 지님으로써 소비자보호의 관점에서 계속거래의 유형으로 보아 방판법을 유추적용 함이 타당한 바, 이에 위 조항은 소비자에게 불리하게 규정하고 있어 이는 법률의 규정한 고객의 해제권 또는 해지권을 배제하거나 제한하는 이다."
    ],
    "relateLaword": [
        "제9조(계약의 해제,해지) 계약의 해제,해지에 관하여 정하고 있는 약관의 내용 중 다음 각 호의 어느 하나에 해당되는 내용을 정하고 있는 조항은 무효로 한다.\n  1. 법률에 따른 고객의 해제권 또는 해지권을 배제하거나 그 행사를 제한하는 조항"
    ],
    "unfavorableProvision": "2"
}