{
    "clauseField": "1",
    "ftcCnclsns": "1",
    "clauseArticle": [
        "제18조(경업의 금지) \n제1항 을은 계약기간 중 000와 경합하는 다른 여하한 동종 또는 유사한 업종의 영업을 새로이 시작하여서는 아니되며, 본 조항을 위반할 경우 중대한 계약위반이 되며, 갑은 이를 이유로 계약을 해지할 수 있다."
    ],
    "dvAntageous": "2",
    "illdcssBasiss": [
        "유사한 경쟁관계에 있는 업종까지 경업을 금지하는 위 약관조항의 밑줄 친 부분은 고객에게 부당하게 불리한 조항이다."
    ],
    "relateLaword": [
        "제6조(일반원칙) \n② 약관의 내용 중 다음 각 호의 어느 하나에 해당하는 내용을 정하고 있는 조항은 공정성을 잃은 것으로 추정된다.\n1. 고객에게 부당하게 불리한 조항"
    ],
    "unfavorableProvision": "1"
}