{
    "clauseField": "26",
    "ftcCnclsns": "1",
    "clauseArticle": [
        "(직항이용) 런던 6일 자유여행(단독특전:오이스터&뮤지컬)\nㅇ 취소규정  \n1) 항공권: 항공권의 경우, 일반 여행약관과 별도로 항공사의 특별약관에 의해 취소수수료가 부가됩니다.  \nㅇ 본상품은 기획상품으로 표준약관과는 다른 특별규정이 적용됩니다.  \n2) 항공권을 제외한 비용의 경우 보통 국외여행 표준약관의 규정을 따르지만,  \nㅁ 현지의 박람회 등 행사로 인해 호텔특별약관이 적용되는 날짜의 경우 ㅁ 취소시 ,호텔요금의100퍼센트 수수료 적용  ",
        "ㅁ 철도 패스 포함인 상품의 경우 철도 패스 발권 후에는 취소수수료가 적용됩니다.  \n   (보통 15퍼센트나 예약구간의 경우에는 환불되지 않음)  \n3) 항공권, 숙박 또는 기타 다른 서비스 등에서 부분적으로 사용한 나머지 부분은 환불되지 않습니다.  \n4) 항공권을 제외한 상품의 취소규정 ㅁ 국외여행 표준약관 적용"
    ],
    "dvAntageous": "2",
    "illdcssBasiss": [
        "피심인들의 특약상의 환불규정은 여행업계의 통상적인 거래관행, 계약취소시 이러한 통상적인 거래관행이 적용될 것이라는 고객의 기대 등에 비추어 볼 때 사업자의 이익이 보다 우선적으로 고려됨으로써 고객에게 부당하게 불리한 약관조항이라고 인정된다.",
        "피심인들의 환불관련 특약상품의 여행요금 구조, 계약 취소시 실제 발생하는 손해의 최대치까지 감안하여 특약상의 취소 수수료를 정하는 경향이 있다는 점 등에 비추어 볼 때 현행 환불관련 특약상의 취소 수수료 기준은 고객에게 부당하게 불리하다고 인정된다.",
        "피심인들이 환불관련 특약에 따라 고율의 취소 수수료를 부과하는 경우 예상 손해의 회피 가능성을 감안할 때 실제 손해보다 높은 경우가 상당수 발생할 수 있어 현행 취소 수수료 조항만으로는 불공정한 약관조항이라고 판단된다.",
        "항공료 등의 선지급을 이유로 한 환불관련 특약은 재판매를 통한 예상 손해의 회피 가능성이 충분히 반영되지 않을 수 있는 조항으로써 고객에게 부당하게 불리한 조항으로 인정된다."
    ],
    "relateLaword": [
        "제6조(일반원칙) \n  ② 약관의 내용 중 다음 각 호의 어느 하나에 해당하는 내용을 정하고 있는 조항은 공정성을 잃은 것으로 추정된다.\n  1. 고객에게 부당하게 불리한 조항"
    ],
    "unfavorableProvision": "1"
}