{
    "clauseField": "33",
    "ftcCnclsns": "1",
    "clauseArticle": [
        "제15조 (계약의 해지 및 해약환급금)\n② 1항의 규정에 따라 계약을 해지하였을 경우에는 당사는 회원이 이미 불입한 금액에서 제반 비용을 차인한 후 다음의 표에 정한 금액을 계약 해지일로부터 30일 이내에 환불 지급한다."
    ],
    "dvAntageous": "2",
    "illdcssBasiss": [
        "쌍무계약에서 계약해지나 철회에 따른 원상회복의 이행은 동시관계에 있으므로 특별한 사정이 없는 한 사업자는 빠른 시일 내에 즉시 정산환불하여야 함에도 아래와 같이 상당한 이유없이 30일의 기간을 두고 반환함을 규정하고 있어, 이는 고객에게 부당하게 불리한 것이다."
    ],
    "relateLaword": [
        "제6조(일반원칙) \n  ② 약관의 내용 중 다음 각 호의 어느 하나에 해당하는 내용을 정하고 있는 조항은 공정성을 잃은 것으로 추정된다.\n  1. 고객에게 부당하게 불리한 조항"
    ],
    "unfavorableProvision": "2"
}