{
    "clauseField": "39",
    "ftcCnclsns": "1",
    "clauseArticle": [
        "제21조 (분쟁의 해결) \n③ 이 약관은 필요에 따라 회원 협의회와 협의를 거쳐 개정할 수 있다."
    ],
    "dvAntageous": "2",
    "illdcssBasiss": [
        "해당 약관조항은 사업자가 필요한 경우에만 회원협의회와 협의하여 개정할 수 있도록 규정하고 있어 이는 고객에 대하여 부당하게 불리한 조항이다."
    ],
    "relateLaword": [
        "제6조(일반원칙)\n② 약관의 내용 중 다음 각 호의 어느 하나에 해당하는 내용을 정하고 있는 조항은 공정성을 잃은 것으로 추정된다.\n1. 고객에게 부당하게 불리한 조항"
    ],
    "unfavorableProvision": "1"
}