{
    "clauseField": "25",
    "ftcCnclsns": "1",
    "clauseArticle": [
        "제30조(준거법 및 재판관할)\n제2항 회사와 회원간 발생한 분쟁에 관한 재판 관할은  민사소송법  상의 관할 규정에 따릅니다."
    ],
    "dvAntageous": "2",
    "illdcssBasiss": [
        "고객은 동법에 의하여 소 제기 당시 소비자의 주소 및 거소를 관할하는 지방법원에 제기할 수 있으며, 이보다 불리하게 소비자의 관할을 제한하는 합의조항은 고객에게 부당하게 불리한 소송 제기 금지 조항 또는 재판관할의 합의 조항이다."
    ],
    "relateLaword": [
        "제14조(소송 제기의 금지 등) \n소송 제기 등과 관련된 약관의 내용 중 다음 각 호의 어느 하나에 해당하는 조항은 무효로 한다.\n1. 고객에게 부당하게 불리한 소송 제기 금지 조항 또는 재판관할의 합의 조항",
        "제6조(일반원칙) \n② 약관의 내용 중 다음 각 호의 어느 하나에 해당하는 내용을 정하고 있는 조항은 공정성을 잃은 것으로 추정된다.\n1. 고객에게 부당하게 불리한 조항"
    ],
    "unfavorableProvision": "2"
}