{
    "clauseField": "43",
    "ftcCnclsns": "1",
    "clauseArticle": [
        "제16조(계약의 해제) \n제5항 이 계약이 해제되었을 때에는 갑은 을로부터 수납한 매매대금증 계약보증금을 공제한 금액을 을에게 반환하며 을이 갑에게 지급한 계약보증금은 당연히 갑에게 귀속한다. 이 경우 갑이 을에게 반환하는 금액에는 이자를 부가하지 아니하며, 갑에 대한 계약보증금의 귀속은 계약해제로 인하여 갑이 입은 손해에 대한 을의 배상의무를 면제하는 것은 아니다."
    ],
    "dvAntageous": "2",
    "illdcssBasiss": [
        "점유자에게 인정되는 법정담보권임에도 불구하고, 이와 같은 유치권을 주장할 수 없도록 규정한 현행 약관조항은 법률의 규정에 의한 고객의 권리를 상당한 이유없이 배제하는 조항이다."
    ],
    "relateLaword": [
        "제11조(고객의 권익 보호) \n고객의 권익에 관하여 정하고 있는 약관의 내용 중 다음 각 호의 어느 하나에 해당하는 내용을 정하고 있는 조항은 무효로 한다.\n  1. 법률에 따른 고객의 항변권, 상계권 등의 권리를 상당한 이유 없이 배제하거나 제한하는 조항"
    ],
    "unfavorableProvision": "2"
}