{
    "clauseField": "1",
    "ftcCnclsns": "1",
    "clauseArticle": [
        "제9조(광고기금) \n제1항 갑은 프랜차이즈 전체의 발전을 위한 매체광고와 프로모션 프로그램 및 이의 시행을 위한 시장 소비자 조사를 시행한다. 이에 대한 비용조달을 위하여 을은 로열티 매출의 3.5퍼센트( VAT 별도)를 NAF(전국광고기금)의 형태로 갑에게 지급하여야 한다. 을이 요청하면 갑은 언제든지 전국광고기금(NAF)의 연간 사용내역을 공개하여야 한다."
    ],
    "dvAntageous": "2",
    "illdcssBasiss": [
        "위 약관조항은 광고비의 산출근거 및 가맹본부와 가맹점사업자의 광고비 분담비율에 대해서는 전혀 언급이 없다.위 약관조항은 고객에게 부당하게 불리한 조항이다."
    ],
    "relateLaword": [
        "제6조(일반원칙) \n② 약관의 내용 중 다음 각 호의 어느 하나에 해당하는 내용을 정하고 있는 조항은 공정성을 잃은 것으로 추정된다.\n1. 고객에게 부당하게 불리한 조항"
    ],
    "unfavorableProvision": "1"
}