{
    "clauseField": "38",
    "ftcCnclsns": "1",
    "clauseArticle": [
        "제8조 (자동차의 인수 및 등록）\n③ 회원은 자동차의 본격적인 사용 전에 자동차 외부와 내부에 이상이 없는지 반드시 검사해야 합니다",
        "④ 자동차 운전 전에 자동차의 파손이나 운행에 있어서 이상 징후가 있을 경우에는 회사에게 반드시 통보해야 합니다.",
        "⑤ 자동차의 사용을 시작하기 전에 이러한 통보를 하지 않았을 경우 자동차의 파손이나 모든 책임은 회원에게 있으며, 회사는 자동차 파손비용, 사용정지, 회원자격의 상실 등을 통보할 수 있습니다."
    ],
    "dvAntageous": "2",
    "illdcssBasiss": [
        "임대인은 임차인에게 차량을 이용하기 전에 차량상태를 점검하여 이상 발견 시 사업자에게 반드시 통보하도록 하고 있는데 운행 후에만 이상 징수를 느낄 수 있는 파손이나, 누구나 육안으로 확인할 수 없는 작은 흠집이나 손상 등 있을 수 있어 아무리 꼼꼼히 점검한다 하더라도 고객이 차량상태를 정확하게 점검·통보하는 것은 사실상 불가능하다 할 것이다.",
        "해당 약관조항은 고객이 자동차를 사용하기 전에 사업자에게 통보하지 않는 차량 파손 등에 대한 모든 책임을 일률적으로 고객이 지도록 규정하여 고객의 고의나 과실 등 책임이 없는 경우까지도 고객에게 그 책임을 전가시키고 있어상당한 이유 없이 사업자의 손해배상범위를 제한하거나 사업자가 부담하여야 할 위험을 고개에게 이전시키는 조항이다."
    ],
    "relateLaword": [
        "제7조(면책조항의 금지) \n계약 당사자의 책임에 관하여 정하고 있는 약관의 내용 중 다음 각 호의 어느 하나에 해당하는 내용을 정하고 있는 조항은 무효로 한다.\n2. 상당한 이유 없이 사업자의 손해배상 범위를 제한하거나 사업자가 부담하여야 할 위험을 고객에게 떠넘기는 조항"
    ],
    "unfavorableProvision": "2"
}