{
    "clauseField": "39",
    "ftcCnclsns": "1",
    "clauseArticle": [
        "제19조 (서비스 이용제한) \n(1) 다음 각 호에 해당할 경우는 회원의 자격을 일시정지, 또는 제명할 수 있다.\n1. 회비, 기타의 지불을 3개월 이상 미납하고 회사의 납입독촉에 불응하였을 때\n2. 본 회칙 및 클럽이 정하는 규칙을 위반하였을 때\n3. 클럽의 명예를 손상시키고 질서를 문란케 했을 때\n4. 회원카드를 본인이외에 대리 사용케 했을 때\n5. 기타 회원으로서 부당한 행위를 했을 때"
    ],
    "dvAntageous": "2",
    "illdcssBasiss": [
        "일시정지 및 제명의 사유에 대해 약관상에 모호하게 명시함으로서 사업자의 자의적인 판단에 의해 경미한 사유의 경우에도 회원의 자격이 정지되거나 소멸될 우려가 있어 해당 조항은 사업자가 법률에서 규정하고 있지 아니하는 해제권,해지권을 부여하거나 법률의 규정에 의한 해제권,해지권의 행사요건을 완화하여 고객에 대해 부당하게 불이익을 줄 우려가 있는 조항이다."
    ],
    "relateLaword": [
        "제9조(계약의 해제,해지) \n계약의 해제,해지에 관하여 정하고 있는 약관의 내용 중 다음 각 호의 어느 하나에 해당되는 내용을 정하고 있는 조항은 무효로 한다.\n2. 사업자에게 법률에서 규정하고 있지 아니하는 해제권 또는 해지권을 부여하여 고객에게 부당하게 불이익을 줄 우려가 있는 조항"
    ],
    "unfavorableProvision": "2"
}