{
    "clauseField": "25",
    "ftcCnclsns": "1",
    "clauseArticle": [
        "제14조 (아이템 서비스)\n제7항 보증기간이 표시된 유료아이템이나 본 약관 시행이전에 판매된 보증기간이  무제한  으로 표시된 유료아이템에 대한 사용은 회원의 정상적인 온라인 게임 이용을 전제로 한 이용권을 보장하는 것입니다. 단, 회원이 이용약관에 명시된 금지행위를 하여 그에 따른 제재로서 당해 계정이 이용제한 내지 삭제되는 경우, 아이템의 사용 또한 중지되며 회사는 회원에게 구매대금을 반환할 책임을 부담하지 아니합니다."
    ],
    "dvAntageous": "2",
    "illdcssBasiss": [
        "환불을 부당하게 제한하는 위 조항들은 계약의 해제 또는 해지로 인한 원상회복의무를 상당한 이유 없이 고객에게 과중하게 부담시키거나 고객의 원상회복 청구권을 부당하게 포기하도록 하는 조항이다."
    ],
    "relateLaword": [
        "제9조(계약의 해제,해지) \n계약의 해제,해지에 관하여 정하고 있는 약관의 내용 중 다음 각 호의 어느 하나에 해당되는 내용을 정하고 있는 조항은 무효로 한다.\n4. 계약의 해제 또는 해지로 인한 원상회복의무를 상당한 이유 없이 고객에게 과중하게 부담시키거나 고객의 원상회복 청구권을 부당하게 포기하도록 하는 조항",
        "제9조(계약의 해제,해지) \n계약의 해제,해지에 관하여 정하고 있는 약관의 내용 중 다음 각 호의 어느 하나에 해당되는 내용을 정하고 있는 조항은 무효로 한다.\n5. 계약의 해제 또는 해지로 인한 사업자의 원상회복의무나 손해배상의무를 부당하게 경감하는 조항",
        "제6조(일반원칙) \n  ② 약관의 내용 중 다음 각 호의 어느 하나에 해당하는 내용을 정하고 있는 조항은 공정성을 잃은 것으로 추정된다.\n  1. 고객에게 부당하게 불리한 조항"
    ],
    "unfavorableProvision": "2"
}