{
    "clauseField": "33",
    "ftcCnclsns": "1",
    "clauseArticle": [
        "제 13 조 (계약의 해지 및 해약환급금)\n⑨ (지사,지점계약서)\nㅇ 회사는 다음 각호에 해당되는 때에는 계약을 일방적으로 해지 할 수 있다.\n지사(점)이 개인이익 추구의 목적으로 동종 업종 또는 사업방법이 유사한 업종의 타사로 이적 또는 업무에 종사하였거나, 종사하고 있는 경우(명의와 관계없이 실질적으로 동 행위에 해당될 경우 포함)",
        "ㅇ 회사는 제5조 2)항 각호의 사유가 있는 경우에는 2주일의 기간을 정하여 서면으로 이행 또는 시정을 최고하고 그 이행 또는 시정이 이루어지지 아니할 경우 계약을 해지할 수 있다. 단, 제5조 2)항 ⑤부터⑪의 사유가 발생시는 회사는 그 사실을 안날로부터 당해 지사(점)의 영업코드의 권한을 해지한후 위의 절차를 거쳐 해지한다."
    ],
    "dvAntageous": "2",
    "illdcssBasiss": [
        "수임인은 독립된 사업자인 만큼 위임인의 업무와 동종업종이 아니라도  사업방식이 유사한 업종 에 까지 종사하는 경우 해지사유로 규정하는 것은 본사와 모집원간의 신뢰관계에 손상을 가하지 않는 모집원의 영업활동까지도 해지하겠다는 것으로 이는 사업자에게 법률에서 규정하고 있지 아니하는 해지권을 부여하는 것이다."
    ],
    "relateLaword": [
        "제9조(계약의 해제,해지) 계약의 해제,해지에 관하여 정하고 있는 약관의 내용 중 다음 각 호의 어느 하나에 해당되는 내용을 정하고 있는 조항은 무효로 한다.\n2. 사업자에게 법률에서 규정하고 있지 아니하는 해제권 또는 해지권을 부여하여 고객에게 부당하게 불이익을 줄 우려가 있는 조항"
    ],
    "unfavorableProvision": "2"
}