{
    "clauseField": "36",
    "ftcCnclsns": "1",
    "clauseArticle": [
        "제1조 \n예약금은 행사 예약 시 지불되어야 하며, 나머지 금액은 행사가 종료됨과 동시에 지불하셔야 합니다.(단, 서면 상 후불 약정한 경우는 제외됩니다.) \n예약금은 총 예상비용의 10%이상을 지불하셔야 하며, 환불되지 않습니다."
    ],
    "dvAntageous": "2",
    "illdcssBasiss": [
        "예약 취소시점이 언제든지 간에 계약금(예약금) 환불이 불가하다는 약관조항은 예식장측의 손해발생가능성을 인정하기 곤란한 예식일로부터 3개월전 이전에 계약을 해제한 경우, 예를 들어 예식일로부터 6개월전에 계약을 체결한 후 한 달이 지나 계약을 해제한 경우에도 계약금을 반환받지 못하게 되는 결과를 초래하게 되어 고객에게 부당하게 불리하게 된다. "
    ],
    "relateLaword": [
        "제8조(손해배상액의 예정) \n고객에게 부당하게 과중한 지연 손해금 등의 손해배상 의무를 부담시키는 약관 조항은 무효로 한다."
    ],
    "unfavorableProvision": "2"
}