{
    "clauseField": "7",
    "ftcCnclsns": "1",
    "clauseArticle": [
        "제10조(카드의 이용한도) : 000카드  \n제2항 카드사는 유효기간내 갱신발급시 회원의 월평균 결제능력, 신용도, 이용실적 등을 종합적으로 고려하여 회원의 이용한도를 조정할 필요가 있다고 판단되는 경우 이용한도를 조정하여 알려드립니다. 다만 이용한도를 증액하는 경우에는 회원이 요청하는 경우를 제외하고는 회원의 동의를 얻은 후에 증액하도록 합니다.(종전 이용한도 또는 회원이 과거 신청한 이용한도까지 증액하는 경우 서면으로 알려드립니다)",
        "제3항 회원은 이용한도액을 이용대금청구서, 인터넷, ARS 등을 통해 수시로 확인할 수 있으며, 카드사는 회원이 이용한도 감액을 요청하는 경우에는 이를 즉시 이용한도에 반영합니다. 다만 연체 등의 사유로 인해 이용한도를 감액할 경우에는 카드사는 이를 사후에 알려드립니다."
    ],
    "dvAntageous": "2",
    "illdcssBasiss": [
        "당초 이용한도액을 믿은 고객으로 하여금 이의를 제기하거나 다른 수단을 강구할 기회를 제공토록 하여 고객이 예상할 수 없었던 불이익을 최소화시키는 것이 이용계약 당사자간의 당초의 합의를 존중하는 동시에 사회 통념상 거래 당사자로서의 배려를 하는 것이고 신의성실의 원칙에 합당할 것이다.",
        " 카드사업자가 이용고객의 신용도 등을  평가하여 정한 이용한도액을 카드이용기간 중에 사유를 구분하지 아니하고 다시 카드사업자가 일방적으로 이용한도를 조정하는 경우 사실상 카드사의 필요에 따라 임의로 조정한 후 이를 사후에 통보하도록 되어 있는바(실제로 통상 다음번 이용대금명세표를 통해 통보), 이를 알지 못하고 자신의 형편에 따라 카드를 사용하려는 이용고객의 경우 예상치 못한 불이익 내지 낭패를 당할 가능성이 있다.",
        " 카드사가 사유 및 통지기간 등을 구별하지 않고 이용한도액을 감액할 수 있도록 하는 것은 회사의 사정 또는 고객의 신용도 등의 사정변경이 있는 경우에 고객이 예상치 못한 불이익 등을 당할 수 있는 것이므로, 동 조항은 고객에 대하여 부당하게 불리한 조항이다."
    ],
    "relateLaword": [
        "제6조(일반원칙) \n  ② 약관의 내용 중 다음 각 호의 어느 하나에 해당하는 내용을 정하고 있는 조항은 공정성을 잃은 것으로 추정된다.\n  1. 고객에게 부당하게 불리한 조항"
    ],
    "unfavorableProvision": "1"
}