{
    "clauseField": "36",
    "ftcCnclsns": "1",
    "clauseArticle": [
        "제8조 (계약의 해제)\n예약금은 일체 반환하지 않습니다."
    ],
    "dvAntageous": "2",
    "illdcssBasiss": [
        "예식일까지 상당한 기간 남아있는 경우 대체 고객을 확보할 가능성이 있다는 점 등을 고려할 때 예약금을 일체 반환하지 않는 조항은 고객에 대하여 부당하게 과중한 손해배상의무를 부담하게 하는 조항이다. "
    ],
    "relateLaword": [
        "제8조(손해배상액의 예정) \n고객에게 부당하게 과중한 지연 손해금 등의 손해배상 의무를 부담시키는 약관 조항은 무효로 한다."
    ],
    "unfavorableProvision": "2"
}