{
    "clauseField": "39",
    "ftcCnclsns": "1",
    "clauseArticle": [
        "제3조 (계약의 성립)\n회원은 회사가 정한 절차 및 서식에 따라 회원권을 양도할 수 있다. 단, 회원권 양도는 회사가 공시한 회원모집 마감일 익일부터 가능하다."
    ],
    "dvAntageous": "2",
    "illdcssBasiss": [
        "해당 약관조항은 회원의 자격제한 기준과 상관없이 회원권의 양도양수 그 자체를 금지하는 결과를 초래함으로써 회원의 재산적 권리행사를 자의적으로 제한할 수 있는 것으로서 고객에게 부당하게 불리하다."
    ],
    "relateLaword": [
        "제6조(일반원칙)\n② 약관의 내용 중 다음 각 호의 어느 하나에 해당하는 내용을 정하고 있는 조항은 공정성을 잃은 것으로 추정된다.\n1. 고객에게 부당하게 불리한 조항"
    ],
    "unfavorableProvision": "1"
}