{
    "clauseField": "1",
    "ftcCnclsns": "1",
    "clauseArticle": [
        "제16조(제품인수) \n제1항 을은 제4조 제2항에 의거 제품 인수시 제품의 상태를 충분히 확인하여야 하며 상품의 수량, 중량, 변질 등 상품으로서 가치가 부적합할 때에는 인수 당일 확인하고 즉시 반품 및 교환을 유선 또는 서면으로 요청하여야 하며, 을이 인수 후 제품의 하자가 발견될 시에는 을의 책임으로 하고, 책임한계가 분분명할 경우에는 공동균등부담으로 한다. 단 갑은 신의와 성실로 을에게 최상의 제품을 공급할 수 있도록 하여야 한다."
    ],
    "dvAntageous": "2",
    "illdcssBasiss": [
        "피심인이 가맹점사업자의 동의 없이 계약당사자의 지위를 양수인에게 이전할 수 있도록 규정한 당해 약관조항이다."
    ],
    "relateLaword": [
        "제12조(의사표시의 의제) 의사표시에 관하여 정하고 있는 약관의 내용 중 다음 각 호의 어느 하나에 해당하는 내용을 정하고 있는 조항은 무효로 한다.\n3. 고객의 이익에 중대한 영향을 미치는 사업자의 의사표시가 상당한 이유 없이 고객에게 도달된 것으로 보는 조항"
    ],
    "unfavorableProvision": "2"
}