{
    "clauseField": "2",
    "ftcCnclsns": "1",
    "clauseArticle": [
        "제16조 제2항(특기사항)\n본 계약물건은 중심상업지역 및 지구단위계획구역으로서 계약체결 이후 주변의 상록 및 기타 주변여건으로 인해 일조권, 조망권, 환경권, 소음, 사생활침해 등이 예상됨을 인지하여 본 계약을 체결하여야 하며, 이 부분에 대해서 을은 갑에게 일체의 이의를 제기하지 않는다."
    ],
    "dvAntageous": "2",
    "illdcssBasiss": [
        "피분양자로 하여금 계약체결 이후 발생될 수 있는 모든 침해 등에 대하여 계약변경 또는 수정을 위한 이의제기 절차가 허용되어야 한다",
        "피심인이 약관의 형태로 피분양자의 이의제기를 전면금지하는 조항은 계약의 거래형태 등 제반사항에 비추어 고객이 예상하기 어려운 상황에서 고객에게 부당하게 불리한 소제기의 금지조항이다."
    ],
    "relateLaword": [
        "제14조(소송 제기의 금지 등) \n소송 제기 등과 관련된 약관의 내용 중 다음 각 호의 어느 하나에 해당하는 조항은 무효로 한다.\n1. 고객에게 부당하게 불리한 소송 제기 금지 조항 또는 재판관할의 합의 조항\n2. 상당한 이유 없이 고객에게 입증책임을 부담시키는 약관 조항",
        "제6조(일반원칙) \n② 약관의 내용 중 다음 각 호의 어느 하나에 해당하는 내용을 정하고 있는 조항은 공정성을 잃은 것으로 추정된다.\n2. 고객이 계약의 거래형태 등 관련된 모든 사정에 비추어 예상하기 어려운 조항"
    ],
    "unfavorableProvision": "1"
}