{
    "clauseField": "36",
    "ftcCnclsns": "1",
    "clauseArticle": [
        "제2조 본 계약을 당사가 해지할 경우 계약금 배액을 배상하고, 사용자가 해지할 경우 계약금을 포기하며, 이에 대한 반환청구를 하지 않는다.\n제3조 계약자는 당사에 본 계약과 관련하여 사전 고지 없이 본 계약을 30일전 일방 해지할 경우 보증인원의 40%, 15일전 일방 해지시 보증인원의 60%, 7일전 일방해지 시 보증인원의 70%에 대한 손해배상을 당사에 지불한다."
    ],
    "dvAntageous": "2",
    "illdcssBasiss": [
        "예식일로부터 6개월전에 계약을 체결한 후 한 달이 지나 계약을 해제한 경우에도 계약금을 반환받지 못하게 되는 결과를 초래하게 되어 고객에게 부당하게 불리하게 된다. ",
        "식자재 확보 등 예식 및 피로연 준비가 임박한 시점이 아닌데도 불구하고 이를 반영한 위약금을 부과하는 것으로 규정한 약관조항은 고객에 대하여 부당하게 과중한 손해배상의무를 부담하게 한다.\n약관조항들은 고객에 대하여 부당하게 과중한 손해배상의무를 부담시키는 조항이다."
    ],
    "relateLaword": [
        "제8조(손해배상액의 예정) \n고객에게 부당하게 과중한 지연 손해금 등의 손해배상 의무를 부담시키는 약관 조항은 무효로 한다."
    ],
    "unfavorableProvision": "2"
}