{
    "clauseField": "39",
    "ftcCnclsns": "1",
    "clauseArticle": [
        "제10조(환불)\n만약 회원이 중간에 회원권의 중도 해지를 원할 경우 환불 관련 매출동의서에 서명하고 다음 금액을 공제 후 잔여금액을 환불을 받을 수 있다.\n제1호 계약시 지급한 금액에서 000을 제외한 금액의 10퍼센트에 상당하는 중도해지수수료와 가입시 면제된 가입비\n제2호 사용된 월회비\n제3호 예약된 000 강습료 79,000원 해지일까지의 이용일수에 해당하는 금액을 공제하고 잔여 금액을 환불받는다. "
    ],
    "dvAntageous": "2",
    "illdcssBasiss": [
        "해당 약관조항은 고객에 대하여 부당하게 과중한 손해배상의무를 부담시키는 약관조항이자 계약의 해제 또는 해지로 인한 고객의 원상회복의무를 상당한 이유없이 과중하게 부담시키거나 원상회복청구권을 부당하게 포기하도록 하는 조항이다."
    ],
    "relateLaword": [
        "제8조(손해배상액의 예정) \n고객에게 부당하게 과중한 지연 손해금 등의 손해배상 의무를 부담시키는 약관 조항은 무효로 한다.",
        "제9조(계약의 해제,해지) \n계약의 해제,해지에 관하여 정하고 있는 약관의 내용 중 다음 각 호의 어느 하나에 해당되는 내용을 정하고 있는 조항은 무효로 한다.\n3. 법률에 따른 사업자의 해제권 또는 해지권의 행사 요건을 완화하여 고객에게 부당하게 불이익을 줄 우려가 있는 조항"
    ],
    "unfavorableProvision": "2"
}