{
    "clauseField": "1",
    "ftcCnclsns": "1",
    "clauseArticle": [
        "제10조(계약의 해지) \n1항 갑은 다음 각 호의 사유가 있을 경우에는 계약기간에도 불구하고 별도의 통지 없이 본 계약을 해지하거나 수수료 지급을 유예할 수 있다.\n제10조1항 1호. 을이 본 계약의 전부 또는 일부를 위반한 경우\n제10조1항 7호. 기타 본 계약을 더 이상 지속시킬 수 없는 사유가 발생한 경우"
    ],
    "dvAntageous": "2",
    "illdcssBasiss": [
        "계약의 해제,해지는 계약 당사자의 이해에 중대한 영향을 미치는 사항이므로 그 사유를 약정하는 경우에도 구체적으로 열거되고 그 내용 또한 타당성을 가져야 할 것이다.\n그러나, 피청구인의 해당 약관조항은 본 계약의 전부 또는 일부위반, 본 계약을 더 이상 지속시킬 수 없는 사유 발생 등과 같이 지나치게 포괄적이고 불분명하게 규정되어 피청구인이 자의적으로 해석하여 계약을 해지할 소지가 있다. ",
        "해당 약관조항은 계약해지 사유를 포괄적이고 불명확하게 정함으로써 피청구인이 일방적이고 자의적인 판단에 의해 계약을 해지할 수 있도록 정하고 있으므로 이는 고객에 대하여 부당하게 불리한 조항으로서 약관법 제6조 제2항 제1호에 해당되어 무효이다."
    ],
    "relateLaword": [
        "제6조(일반원칙) \n  ② 약관의 내용 중 다음 각 호의 어느 하나에 해당하는 내용을 정하고 있는 조항은 공정성을 잃은 것으로 추정된다.\n  1. 고객에게 부당하게 불리한 조항"
    ],
    "unfavorableProvision": "1"
}