{
    "clauseField": "5",
    "ftcCnclsns": "1",
    "clauseArticle": [
        "제19조 (기타)\n④ 이 계약에 관하여 분쟁이 있는 경우에는 서울민사지방법원을 제1심관할법원으로 한다."
    ],
    "dvAntageous": "2",
    "illdcssBasiss": [
        "분쟁발생을 예상하여 재판관할을 당사자간의 특약 또는 개별약정으로 정할 수 있으나, 사업자와 고객간의 거래에 이용되는 약관상에 사업자의 주소지 관할법원을 재판적으로 하고 있는 현행 약관조항은 민사소송법상의 규정보다 고객의 응소상 불이익을 초래할 우려가 있기 때문에 동 약관조항은 고객에 대하여 부당하게 불리한 재판관할의 합의조항이다."
    ],
    "relateLaword": [
        "제14조(소송 제기의 금지 등) 소송 제기 등과 관련된 약관의 내용 중 다음 각 호의 어느 하나에 해당하는 조항은 무효로 한다.\n  1. 고객에게 부당하게 불리한 소송 제기 금지 조항 또는 재판관할의 합의 조항\n  2. 상당한 이유 없이 고객에게 입증책임을 부담시키는 약관 조항",
        "제17조(불공정약관조항의 사용금지) 사업자는 제6조부터 제14조까지의 규정에 해당하는 불공정한 약관 조항(이하  불공정약관조항 이라 한다)을 계약의 내용으로 하여서는 아니 된다.",
        "제17조의2(시정 조치) ① 공정거래위원회는 사업자가 제17조를 위반한 경우에는 사업자에게 해당 불공정약관조항의 삭제,수정 등 시정에 필요한 조치를 권고할 수 있다."
    ],
    "unfavorableProvision": "2"
}