{
    "clauseField": "38",
    "ftcCnclsns": "1",
    "clauseArticle": [
        "제21조(자동차 고장이나 사고발생 시)\n제4항 자동차의 견인, 수리 또는 다른 비용 지출이 발생하였을 경우에는 회사와 계약된 업체를 이용하여야 하며 이외에 다른 업체를 이용하였을 경우 요금이 부과될 수 있습니다.\n제5항 회원이 지정된 업체 외에 다른 업체를 사용한 경우 30,000원 미만에서는 영수증 제출 시 회원의 월간 청구서에서 공제가 가능하며, 그 외의 사항은 사전에 본사의 허가를 받은 경우와 운전자의 과실이 아닌 자동차의 고장으로 인했을 경우에 ",
        "한하여 공제가 가능합니다."
    ],
    "dvAntageous": "2",
    "illdcssBasiss": [
        "해당 약관조항은 사업자와 계약된 업체만을 이용하도록 규정하고, 지정된 업체 외에 다른 업체 이용 시 비용 상환에 제한을 두거나 책임을 지지 않는다는 규정을 두어 실질적으로 지정업체의 이용을 강제하고 있어 고객에게 부당하게 불리한 약관조항이다."
    ],
    "relateLaword": [
        "제6조(일반원칙)\n② 약관의 내용 중 다음 각 호의 어느 하나에 해당하는 내용을 정하고 있는 조항은 공정성을 잃은 것으로 추정된다.\n1. 고객에게 부당하게 불리한 조항"
    ],
    "unfavorableProvision": "1"
}