{
    "clauseField": "36",
    "ftcCnclsns": "1",
    "clauseArticle": [
        "제8조 (지불)\n제1항 약정계약금은 계약 총액의 10%를 지불합니다. 계약서 작성일 이후 7일간 계약의 취소 환불을 요구하는 유예기간을 가지며 유예기간이후 계약의 취소, 환불은 불가합니다.",
        "제2항 고객의 개인 사정이나 단순 변심에 의한 계약  취소 및 환불은 불가합니다.\n"
    ],
    "dvAntageous": "2",
    "illdcssBasiss": [
        "방문판매법이나 할부거래법에서 보장하고 있는 청약철회권의 행사가 불가능한 것으로 오인하여 권리 행사를 포기하도록 할 가능성이 높다. 따라서 위 조항은 법률에 따른 고객의 해제권 또는 해지권을 배제하거나 그 행사를 제한하는 조항이다."
    ],
    "relateLaword": [
        "제9조(계약의 해제,해지) \n계약의 해제,해지에 관하여 정하고 있는 약관의 내용 중 다음 각 호의 어느 하나에 해당되는 내용을 정하고 있는 조항은 무효로 한다.\n  1. 법률에 따른 고객의 해제권 또는 해지권을 배제하거나 그 행사를 제한하는 조항"
    ],
    "unfavorableProvision": "2"
}