{
    "clauseField": "2",
    "ftcCnclsns": "1",
    "clauseArticle": [
        "제2조 (잔금 납부시 분양대금의 10% 2년간 납부 유예) \n제7항 을은 수익자 부담원칙에 따라 상기 잔금납부유예분의 실행에 따른 비용을 모두 부담한다.(근저당권 설정 및 해지 비용, 채권 회수와 관련된 일체의 법적행위에 발생하는 비용 등 모든 비용 포함)"
    ],
    "dvAntageous": "2",
    "illdcssBasiss": [
        "고객에게 잔금납부유예제도를 포함한 여러 혜택을 부여하는 기본적인 이유는 사업자의 입장에서 해당 아파트에 대한 분양을 촉진하기 위한 것이므로, 사업자는 이 제도를 통해 분양 유도라는 이익을 얻고 있다고 할 것이다.",
        "잔금납부유예제도는 고객과 사업장 쌍방에게 모두 일정한 이익을 부여하고 있다고 할 것이므로, 결국 이 제도를 통해 발생하는 비용은 어느 일방이 부담할 성질의 것은 아니라고 할 것이다. 그리고 해당 비용들의 부담 주체는 각 비용의 성질에 따라 달리 판단될 것이다.",
        "잔금납부유예제도는 사업자와 고객 모두에게 이익이 되는 제도로서, 이와 관련된 비용들은 각 비용의 성질에 따라 당사자가 각자 부담해야 하는 것임에도, 해당약관조항은 위 비용들을 모두 고객에게 일방적으로 부담케 하고 있는 바, 무효라고 봄이 상당하다고 할 것이다."
    ],
    "relateLaword": [
        "제6조(일반원칙) \n① 신의성실의 원칙을 위반하여 공정성을 잃은 약관 조항은 무효이다.\n② 약관의 내용 중 다음 각 호의 어느 하나에 해당하는 내용을 정하고 있는 조항은 공정성을 잃은 것으로 추정된다.\n1. 고객에게 부당하게 불리한 조항"
    ],
    "unfavorableProvision": "1"
}