{
    "clauseField": "36",
    "ftcCnclsns": "1",
    "clauseArticle": [
        "제8조 (지불약정)\n제1항 계약금은 계약 총액의 30%를 지불하여야 하며, 잔금은 촬영 7일전까지 완불하셔야 합니다.\n",
        "제2항 고객의 개인 사정이나 단순 변심에 의한 계약  취소 및 환불은 불가합니다.\n"
    ],
    "dvAntageous": "2",
    "illdcssBasiss": [
        "가연웨딩 주식회사는 계약금을 30퍼센트를 지불하고 고객의 사정으로 인한 계약취소 시 환불은 불가하다고 규정하고, 듀오정보주식회사는 계약금은 총액의 20퍼센트를 지불하고 해약시 계약금은 반환되지 않는다고 규정하고 있다. ",
        "고객에게 부당하게 과중한 손해배상 의무를 부담시키는 조항이자 계약의 해제․해지로 인한 고객의 원상회복청구권을 부당하게 포기하도록 하는 약관조항이다."
    ],
    "relateLaword": [
        "제8조(손해배상액의 예정) \n고객에게 부당하게 과중한 지연 손해금 등의 손해배상 의무를 부담시키는 약관 조항은 무효로 한다."
    ],
    "unfavorableProvision": "2"
}