{
    "clauseField": "5",
    "ftcCnclsns": "1",
    "clauseArticle": [
        "제 4 조(계약위반의 조치\n갑은 을에 대하여 별도로 최고를 요하지 않고 본 계약을 해제하여 일절의 채무에 관한 기한의 이익을 상실시켜 즉시 채무를 완제시키고 또는 담보권을 실행할 수 있다. 또한 갑은 을에 대하여 위약금 일금 오천만원 및 손해배상을 청구할 수 있다."
    ],
    "dvAntageous": "2",
    "illdcssBasiss": [
        "당사자간의 개별약정에서 계약조건 이행을 담보하기 위해 위약벌을 정하는 것은 가능하나, 계약 상대방이 사전 특정되지 않고 그 내용의 사전협의가 불가능한 약관의 형태로 위약벌 조항을 두는 것은 고객에게 부당하게 과중한 손해배상의 의무를 부담시키는 것으로 불공정약관 조항이다."
    ],
    "relateLaword": [
        "제8조(손해배상액의 예정) 고객에게 부당하게 과중한 지연 손해금 등의 손해배상 의무를 부담시키는 약관 조항은 무효로 한다."
    ],
    "unfavorableProvision": "2"
}