{
    "clauseField": "2",
    "ftcCnclsns": "1",
    "clauseArticle": [
        "제3조 (분양가격 미만으로 시세 하락시 원금 보장제 적용) \n제3항 을은 병과 입주자 대표회의의 평가업자 선정이나 기타 시세가액 산정 및 평가 방법 등과 관련하여 누구를 상대로 하여서도 일체의 이의, 민원 등을 제기하지 아니할 것을 확인하며, 만일 을이 이의, 민원 등을 제기할 경우, 그 사유를 불문하고 위 제1항에 따른 원금보장제는 적용하지 않기로 하고 병은 분양가격 미만으로 시세 하락 시에도 을에게 어떠한 책임도지지 않는다."
    ],
    "dvAntageous": "2",
    "illdcssBasiss": [
        "감정평가업자 선정이나 시세가액 산정방법 등에 합리성이 있다고 하더라도, 구체적인 진행과정에서 고객의 불만이 없을 거라고 단정할 수 없고, 고객은 자신의 재산권과 직결되는 이 문제에 대하여 정당한 이의제기를 할 수 있는 권리가 있다고 할 것이다.",
        "해당약관조항은 절차상의 번거로움을 피하기 위해 고객으로 하여금 일체의 민원 제기를 금지하고, 민원을 제기하는 경우에는 원금보장제도의 혜택까지 빼앗고 있어, 고객의 권리를 지나치게 제한하고 있다고 할 것이다."
    ],
    "relateLaword": [
        "제11조(고객의 권익 보호) \n고객의 권익에 관하여 정하고 있는 약관의 내용 중 다음 각 호의 어느 하나에 해당하는 내용을 정하고 있는 조항은 무효로 한다.\n1. 법률에 따른 고객의 항변권, 상계권 등의 권리를 상당한 이유 없이 배제하거나 제한하는 조항"
    ],
    "unfavorableProvision": "2"
}