{
    "clauseField": "43",
    "ftcCnclsns": "1",
    "clauseArticle": [
        "제14조 할인금 반환 및 손해배상액\n제3항 또한 이 계약에 의한 렌탈료(리스료)의 지급이행을 지연한 경우 갑은 청구금원에 연30%의 지연배상금을 더하여 을에게 청구하기로 한다."
    ],
    "dvAntageous": "2",
    "illdcssBasiss": [
        "금전채무의 전부 또는 일부의 이행을 명하는 판결을 선고하는 경우 금전채무불이행으로 인한 손해배상액 산정의 기준이 되는 법정이율은 소송촉진 등에 관한 특례법 제3조 제1항에 대한 규정에서 연 20퍼센트로 정하고 있다. 또한, 시중은행(000)의 신용대출 연체금리는 최고 연 18퍼센트로 정하고 있다.",
        "해당 약관조항의 지연이자율은 연 30퍼센트로, 위 법정이율 또는 대출 연체금리에 비하면 과다하다고 할 것이다. 그렇다면 위 약관조항은 고객에 대하여 부당하게 과중한 지연손해금의 손해배상 의무를 부담시키는 조항에 해당한다."
    ],
    "relateLaword": [
        "제8조(손해배상액의 예정) \n고객에게 부당하게 과중한 지연 손해금 등의 손해배상 의무를 부담시키는 약관 조항은 무효로 한다."
    ],
    "unfavorableProvision": "2"
}