{
    "clauseField": "36",
    "ftcCnclsns": "1",
    "clauseArticle": [
        "제8조\n1. 계약체결규정\n제2항 고객과 웨딩업체간의 거래 책임은 양자간에 있으며, 당사는 양자간 알선 및 중재 업무를 진행합니다."
    ],
    "dvAntageous": "2",
    "illdcssBasiss": [
        "고객과 웨딩업체간의 거래에 대한 책임은 양자 간에 있다고 규정한 조항은 상당한 이유 없이 사업자의 손해배상범위를 제한하거나 사업자가 부담하여야 할 위험을 고객에게 떠넘기는 조항이다."
    ],
    "relateLaword": [
        "제7조(면책조항의 금지) \n계약 당사자의 책임에 관하여 정하고 있는 약관의 내용 중 다음 각 호의 어느 하나에 해당하는 내용을 정하고 있는 조항은 무효로 한다.\n  2. 상당한 이유 없이 사업자의 손해배상 범위를 제한하거나 사업자가 부담하여야 할 위험을 고객에게 떠넘기는 조항"
    ],
    "unfavorableProvision": "2"
}