{
    "clauseField": "7",
    "ftcCnclsns": "1",
    "clauseArticle": [
        "제17조(카드의 도난, 분실신고와 보상처리)  : 000카드, 000카드  \n제3항 회원은 제2항에 불구하고 다음 각호의 1에 해당할 경우에는 부정사용(도난ㆍ분실 신고 시점 이후에 발생한 경우 제외)에 따른 모든 책임을 부담합니다.\n제1호 . 회원의 고의 또는 관리소홀로 인한 부정사용의 경우(제2호 생략)\n제3호  회원의 가족, 동거인(사실상의 동거인 포함)에 의한 부정사용, 이들이 관련하여 생긴 부정 사용의 경우(이하 생략)"
    ],
    "dvAntageous": "2",
    "illdcssBasiss": [
        "회원이 분실,도난 신고를 한 경우 원칙적으로 카드사가 보상해야 할 부분을 예외적으로 일정한 요건 하에 면책하는 것이므로 이를 엄격하게 규정함이 타당하다 할 것이나  이들이 관련하여 생긴 부정사용의 경우 라고 지나치게 포괄적으로 규정하여카드사의 자의적인 해석과 판단에 따라 회원에게 그 책임을 부담시키고 있는 바이다.",
        "이는 상당한 이유없이 사업자의 손해배상범위를 제한하거나 사업자가 부담하여야 할 위험을 고객에게 이전시키는 조항으로 약관법 제7조 제2호에 해당된다."
    ],
    "relateLaword": [
        "제7조(면책조항의 금지) \n계약 당사자의 책임에 관하여 정하고 있는 약관의 내용 중 다음 각 호의 어느 하나에 해당하는 내용을 정하고 있는 조항은 무효로 한다.\n  2. 상당한 이유 없이 사업자의 손해배상 범위를 제한하거나 사업자가 부담하여야 할 위험을 고객에게 떠넘기는 조항"
    ],
    "unfavorableProvision": "2"
}