{
    "clauseField": "39",
    "ftcCnclsns": "1",
    "clauseArticle": [
        "제15조 (사용료의 반환)\n④환불금 지급일은 익월말로 한다."
    ],
    "dvAntageous": "2",
    "illdcssBasiss": [
        "청산의무의 이행은 특별한 사정이 없는 한 빠른 시일 내에 이루어져야 하나, 해당 약관규정은 상당한 이유없이 해약환불금 지급일을 익월말로 하도록 규정하고 있으므로 이는 고객에게 부당하게 불리한 것이다."
    ],
    "relateLaword": [
        "제6조(일반원칙)\n② 약관의 내용 중 다음 각 호의 어느 하나에 해당하는 내용을 정하고 있는 조항은 공정성을 잃은 것으로 추정된다.\n1. 고객에게 부당하게 불리한 조항"
    ],
    "unfavorableProvision": "1"
}