{
    "clauseField": "26",
    "ftcCnclsns": "1",
    "clauseArticle": [
        "해외호텔 검색 시 (취소규정) 상  \no 환불불가 조항\n(이 요금은 예약확정 후 변경 취소 시 지불하신 금액은 환불되지 않습니다.)"
    ],
    "dvAntageous": "2",
    "illdcssBasiss": [
        "일반적으로 숙박예정일까지 아직 상당한 기간이 남아 있는 경우에는 고객이 숙박예약을 취소하더라도 해당 객실이 재판매될 가능성이 매우 높으며 재판매가 이루어진다면 피조사인들 및 관련 호텔의 손해는 거의 없다고 할 수 있다.",
        "이와 같은 점을 고려하면 이 사건 심사대상 약관조항은 고객의 예약취소로 인해 예상되는 손해액의 크기에 비해 과다한 위약금을 부과하고 있다고 판단된다."
    ],
    "relateLaword": [
        "제8조(손해배상액의 예정) \n고객에게 부당하게 과중한 지연 손해금 등의 손해배상 의무를 부담시키는 약관 조항은 무효로 한다."
    ],
    "unfavorableProvision": "2"
}