{
    "clauseField": "2",
    "ftcCnclsns": "1",
    "clauseArticle": [
        "제5조(계약의 해제 및 위약금)\n제6항 본 계약이 해제된 경우  병  또는  정 의 보증에 따라  을 이 금융기관으로부터 대출받은 대출금이 있는 경우에는  을 은 대출원리 ( 갑 이  을 을 대신하여 금융기관에 대납한 대출이자) 전액 및 각종 수수료 등을 포함한다.",
        "제7항 계약이 해제된 경우에는 1개월 이내에 대출원리금 및 위약금을 공제 후 환불한다. 다만  을 이 중도금 대출을 받은 경우에는 중도금 대출 금융기관에 직접 지급하여 대출원리금 채무변제에 충당하기로 하며,  을 은 이에 대하여 일체의 이의를 제기치 않기로 한다."
    ],
    "dvAntageous": "2",
    "illdcssBasiss": [
        "반환하여야할 분양대금에서 위약금 등을 우선 공제한 금액에 대하여 이자를 지급하도록 하고 있으며, 제5조 제1항 및 제2항의 경우에 의해 계약이 해지할 경우에는 이자를 지급하지 않도록 하고 정하고 있어, 계약의 해제․해지로 인한 사업자의 원상회복의무를 부당하게 경감하는 조항이다. "
    ],
    "relateLaword": [
        "제9조(계약의 해제,해지) \n계약의 해제,해지에 관하여 정하고 있는 약관의 내용 중 다음 각 호의 어느 하나에 해당되는 내용을 정하고 있는 조항은 무효로 한다.\n4. 계약의 해제 또는 해지로 인한 원상회복의무를 상당한 이유 없이 고객에게 과중하게 부담시키거나 고객의 원상회복 청구권을 부당하게 포기하도록 하는 조항"
    ],
    "unfavorableProvision": "2"
}