{
    "clauseField": "38",
    "ftcCnclsns": "1",
    "clauseArticle": [
        "자동차 임대차계약서 제16조\n고급자차 보험 가입 후 사고발생시 면책금과 휴차료가 발생하지 않습니다. (단, 수리비가 자차한도액을 초과하는 경우 수리비 초과분과 휴차보상료 발생 // 100만원 이상 사고시 감가상각비(차량 현시세의 10%) 또는 격락손해비(차량수리견적의 20%) 임차인님 부담입니다. (둘중 선택은 당사결정)"
    ],
    "dvAntageous": "2",
    "illdcssBasiss": [
        "해당 약관조항은 100만원 이상 수리비가 발생한 사고의 경우 일률적으로 차량 현시세의 10퍼센트 또는 차량수리견적의 20퍼센트를 시세하락손해로 정하고 있어 차량 연식이나 주행거리, 파손 부위 및 경중 등 사고차량의 개별적 사정을 고려하고 있지 않아 차량 연식이나 주행거리가 짧거나 파손 부위나 정도가 중하지 않은 고객들에게 부당하게 과중한 손해배상의무를 부담시키고 있다. "
    ],
    "relateLaword": [
        "제8조(손해배상액의 예정) \n고객에게 부당하게 과중한 지연 손해금 등의 손해배상 의무를 부담시키는 약관 조항은 무효로 한다."
    ],
    "unfavorableProvision": "2"
}