{
    "clauseField": "5",
    "ftcCnclsns": "1",
    "clauseArticle": [
        "제 7 조(계약 해지에 따른 의무사항)\n계약 해지에 따라 갑이 제품 회수 시는 다음 각 호에 의한다. \n1.  3개월 이상 6개월 미만의 제품은 갑이 공급한 가격의 70퍼센트            \n2.  6개월 이상의 제품은 갑이 공급한 가격의 50퍼센트 \n3.  1년 이상 2년 미만의 제품은 갑이 공급한 가격의 30퍼센트\n4.  2년 이상의 제품은 갑이 제품 회수를 하지 않는다."
    ],
    "dvAntageous": "2",
    "illdcssBasiss": [
        "제품회수 시 정산가의 산정기준을 위와 같이 불분명한 상태로 둘 경우 대리점은 정산가격을 사전에 예측하기 어렵고, 본사는 개별 대리점에 따라 임의로 정산가격을 달리 산정할 수 있으므로 대리점에게 지나치게 불리하다."
    ],
    "relateLaword": [
        "제6조(일반원칙)\n② 약관의 내용 중 다음 각 호의 어느 하나에 해당하는 내용을 정하고 있는 조항은 공정성을 잃은 것으로 추정된다.\n1. 고객에게 부당하게 불리한 조항"
    ],
    "unfavorableProvision": "1"
}