{
    "clauseField": "43",
    "ftcCnclsns": "1",
    "clauseArticle": [
        "제9조 \n을이 본 계약상 대금불입의무를 위반한 경우 을은 연체금액에 대하여 각 연체일로부터 불입일까지 년 24%의 비율에 의한 지연손해금을 연체금액에 우선하여 갑에게 지급하여야 한다."
    ],
    "dvAntageous": "2",
    "illdcssBasiss": [
        "지연손해율 조항을 최초 사용한 이래 단 한 번도 개정한 사실이 없는 점, 현재 시중은행 연체금리 역시 최대 연 18퍼센트 수준으로 인하되어 있는 점, 위원회 역시 현재 초저금리 상황을 고려하여 최근 하도급대금 및 상품판매대금 지연이율을 연 15.5퍼센트로 조정하는 내용의 관련 고시 개정안을 행정예고한 점 등을 종합적으로 고려하면 \n",
        "이 사건 일부 피심인들의 연 24퍼센트 지연이자율 규정은 현재의 금리 변동 상황을 적절하게 반영하고 있지 못하다고 봄이 상당하다.",
        "이자제한법상 연 25퍼센트 제한규정은 금전채권의 이자에 관한 것으로서 손해배상금의 성격을 지닌 지연이자율에 직접 적용되는 것은 아니라는 점 등을 고려할 때 타당한 주장으로 보기 어렵다.",
        "연 24퍼센트 지연손해율 조항은 고객에게 부당하게 과중한 손해배상의무를 부담시키는 약관조항이다."
    ],
    "relateLaword": [
        "제8조(손해배상액의 예정) \n고객에게 부당하게 과중한 지연 손해금 등의 손해배상 의무를 부담시키는 약관 조항은 무효로 한다."
    ],
    "unfavorableProvision": "2"
}