{
    "clauseField": "1",
    "ftcCnclsns": "1",
    "clauseArticle": [
        "제3조(가맹비)\n제2항 을은 본 계약을 체결함과 동시에 일금(        )을 갑에게 지불하도록 합니다.\n(단, 위 금액은 어떠한 경우도 반환되지 아니하는 것으로 합니다)"
    ],
    "dvAntageous": "2",
    "illdcssBasiss": [
        "계약을 체결한 후 영업표지의 사용이나 노하우의 전수가 없는 상태에서 계약을 해지하거나, 노하우의 일부를 제공하였으나 영업을 개시하지 않은 경우 및 해약에 있어서 당사자의 귀책사유 유무 등은 전혀 고려함이 없이 납입한 가맹금은 여하한 경우에도 반환하지 않는다고 규정한 현행 약관조항은 계약의 해제로 인한 고객의 원상회복청구권을 부당하게 포기하도록 하는 것이다."
    ],
    "relateLaword": [
        "제9조(계약의 해제,해지) \n계약의 해제,해지에 관하여 정하고 있는 약관의 내용 중 다음 각 호의 어느 하나에 해당되는 내용을 정하고 있는 조항은 무효로 한다.\n 3. 법률에 따른 사업자의 해제권 또는 해지권의 행사 요건을 완화하여 고객에게 부당하게 불이익을 줄 우려가 있는 조항"
    ],
    "unfavorableProvision": "2"
}