{
    "clauseField": "39",
    "ftcCnclsns": "1",
    "clauseArticle": [
        "제19조(환불)\n⑥ 회원은 직접 방문하시어 환불신청서 작성 후 결제와 상품 반납 후 환불 첨부 서류가 구비되어야 절차가 진행된다.\nㅇ 카드결제시(위약금+이용요금+부가상품이용금액) 결제 후 최초결제카드 전액취소\nㅇ 한달 미만 사용 후 환불시 일일입장료 15,000원×이용일수로 산정됩니다.\nㅇ 회원권 시작기간은 승인 시 조정할 수 있으나 환불이나 양도시 판매일자로부터 사용기간으로 간주됩니다.",
        "⑦ 환불기간은 센터 상황에 따라 일정 기간 소요될 수 있습니다. 기관을 통한 환불 요청시에도 애플짐에서 정한 환불절차대로 진행되며 그 외 방법으로는 절대 환불 불가합니다."
    ],
    "dvAntageous": "2",
    "illdcssBasiss": [
        "해당 약관조항은 환불 시 이용요금 산정에 있어 고객이 실제로 지불하는 1개월 요금(154,000원)를 일할 계산한 금액(5,133원)보다 훨씬 과도한 금액(1일 이용료 15,000원)으로 규정하여 고객에게 부당하게 과중한 손해배상의무를 부담시키고, 고객의 이용기간을 사용일이 아닌 판매일(계약일)로부터 산정하도록 규정하여 계약의 해지로 인한 사업자의 원상회복의무를 부당하게 경감하는 조항이다.",
        "사업자가 환불해야 할 금액을 고객에게 선 결제하도록 하고, 환불 기간·절차 등을 사업자가 임의로 진행하도록 규정하고 있어 고객의 환불이 지연되거나 제한될 우려가 크다. 따라서 해당 약관조항은 고객에게 부당하게 불리한 조항이다."
    ],
    "relateLaword": [
        "제8조(손해배상액의 예정) \n고객에게 부당하게 과중한 지연 손해금 등의 손해배상 의무를 부담시키는 약관 조항은 무효로 한다.",
        "제9조(계약의 해제,해지) \n계약의 해제,해지에 관하여 정하고 있는 약관의 내용 중 다음 각 호의 어느 하나에 해당되는 내용을 정하고 있는 조항은 무효로 한다.\n1. 법률에 따른 고객의 해제권 또는 해지권을 배제하거나 그 행사를 제한하는 조항",
        "제6조(일반원칙)\n② 약관의 내용 중 다음 각 호의 어느 하나에 해당하는 내용을 정하고 있는 조항은 공정성을 잃은 것으로 추정된다.\n1. 고객에게 부당하게 불리한 조항"
    ],
    "unfavorableProvision": "2"
}