{
    "clauseField": "1",
    "ftcCnclsns": "1",
    "clauseArticle": [
        "제16조(계약종료시 권리 및 의무) 제3항\n가맹권자는 포기한 권리 및 유형 또는 무형여부를 불문하고 직접적,간접적 또는 부수적 손해,비용 등 어떠한 경비도 000에게 청구해서는 안된다."
    ],
    "dvAntageous": "2",
    "illdcssBasiss": [
        "현행 약관은 피심인의 고의 또는 과실 여부를 불문하고 계약종료시 직접적,간접적 또는 부수적 손해,비용 등 일체의 경비를 청구하지 못하도록 규정하고 있는 바, 이는 법률의 규정에 의한 고객의 권리를 상당한 이유없이 배제하는 조항이다."
    ],
    "relateLaword": [
        "제11조(고객의 권익 보호) 고객의 권익에 관하여 정하고 있는 약관의 내용 중 다음 각 호의 어느 하나에 해당하는 내용을 정하고 있는 조항은 무효로 한다. \n1. 법률에 따른 고객의 항변권, 상계권 등의 권리를 상당한 이유 없이 배제하거나 제한하는 조항",
        "제17조의2(시정 조치) \n② 공정거래위원회는 제17조를 위반한 사업자가 다음 각 호의 어느 하나에 해당하는 경우에는 사업자에게 해당 불공정약관조항의 삭제ㆍ수정, 시정명령을 받은 사실의 공표, 그 밖에 약관을 시정하기 위하여 필요한 조치를 명할 수 있다."
    ],
    "unfavorableProvision": "2"
}