{
    "clauseField": "39",
    "ftcCnclsns": "1",
    "clauseArticle": [
        "제 7조 요금의 정산\n다. 가족회원권은 양도 및 환불이 절대 불가한 상품이며 부득이한 사정으로 환불 요청 시 (사용개월 수×등록인원수) + 위약금 10%로 정산되어 환불절차 진행되며 정산 후 이루어짐에게 지급해야 하는 사용금액이 발생될 수도 있다.회원은 본사가 인정하는 환불사유의 경우 환불 가능하다.\nㅇ 가능 사유  장거리 이사, 입원, 결혼, 임신 기타 인정 가능한 사유 확인 시",
        "ㅇ 불가능 사유  단순변심 외 환불사유 불분명   제출서류가 미비 할 경우  행사금액 등록으로 환불불가 설명을 받았을 시 불가할 수도 있다.\n라. 환불절차  회원은 직접 방문하시어 환불신청서 작성 후 위약금 + 센터이용요금 + 부가서비스지급상품(옵션제품 ,회원권, 기타 증정품 포함) 결제와 상품 반납 후 환불첨부 서류가 구비되어야 절차가 진행된다.\nㅇ 한 달 미만 사용 후 환불시 일일입장료로 산정된다.\nㅇ 회원권 시작기간은 승인 시 조정 할 수 있으나 환불이나 양도 시 판매일자로부터 사용기간으로 간주된다.\nㅇ 휴회 및 기간연장은 장기회원가입에 따른 혜택이므로, 부가상품에 해당됨에 따라 계약기간 중 중도 해약할 경우 사용일수에 포함된다.\n마. 환불기간: 환불 기간은 센터 상황에 따라 일정 기간 소요될 수 있다. 기관을 통한 환불요청시에도 이루어짐에서 정한 환불절차대로 진행되오며 그 외 방법으로는 절대 환불 불가하다.",
        "바.(옵션) 운동복은 월10,000원, 헬스 락커 월10,000원 회원권 기간과 동일하게 결제하셔야이용이 가능하다.\n옵션사항의 경우 양도 및 환불이 불가하다."
    ],
    "dvAntageous": "2",
    "illdcssBasiss": [
        "해당 약관조항은 법률에 따른 고객의 해제권 또는 해지권을 배제하거나 그 행사를 제한하는 조항이다.",
        "해당 약관 조항은 계약해지는 방문 신청만 가능하고, 사업자가 정한 절차와 방식 외에는 환불이 불가하다고 규정하고 있는 바, 사업자가 정한 절차와 방식 외의 방법으로 환불을 신청할 경우 사업자가 고객의 계약해지 요청을 거부할 수 있다는 점에서 사실상 고객의 계약해지권 행사가 방해될 우려가 있다.",
        "해당 약관 조항은 계약의 해제 또는 해지로 인한 사업자의 원상회복의무나 손해배상의무를 부당하게 경감하는 조항이다."
    ],
    "relateLaword": [
        "제9조(계약의 해제,해지) \n계약의 해제,해지에 관하여 정하고 있는 약관의 내용 중 다음 각 호의 어느 하나에 해당되는 내용을 정하고 있는 조항은 무효로 한다.\n1. 법률에 따른 고객의 해제권 또는 해지권을 배제하거나 그 행사를 제한하는 조항",
        "제12조(의사표시의 의제) \n의사표시에 관하여 정하고 있는 약관의 내용 중 다음 각 호의 어느 하나에 해당하는 내용을 정하고 있는 조항은 무효로 한다.\n2. 고객의 의사표시의 형식이나 요건에 대하여 부당하게 엄격한 제한을 두는 조항",
        "제8조(손해배상액의 예정) \n고객에게 부당하게 과중한 지연 손해금 등의 손해배상 의무를 부담시키는 약관 조항은 무효로 한다.",
        "제9조(계약의 해제,해지) \n계약의 해제,해지에 관하여 정하고 있는 약관의 내용 중 다음 각 호의 어느 하나에 해당되는 내용을 정하고 있는 조항은 무효로 한다.\n5. 계약의 해제 또는 해지로 인한 사업자의 원상회복의무나 손해배상의무를 부당하게 경감하는 조항"
    ],
    "unfavorableProvision": "2"
}