{
    "clauseField": "5",
    "ftcCnclsns": "1",
    "clauseArticle": [
        "제17조 (손해배상)\n① 갑과 을과 병 일방 당사자는 정상적인 상거래 또는 상관례에 반하는 행위를 함으로써 상대방 및 제3자에게 끼친 민사상 손해에 대하여 상대방에게 배상할 책임을 진다.",
        "1.호 을은 본 계약 및 부속 약정업무 수행 중 갑 또는 병의 귀책사유 없이 갑과 병에게 초래한 모든 직,간접적인 손해(변호사비용 포함)에 대해서 책임지고 배상하여야 하며, 제3자에게 초래한 모든 손해를 을의 책임 하에 해결하여 갑과 병에게 피해가 없도록 조치하여야 한다.",
        "2. 을의 귀책사유로 인하여 갑과 병 또는 등록업체에게 손해(을의 계약 또는 관계법령 위반으로 인하여, 갑과 병이 납입한 과징금, 벌금 또는 시정명령 등의 이행을 위하여 소요된 금액 등일체 포함)을 입혔을 경우에 을은 이를 배상해야 하며, 이로 인하여 발생한 민,형사상의 책임은 전적으로 을에게 있다.",
        "3. 을의 귀책사유로 인하여 발생한 미수채권(회수를 위해 부담한 비용, 변호사비용 등 일체포함)에 대하여 을은 이를 배상하여야 한다.",
        "4. 상기 1항 내지 4항의 경우 갑은 을에게 지급할 수수료에서 손해액을 상계할 수 있으며,을은 이에 대하여 이의를 제기하지 아니한다."
    ],
    "dvAntageous": "2",
    "illdcssBasiss": [
        "해당 약관조항은 대리점사업자(청구인)의 귀책사유로 발생한 모든 손해에 대해서 본사(피청구인)은 면제된다는 취지의 내용을 규정하고 있다. 또한 본사(피청구인)는 대리점사업자(청구인)의 손해배상액을 본사(피청구인)이 대리점사업자(청구인)에게 지급할 수수료에서 상계할 수 있으며 이 경우 대리점사업자(피청구인)은 이에 대해 아무런 이의를 제기할 수 없다고 정하고 있다. ",
        "해당 약관조항은 사업자의 고의 또는 중과실로 인한 법률상의 책임을 배제하는 조항 및 상당한 이유 없이 사업자의 손해배상범위를 제한하는 조항임과 동시에 대리점사업자(청구인)의 이의제기를 금지하는 조항으로 고객에게 부당하게 불리한 소송제기 금지조항에 해당한다."
    ],
    "relateLaword": [
        "제7조(면책조항의 금지) 계약 당사자의 책임에 관하여 정하고 있는 약관의 내용 중 다음 각 호의 어느 하나에 해당하는 내용을 정하고 있는 조항은 무효로 한다.\n1. 사업자, 이행 보조자 또는 피고용자의 고의 또는 중대한 과실로 인한 법률상의 책임을 배제하는 조항\n2. 상당한 이유 없이 사업자의 손해배상 범위를 제한하거나 사업자가 부담하여야 할 위험을 고객에게 떠넘기는 조항",
        "제14조(소송 제기의 금지 등) 소송 제기 등과 관련된 약관의 내용 중 다음 각 호의 어느 하나에 해당하는 조항은 무효로 한다.\n1. 고객에게 부당하게 불리한 소송 제기 금지 조항 또는 재판관할의 합의 조항"
    ],
    "unfavorableProvision": "2"
}