{
    "clauseField": "43",
    "ftcCnclsns": "1",
    "clauseArticle": [
        "제9조(구매자의 철회권) \n제2항 청약의 철회는 위 기간내에 병이 철회의 의사표시가 기재된 서면을 갑과 을에게 발송한 날에 그 효력이 발생한 것으로 봅니다."
    ],
    "dvAntageous": "2",
    "illdcssBasiss": [
        "연대보증인은 최고, 검색의 항변권이 없고 구매자와 동일한 할부금지급채무를 부담하는 자로서 할부금의 연체에 따른 기한이익 상실의 경우 할부대금을 일시불로 지불할 위치에 놓이는 바, 구매자에 대한 미납의 통지로서 보증인 통지를 갈음하는 것은 보증인에 대하여 부당하게 불리한 조항이다"
    ],
    "relateLaword": [
        "제12조(의사표시의 의제) 의사표시에 관하여 정하고 있는 약관의 내용 중 다음 각 호의 어느 하나에 해당하는 내용을 정하고 있는 조항은 무효로 한다.\n  2. 고객의 의사표시의 형식이나 요건에 대하여 부당하게 엄격한 제한을 두는 조항"
    ],
    "unfavorableProvision": "2"
}