{
    "clauseField": "26",
    "ftcCnclsns": "1",
    "clauseArticle": [
        "제12조 (여행조건의 변경요건 및 요금 등의 정산)\n⑤ 상기 일정 및 가격은 항공 및 현지사정으로 변경될 수 있음을 양지하시기 바랍니다.\n1. 기획여행 상품 일정표 하단 기재 사항"
    ],
    "dvAntageous": "2",
    "illdcssBasiss": [
        "가격 또는 일정이 변경(특히 가격인상 또는 여행자에게 불리한 여행조건으로의 변경)되는 사유를 항공 및 현지사정 등 지나치게 포괄적이고 추상적으로 정하고 있기 때문에 여행사업자가 가격변경을 일방적으로 결정하여 통보할 수 있도록 악용될 소지가 있다. ",
        "동 조항은 여행일정 및 가격 등 여행조건의 변경을 포괄적이고 추상적인 요건에 해당하면 가능한 것으로 규정함으로써 상당한 이유없이 급부의 내용을 사업자가 일방적으로 결정하거나 변경할 수 있는 권한을 부여하는 조항이다."
    ],
    "relateLaword": [
        "제10조(채무의 이행) 채무의 이행에 관하여 정하고 있는 약관의 내용 중 다음 각 호의 어느 하나에 해당하는 내용을 정하고 있는 조항은 무효로 한다.\n1. 상당한 이유 없이 급부의 내용을 사업자가 일방적으로 결정하거나 변경할 수 있도록 권한을 부여하는 조항"
    ],
    "unfavorableProvision": "2"
}