{
    "clauseField": "5",
    "ftcCnclsns": "1",
    "clauseArticle": [
        "제17조 (손실위험및 소유권)\n대리점 계약이 해지되는 경우, 갑은 제품이 소재하는 장소에 들어가 제품을 회수할 권한을 가진다. 이러한 제품의 회수는 갑이 갖는 다른 구제수단을 제한하지 않는다."
    ],
    "dvAntageous": "2",
    "illdcssBasiss": [
        "사업자가 제품회수등의 조치를 취할 수 있게 하면서 아울러 타수단에 의한 사업자의 채권확보가능성을 배제하고 있지 않은 바, 이는 고객의 점유권을 제한한 것으로써 법률의 규정에 의한 고객의 권리를 상당한 이유없이 배제 또는 제한하는 조항이다."
    ],
    "relateLaword": [
        "제11조(고객의 권익 보호) 고객의 권익에 관하여 정하고 있는 약관의 내용 중 다음 각 호의 어느 하나에 해당하는 내용을 정하고 있는 조항은 무효로 한다.\n1. 법률에 따른 고객의 항변권, 상계권 등의 권리를 상당한 이유 없이 배제하거나 제한하는 조항"
    ],
    "unfavorableProvision": "2"
}