{
    "clauseField": "2",
    "ftcCnclsns": "1",
    "clauseArticle": [
        "제11조(계약의 해지)                                        \n제1항 을은 아래 각호의 경우가 발생된 경우 서면통지로써 본계약을 해지 할 수 있다.",
        "제2호 갑이 판매활동과정에서 제계약조건을 이행하지 않거나 불공정거래행위로  경제질서를 문란케 한 행위가 있을 때                                    \n제3호 갑의 판매실적이 현저히 저조하거나 판매능력이 부족하다고 판단되는 때    \n제4호 갑이 고의로 을의 명예를 훼손 또는 재산상 손해를 입혔다고 인정되는 때   \n제5호기타 위 호에 준하는 갑의 행위가 있거나. 아래  제12조의 각항에 해당하는 경우가 발생된 때  "
    ],
    "dvAntageous": "2",
    "illdcssBasiss": [
        "기타 위 호에 준하는 갑의 행위가 있거나 등 포괄적이고 불분명한 사유를 해지사유로 규정하여 사업자가 자의적으로 계약 해지권을 행사할 수 있도록 허용하고 있으므로, 이는 사업자에게 법률에서 규정하고 있지 아니 하는 해제권,해지권을 부여하거나 법률의 규정에 의한 해제권,해지권의 행사요건을 완화하여 고객에 대하여 부당하게 불이익을 줄 우려가 있는 조항이다."
    ],
    "relateLaword": [
        "제9조(계약의 해제,해지) \n계약의 해제,해지에 관하여 정하고 있는 약관의 내용 중 다음 각 호의 어느 하나에 해당되는 내용을 정하고 있는 조항은 무효로 한다.\n2. 사업자에게 법률에서 규정하고 있지 아니하는 해제권 또는 해지권을 부여하여 고객에게 부당하게 불이익을 줄 우려가 있는 조항"
    ],
    "unfavorableProvision": "2"
}