{
    "clauseField": "1",
    "ftcCnclsns": "1",
    "clauseArticle": [
        "제7조(부도반환)\n본 특약에 의한 신용카드 매출 후 회원의 주문사실 불인정, 관련법령에 의한 철회권 행사, 기타 갑의 책임이 아닌 사유로 인해 대금결제를 할 수 없는 경우 갑은 을의 매출대금 청구를 부도반환 할 수 있으며,  이 경우 갑은 을이 지급의뢰한 청구금액에서 해당 금액을 차감하여 지급하고, 그 금액이 부족할 경우 을은 지체없이 이를 상환한다.",
        "제8조(가맹점 준수사항)\n제4항 신용판매와 관련하여 회원과 을 또는 을의 입점업체 간 분쟁이 발생한 경우 을은 을의 책임하에 이를 신속히 해결하여야 하며, 갑 또는 회원의 책임이 아닌 사유로 발생한 손해에 대하여는 갑이 손해배상을 통지한 날로부터 7일 이내에 이를 배상하여야 한다."
    ],
    "dvAntageous": "2",
    "illdcssBasiss": [
        "피심인 및 전자결제대행업자는 공정한 합의내용에 따라 사고 및 위험의 입증책임을 부담하고, 사고가 발생하였으나 누구의 책임부담으로 해야할지 입증이 곤란할 때에는 신용카드결제수단이 수익창출의 목적에서 제공되는 만큼 사안에 따라 전자결제대행업자와 위험을 분담함이 바람직하다고 할 것이다.",
        "신용카드관련 사고가 발생한 경우 통상 그 일차적인 원인은 카드사용자의 관리소홀 또는 카드발급자인 피심인의 업무과실에 있다고 보는 것이 일반적이다.",
        "위 조항은 피심인 또는 회원의 귀책사유를 전자결제대행업자 또는 쇼핑몰이 객관적으로 입증하지 않는 한 모든 신용카드관련 분쟁을 전자결제대행업자와쇼핑몰만이 책임지도록 하고 있음에 따라 상당한 이유없이 사업자의 손해배상범위를 제한하거나 사업자가 부담하여야 할 위험을 고객에게 이전시키는 조항이다."
    ],
    "relateLaword": [
        "제7조(면책조항의 금지) \n계약 당사자의 책임에 관하여 정하고 있는 약관의 내용 중 다음 각 호의 어느 하나에 해당하는 내용을 정하고 있는 조항은 무효로 한다.\n  2. 상당한 이유 없이 사업자의 손해배상 범위를 제한하거나 사업자가 부담하여야 할 위험을 고객에게 떠넘기는 조항"
    ],
    "unfavorableProvision": "2"
}