{
    "clauseField": "5",
    "ftcCnclsns": "1",
    "clauseArticle": [
        "제 17 조(손해배상액의 예정)\n을이 아래 조건을 위반한 경우 갑은 별도의 최고없이 계약을 해지할 수 있으며, 을은 이의위반으로 인해 발생되는 갑의 손해에 상응하는 손해배상액을 지급하기로 한다. (1)에서(4) 생략",
        "제 6 조 (계약해제 및 위약금)\n갑은 다음 각호의 사유가 발생할 경우 서면통지로써 본 계약을 해지할 권리를 갖는다.(1)에서(4) 생략"
    ],
    "dvAntageous": "2",
    "illdcssBasiss": [
        "최고 절차없이 임대인이 일방적으로 계약을 해제할 수 있도록 규정하고 있는 바, 이는 법률의 규정에 의한 해제,해지권의 행사요건을 완화하여 고객에 대하여 부당하게 불이익을 줄 우려가 있는 조항이다."
    ],
    "relateLaword": [
        "제9조(계약의 해제,해지) \n계약의 해제,해지에 관하여 정하고 있는 약관의 내용 중 다음 각 호의 어느 하나에 해당되는 내용을 정하고 있는 조항은 무효로 한다.\n2. 사업자에게 법률에서 규정하고 있지 아니하는 해제권 또는 해지권을 부여하여 고객에게 부당하게 불이익을 줄 우려가 있는 조항"
    ],
    "unfavorableProvision": "2"
}