{
    "clauseField": "26",
    "ftcCnclsns": "1",
    "clauseArticle": [
        "제12조 (여행조건의 변경요건 및 요금 등의 정산)\n⑤ 상기 일정은 현지사정 및 항공일정에 의하여 변경될 수 있습니다. \n기획여행 상품 일정표 하단 기재 사항"
    ],
    "dvAntageous": "2",
    "illdcssBasiss": [
        "여행일정 등 여행조건의 변경을 포괄적이고 추상적인 요건에 해당하면 가능한 것으로 규정함으로써 상당한 이유없이 급부의 내용을 사업자가 일방적으로 결정하거나 변경할 수 있는 권한을 부여하는 조항이다."
    ],
    "relateLaword": [
        "제10조(채무의 이행) 채무의 이행에 관하여 정하고 있는 약관의 내용 중 다음 각 호의 어느 하나에 해당하는 내용을 정하고 있는 조항은 무효로 한다.\n1. 상당한 이유 없이 급부의 내용을 사업자가 일방적으로 결정하거나 변경할 수 있도록 권한을 부여하는 조항"
    ],
    "unfavorableProvision": "2"
}