{
    "clauseField": "2",
    "ftcCnclsns": "1",
    "clauseArticle": [
        "제11조(계약의 해지) \n제1항  을은 다음과 같은 경우에 본 계약을 해지 또는 공급을 중단할 수 있다.\n제3호  갑의 중대한 과실 또는 경영상의 변화로 인하여 판매활동을 중단하여야 한다고 인정되었을 때\n제4호  갑이 판매활동 과정에서 제계약조건을 이행하지 않을 때"
    ],
    "dvAntageous": "2",
    "illdcssBasiss": [
        "이는 사업자에게 법률에서 규정하고 있지 아니하는 해제권,해지권을 부여하거나 법률의 규정에 의한 해제권,해지권의 행사요건을 완화하여 고객에 대하\n여 부당하게 불이익을 줄 우려가 있는 조항이다."
    ],
    "relateLaword": [
        "제9조(계약의 해제,해지) \n계약의 해제,해지에 관하여 정하고 있는 약관의 내용 중 다음 각 호의 어느 하나에 해당되는 내용을 정하고 있는 조항은 무효로 한다.\n2. 사업자에게 법률에서 규정하고 있지 아니하는 해제권 또는 해지권을 부여하여 고객에게 부당하게 불이익을 줄 우려가 있는 조항"
    ],
    "unfavorableProvision": "2"
}