{
    "clauseField": "5",
    "ftcCnclsns": "1",
    "clauseArticle": [
        "제19조(기타)\n④ 본 계약과 관련하여 발생하는 일체의 분쟁에 관한 소송의 관할법원은 갑 소재지 관할 법원으로 한다."
    ],
    "dvAntageous": "2",
    "illdcssBasiss": [
        "재판관할 합의의 유효성은 당사자 사이에 개별적이고 명백한 특약이 있는 경우에 한하고, 사업자와 고객 사이의 거래에 이용되는 일반거래 약관속에 민사소송법상의 관할법원 규정보다 고객에게 불리한 관할법원 조항을 포함시키는 것은 경제적 약자인 고객에게 응소상의 불이익을 초래할 우려가 있으므로 현행 약관조항이다."
    ],
    "relateLaword": [
        "제14조(소송 제기의 금지 등) \n소송 제기 등과 관련된 약관의 내용 중 다음 각 호의 어느 하나에 해당하는 조항은 무효로 한다.\n1. 고객에게 부당하게 불리한 소송 제기 금지 조항 또는 재판관할의 합의 조항\n2. 상당한 이유 없이 고객에게 입증책임을 부담시키는 약관 조항"
    ],
    "unfavorableProvision": "2"
}