{
    "clauseField": "26",
    "ftcCnclsns": "1",
    "clauseArticle": [
        "제10조 (여행조건의 변경요건 및 요금 등의 정산)\n⑥ 관광일정에서 빠지실 경우 1인 1일당 달러50씩 지불하셔야 합니다. \n동남아, 중국 패키지 상품 일정표 기재"
    ],
    "dvAntageous": "2",
    "illdcssBasiss": [
        "여행객은 당초 약정된 일정대로 요구할 권리가 있을뿐 여행사의 일정에 참가하여야 하는 의무는 없다고 할 것인바, 그럼에도 불구하고 고객이 일정(예컨대 선택관광이나 쇼핑 등)을 원치 않거나 고객의 건강 등의 특별한 사정으로 현지에서의 일정에 참가하지 않을 경우에 일종의 위약금을 부과할 수 있는 약관조항은 여행계약의 고객의 입장에서는 부당하게 불리한 것인 동시에 여행계약의 거래형태 등 제반사정에 비추어 예상하기 어려운 조항이다."
    ],
    "relateLaword": [
        "제6조(일반원칙) \n② 약관의 내용 중 다음 각 호의 어느 하나에 해당하는 내용을 정하고 있는 조항은 공정성을 잃은 것으로 추정된다.\n1. 고객에게 부당하게 불리한 조항",
        "제6조(일반원칙) \n② 약관의 내용 중 다음 각 호의 어느 하나에 해당하는 내용을 정하고 있는 조항은 공정성을 잃은 것으로 추정된다.\n2. 고객이 계약의 거래형태 등 관련된 모든 사정에 비추어 예상하기 어려운 조항"
    ],
    "unfavorableProvision": "1"
}