{
    "clauseField": "33",
    "ftcCnclsns": "1",
    "clauseArticle": [
        "제15조 (계약의 해지 및 해약환급금)\n⑧ 월부금을 이유없이 3개월이상 연체하였을 경우 회사는 이 계약을 해약처리할 수 있으며 해약 환불금은 지급하지 아니한다. 단 연체사유 및 부활시기를 사전에 제출(서면 또는 구두)하였을 때는 제외된다"
    ],
    "dvAntageous": "2",
    "illdcssBasiss": [
        "민법상 계약의 해제,해지에 따라 계약당사자는 상호 정산과 원상회복의무가 부여되므로(민법 제548조), 사업자는 회원이 일정기간 연체하였을 경우에도 해지에 따라 기불입금에서 적정위약금을 공제한 후 잔액이 있으면 반환함이 타당함에도 이를 환불치 않는다는 규정은 고객에게 부당하게 불리한 것이다."
    ],
    "relateLaword": [
        "제6조(일반원칙) \n② 약관의 내용 중 다음 각 호의 어느 하나에 해당하는 내용을 정하고 있는 조항은 공정성을 잃은 것으로 추정된다.\n1. 고객에게 부당하게 불리한 조항"
    ],
    "unfavorableProvision": "1"
}