{
    "clauseField": "39",
    "ftcCnclsns": "1",
    "clauseArticle": [
        "제11조 (회원의 의무) \n⑥ 회원권 발급 후 어떤 경우라도 환불은 되지 않습니다."
    ],
    "dvAntageous": "2",
    "illdcssBasiss": [
        "해당 약관조항은 어떤경우에도 환불이 되지 않는다고 규정하고 있으므로, 이는 법률의 규정에 의한 고객의 해제권 또는 해지권을 배제하거나 그 행사를 제한하는 조항이다."
    ],
    "relateLaword": [
        "제9조(계약의 해제,해지) \n계약의 해제,해지에 관하여 정하고 있는 약관의 내용 중 다음 각 호의 어느 하나에 해당되는 내용을 정하고 있는 조항은 무효로 한다.\n1. 법률에 따른 고객의 해제권 또는 해지권을 배제하거나 그 행사를 제한하는 조항"
    ],
    "unfavorableProvision": "2"
}