{
    "clauseField": "39",
    "ftcCnclsns": "1",
    "clauseArticle": [
        "제7조 (예약금 및 위약금) \n4. 을은 회원탈퇴시 아래의 사항을 준수한다.  \n1) 과납금 산출방식은 입회비에서 수강료(월26만원), 용품대금, 환불약정금(가입금의 10퍼센트) 및 부가세를 공제한 금액으로 한다.  \n2) 사용기간을 월단위로 정산하며(1회 사용도 한달로 간주하며), 미 사용한 상태에서 기간이 경과한 회원권에 대해서는 사용권을 주장할 수 없다."
    ],
    "dvAntageous": "2",
    "illdcssBasiss": [
        "소비자분쟁해결기준 및 체력단련장 표준약관에서는 고객이 자신의 사정에 의해 계약을 해지하고자 할 경우 총 이용대금의 10퍼센트에 해당하는 위약금과 고객이 실제 시설을 이용한 기간에 대한 금액만을 위약금으로 규정하고 있다.\n",
        "해당 조항은 고객에게 과중하게 손해배상금을 부과하는 불공정한 조항에 해당한다.\n"
    ],
    "relateLaword": [
        "제8조(손해배상액의 예정) \n고객에게 부당하게 과중한 지연 손해금 등의 손해배상 의무를 부담시키는 약관 조항은 무효로 한다."
    ],
    "unfavorableProvision": "2"
}