{
    "clauseField": "33",
    "ftcCnclsns": "1",
    "clauseArticle": [
        "제18조 (약관의 적용)\n이 약관의 회원의 의사에 의하여 쌍방 합의된 사항으로 간주하며 약관에 명시된 내용은 통상적인 거래관행에 우선하며 그 외 사항은 일반상거래 관행에 따르고 분쟁의 해결은 회사의 주소지 관할 법원으로 합니다."
    ],
    "dvAntageous": "2",
    "illdcssBasiss": [
        "고객과의 합의나 고객의 의사표시가 없는데도 약관의 내용이 고객에게 불공정한 경우에까지 고객이 자기의 진정한 의사에 반해 수인할 수밖에 없는 결과를 가져오는 것으로, 이는 일정한 부작위가 있을 때 고객의 의사표시가 표명된 것으로 보는 조항이다.",
        "분쟁이 발생할 경우 당사자간의 특약으로 관할 소재지를 정할 수 있을 것이나, 약관에 사업자가 자신의 소재지 관할법원으로 규정하는 것은 고객에게 응소상 불이익을 초래할 우려가 있는 것으로 이는 고객에게 부당하게 불리한 재판관할 합의조항이다."
    ],
    "relateLaword": [
        "제12조(의사표시의 의제) \n의사표시에 관하여 정하고 있는 약관의 내용 중 다음 각 호의 어느 하나에 해당하는 내용을 정하고 있는 조항은 무효로 한다.\n1. 일정한 작위 또는 부작위가 있을 경우 고객의 의사표시가 표명되거나 표명되지 아니한 것으로 보는 조항. ",
        "다만, 고객에게 상당한 기한 내에 의사표시를 하지 아니하면 의사표시가 표명되거나 표명되지 아니한 것으로 본다는 뜻을 명확하게 따로 고지한 경우이거나 부득이한 사유로 그러한 고지를 할 수 없는 경우에는 그러하지 아니하다.",
        "제14조(소송 제기의 금지 등) \n소송 제기 등과 관련된 약관의 내용 중 다음 각 호의 어느 하나에 해당하는 조항은 무효로 한다.\n1. 고객에게 부당하게 불리한 소송 제기 금지 조항 또는 재판관할의 합의 조항"
    ],
    "unfavorableProvision": "2"
}