{
    "clauseField": "1",
    "ftcCnclsns": "1",
    "clauseArticle": [
        "학원가맹점 계약서\n제16조(합의 관할)\n본 계약 및 본 계약에 의하여 체결된 모든 계약에 관한 소송은 서울민사지방법원을 관할법원으로 한다."
    ],
    "dvAntageous": "2",
    "illdcssBasiss": [
        "피고의 주소지소재 관할법원에 관할권을 부여하는 것이 원칙인 민사소송법의 규정보다 고객에게 소제기 및 응소상의 불편을 초래할 우려가 있는 바, 이는 고객에 대하여 부당하게 불리한 재판관할의 합의조항이다."
    ],
    "relateLaword": [
        "제14조(소송 제기의 금지 등) 소송 제기 등과 관련된 약관의 내용 중 다음 각 호의 어느 하나에 해당하는 조항은 무효로 한다.\n1. 고객에게 부당하게 불리한 소송 제기 금지 조항 또는 재판관할의 합의 조항\n2. 상당한 이유 없이 고객에게 입증책임을 부담시키는 약관 조항"
    ],
    "unfavorableProvision": "2"
}