{
    "clauseField": "43",
    "ftcCnclsns": "1",
    "clauseArticle": [
        "제16조 제5항(계약의 해재)\n이 계약이 해제되었을 때에는 갑은 을로부터 수납한 매매대금중 계약보증금을 공제한금액을 을에게 반환하며 을이 갑에게 지급한 계약보증금은 당연히 갑에게 귀속한다. 이 경우 갑이 을에게 반환하는 금액에는 이자를 부과하지 아니하며 갑에 대한 계약보증금의 귀속은 계약해제로 인하여 갑이 입은 손해에 대한 을의 배상의무를 면제하는 것은 아니다. "
    ],
    "dvAntageous": "2",
    "illdcssBasiss": [
        "계약해제에 따른 원상회복의무 경감조항(제16조제5항 후문전단)에 대하여 계약해제 후 원상회복하여야 할 범위에는 금전의 경우 이를 받은 날로부터 반환할때까지의 이자를 가하여야 함에도 이 경우 갑이 을에게 반환하는 금액에는 이자를 부과하지 아니하며라고 규정한 것은 계약의 해제로 인한 사업자의 원상회복의무를 부당하게 경감하는 조항이다."
    ],
    "relateLaword": [
        "제9조(계약의 해제,해지) \n계약의 해제,해지에 관하여 정하고 있는 약관의 내용 중 다음 각 호의 어느 하나에 해당되는 내용을 정하고 있는 조항은 무효로 한다.\n  4. 계약의 해제 또는 해지로 인한 원상회복의무를 상당한 이유 없이 고객에게 과중하게 부담시키거나 고객의 원상회복 청구권을 부당하게 포기하도록 하는 조항"
    ],
    "unfavorableProvision": "2"
}