{
    "clauseField": "3",
    "ftcCnclsns": "1",
    "clauseArticle": [
        "제2조(점포의 구성)\n000의 점포는 규격점포, 과점포, 멀티샵점포로 구성되며 각 특성에 따라 점포 분양방식과 위치 추첨을 달리 하기로 한다.",
        "제2항. 과점포(기준면적 초과점포)  점포를 분할하는 과정에서 불가피하게 발생하는 과점포(기준면적 초과 점포)중 중앙통로주변 과점포(에스컬레이트를 접한 점포)는 추첨에 의하여 배정하고 당첨시 초과면적에 대하여 초과면적 비율에 의한 분양금을 추가 납부하여야 하며, 그러하지 않은 위치에 있는 과점포는 임의지정을 통해 배정한다."
    ],
    "dvAntageous": "2",
    "illdcssBasiss": [
        "상가의 임대분양 계약에 있어 점포의 종류와 위치는 점포운영자인 수분양자에게 있어 영업의 중요한 요소를 이루는 것이므로 임대분양시 결정되거나 부득이한 사정으로 분양시 결정할 수 없다면 추첨과 같은 객관적이고 공정한 방법에 의하여 위치가 결정되어야 할 것이다.  임대인이 일방적으로 일부 과점포의 배정을 할 수 있도록 정하고 있으므로 이는 상당한 이유없이 급부의 내용을 사업자가 일방적으로 결정하거나 변경할 수 있는 권한을 부여하는 조항이다."
    ],
    "relateLaword": [
        "제10조(채무의 이행) 채무의 이행에 관하여 정하고 있는 약관의 내용 중 다음 각 호의 어느 하나에 해당하는 내용을 정하고 있는 조항은 무효로 한다.\n1. 상당한 이유 없이 급부의 내용을 사업자가 일방적으로 결정하거나 변경할 수 있도록 권한을 부여하는 조항"
    ],
    "unfavorableProvision": "2"
}