{
    "clauseField": "39",
    "ftcCnclsns": "1",
    "clauseArticle": [
        "제7조 (클럽이용)\n1. 회원 유형 및 범위 \n1) 특별회원권의 규정(3개월, 6개월) \nㄱ. 신규 가입시 회원권 금액에는 가입비, 월 사용회비, 부가세가 포함되어 있으며 특별회원권은 해지, 휴회, 양도가 불가하며 (이하 생략)"
    ],
    "dvAntageous": "2",
    "illdcssBasiss": [
        "체력단련시설 이용계약은 1개월 이상 꼐속된 기간을 계약기간으로 하여 체결한 것으로서 방판법상의 계속거래에 해당되고 고객의 계약해지권을 제한하지 않으면 아니 될 특별한 사정이 없으므로 고객의 계약해지를 금지하는 것은 방판법상 허용될 수 없다.",
        "체육시설의 회원권은 일정기간 체육시설을 이용할 수 있는 권리가 담겨있고 액면에 권리자의 성명 등이 기재되어 있는 일종의 기명채권으로서 채권의 성질 상 양도가 불가능한 경우를 제외하고는 원칙적으로 양도가 자유롭다.",
        "해당 약관조항은 특별 회원권의 해지, 휴회, 양도를 원칙적으로 불가하다고 규정하고 있는 바, 이는 법령의 규정에 의한 고객의 해지권 및 고객이 제3자와 계약을 체결할 권리를 제한하는 약관조항이다."
    ],
    "relateLaword": [
        "제9조(계약의 해제, 해지) \n계약의 해제, 해지에 관하여 정하고 있는 약관의 내용 중 다음 각 호의 어느 하나에 해당되는 내용을 정하고 있는 조항은 무효로 한다.\n  1. 법률에 따른 고객의 해제권 또는 해지권을 배제하거나 그 행사를 제한하는 조항",
        "제11조(고객의 권익 보호) \n고객의 권익에 관하여 정하고 있는 약관의 내용 중 다음 각 호의 어느 하나에 해당하는 내용을 정하고 있는 조항은 무효로 한다.\n  3. 고객이 제3자와 계약을 체결하는 것을 부당하게 제한하는 조항"
    ],
    "unfavorableProvision": "2"
}