{
    "clauseField": "3",
    "ftcCnclsns": "1",
    "clauseArticle": [
        "제5조(임대차기간 및 권리의무)\n제2항. 갱신된 임대차계약이 종료된 후 을이 임대차기간의 연장을 희망할 경우 재연장 할 수 있다. 단, 갑 000간의 임대차계약체결(재연장)시의 재연장 계약 약정 조건에 따라 갑이 정한 임대조건을 수용하여야 한다."
    ],
    "dvAntageous": "2",
    "illdcssBasiss": [
        "당초 약정한 임대차계약이 종료되어 사업자와 수분양자가 임대차계약을 연장하는 계약을 체결하는 경우 임대계약조건은 당사자 합의에 의하여 정하여져야 할 것이다. 임대차 연장계약 체결 시 임대인이 정한 임대조건을 임차인이 무조건적으로 수용하도록 정하고 있으므로 이는 부당하게 고객에게 불리한 조항이다."
    ],
    "relateLaword": [
        "제6조(일반원칙)\n② 약관의 내용 중 다음 각 호의 어느 하나에 해당하는 내용을 정하고 있는 조항은 공정성을 잃은 것으로 추정된다\n1. 고객에게 부당하게 불리한 조항"
    ],
    "unfavorableProvision": "1"
}