{
    "clauseField": "5",
    "ftcCnclsns": "1",
    "clauseArticle": [
        "제 4 조 (대리점의 권리 및 의무) \n보험업 관련 제법령 및 규정, 000,000협회 또는 회사가 정한 제규칙, 상호협정, 보험약관, 요율, 기타 제반규정을 준수하여야 한다.",
        "제18조 (손해배상) \n회사와 대리점은 본 계약을 위반하여 상대방에게 손해를 발생시킬 경우 그 손해를 배상할책임이 있다.",
        "제 6 조(수수료)\n대리점의 고의 또는 과실로 인한 보험업 관련 제 법규, 상호협정을 위반하여 회사에 경제적 손실(과징금, 과태료, 제재금 등)을 초래할 경우, 회사는 대리점의 지급받을 수수료에서 해당 손실액을 공제한다. "
    ],
    "dvAntageous": "2",
    "illdcssBasiss": [
        "상호협정의 당사자가 아닌 보험대리점이나 설계사에 대해 상호협정을 근거로 피청구인이 손해보험협회에 납부한 제재금을 부과하는 약관 조항은 보험사 자신이 부담하여야 할 책임을 보험대리점이나 설계사에게 전가하는 불공정 약관으로 무효이다."
    ],
    "relateLaword": [
        "제7조(면책조항의 금지) \n계약 당사자의 책임에 관하여 정하고 있는 약관의 내용 중 다음 각 호의 어느 하나에 해당하는 내용을 정하고 있는 조항은 무효로 한다.\n2. 상당한 이유 없이 사업자의 손해배상 범위를 제한하거나 사업자가 부담하여야 할 위험을 고객에게 떠넘기는 조항"
    ],
    "unfavorableProvision": "2"
}