{
    "clauseField": "1",
    "ftcCnclsns": "1",
    "clauseArticle": [
        "제25조(겸업금지 의무)\n을은 계약기간 중 000와 경합되는 다른 여하한 동종 또는 유사한 업종의 영업도 새로이 시작하여서는 아니된다. 갑과의 계약이 종료되는 경우에 가맹본부인 갑의 노하우, 매뉴얼, 영업비밀 등을 보호하기 위해서 가맹계약 종료일로부터 1년간 동종 또는 유사업종을 본인 또는 타인의 명의로 하지 아니한다."
    ],
    "dvAntageous": "2",
    "illdcssBasiss": [
        "동종 업종  뿐만 아니라  유사한 업종 에 대한 겸업도 금지하고 있는 바,  유사한 업종 은 그 범위가 어디까지인지 명확하지도 않거니와 동종업종에 대한 겸업을 금지하는 것만으로도 피청구인의 영업비밀에 대한 보호가 충분히 가능하다고 할 것이므로 유사한 업종 까지 겸업을 금지하는 것은 고객에게 부당하게 불리한 조항이다."
    ],
    "relateLaword": [
        "제6조(일반원칙) \n② 약관의 내용 중 다음 각 호의 어느 하나에 해당하는 내용을 정하고 있는 조항은 공정성을 잃은 것으로 추정된다.\n1. 고객에게 부당하게 불리한 조항"
    ],
    "unfavorableProvision": "1"
}