{
    "clauseField": "39",
    "ftcCnclsns": "1",
    "clauseArticle": [
        "제8조 (회원의 종류) \n연간회원권의 규정(12개월) \n연간회원권은 3개월의 의무사용기간이 적용되며, 반드시 당 센터의 해지신청서 양식으로만 접수가능하며,  이하 생략"
    ],
    "dvAntageous": "2",
    "illdcssBasiss": [
        "연간회원권(1년)의 가격이 132만원으로 최소 회원계약 기간인 3개월 회원권의 가격인 43만원과 비교하였을 때 할인이 있었다고 하더라도 계약해지시 피심인의 약관 제3조 위약금 규정에 따라 위약금의 부과는 가능하므로 3개월간 의무사용기간을 설정하여 고객의 계약해지를 제한하는 것은 방판법에 반하는 것이다.",
        "고객이 계약해지를 하고자 할 때 의사표시의 형식을 사업자가 정한 양식으로만 인정하는 경우에는 고객이 피심인을 방문하여 해지신청서를 작성하는 경우를 제외하고는 피심인이 고객의 계약해지 요청을 거부할 수 있으므로 실질적으로 고객의 계약해지권 행사를 방해할 우려가 있다."
    ],
    "relateLaword": [
        "제9조(계약의 해제,해지) \n계약의 해제,해지에 관하여 정하고 있는 약관의 내용 중 다음 각 호의 어느 하나에 해당되는 내용을 정하고 있는 조항은 무효로 한다.\n  1. 법률에 따른 고객의 해제권 또는 해지권을 배제하거나 그 행사를 제한하는 조항",
        "제12조(의사표시의 의제) 의사표시에 관하여 정하고 있는 약관의 내용 중 다음 각 호의 어느 하나에 해당하는 내용을 정하고 있는 조항은 무효로 한다.\n2. 고객의 의사표시의 형식이나 요건에 대하여 부당하게 엄격한 제한을 두는 조항"
    ],
    "unfavorableProvision": "2"
}