{
    "clauseField": "3",
    "ftcCnclsns": "1",
    "clauseArticle": [
        "공유제 분양계약서\n제5조 (소유권 이전)\n제1항. 본 분양계약의 의한 소유권 이전등기는갑의 분양대금, 시설관리보증금 전액지급을 선결 조건으로 하며 “을”의 명의로 소유권보존 등기가 종료된 후 이행한다."
    ],
    "dvAntageous": "2",
    "illdcssBasiss": [
        "양대금 외에도 시설관리 보증금 전액을 납부하여야 소유권 이전 등기 절차를 이행할 수 있도록 규정함으로써 분양대금 완납과 동시이행관계에 있는 피심인의 소유권 이전등기 절차 이행 의무의 이행시기를 늦추고 있는 바, 이는 당사자 간 공평의 원칙 및 신의칙에 반한다고 할 수 있다. 동 조항은 법률의 규정에 의한 항변권 등의 권리를 상당한 이유 없이 배제하는 조항이다."
    ],
    "relateLaword": [
        "제11조(고객의 권익 보호) 고객의 권익에 관하여 정하고 있는 약관의 내용 중 다음 각 호의 어느 하나에 해당하는 내용을 정하고 있는 조항은 무효로 한다.\n1. 법률에 따른 고객의 항변권, 상계권 등의 권리를 상당한 이유 없이 배제하거나 제한하는 조항"
    ],
    "unfavorableProvision": "2"
}