{
    "clauseField": "3",
    "ftcCnclsns": "1",
    "clauseArticle": [
        "000 전용객실 이용합의서\n제3조 (객실료 및 년관리비 선납)\n다. 갑은 선납한 선납입금에 대해 어떠한 경우에도 환급을 을에게 청구할 수 없다."
    ],
    "dvAntageous": "2",
    "illdcssBasiss": [
        "갑이 선 납입한 금액에 대해 어떠한 경우에도 피심인에게 그 환급을 청구할 수 없도록 규정함으로써 실질적으로 그 계약의 중도 해지 자체를 제한하고 있다. 이로 인해 갑은 본인의 귀책이 있는 경우 뿐만 아니라 피심인의 귀책사유로 인한 채무불이행이 있는 경우에도 그 계약을 일절 해지하지 못하게 된다. 동 조항은 법률에 따른 고객의 해지권의 행사를 배제하는 조항이다."
    ],
    "relateLaword": [
        "제9조(계약의 해제 , 해지) 계약의 해제 , 해지에 관하여 정하고 있는 약관의 내용 중 다음 각 호의 어느 하나에 해당되는 내용을 정하고 있는 조항은 무효로 한다.\n1. 법률에 따른 고객의 해제권 또는 해지권을 배제하거나 그 행사를 제한하는 조항"
    ],
    "unfavorableProvision": "2"
}