{
    "clauseField": "3",
    "ftcCnclsns": "1",
    "clauseArticle": [
        "제17조 (기타사항)\n(5) 본 건물명칭은 갑이 임의로 정하여도 을은 이의없기로 한다. 전 각조를  을이 위약할 시는 갑은 이행의 최고 등 다른 절차를 취함이 없이 을은 계약금 및 중도금을 포기한 것으로 간주하고 해약할 수 있으며 본 건물을 일방적으로 갑 임의대로 처분하여도 을은 이의를 제기하지 않키로  한다."
    ],
    "dvAntageous": "2",
    "illdcssBasiss": [
        "동 조항은 해약 시 최고절차를 배제하고, 과다한 위약금을 예정하고 있는 바, 고객에게 부당하게 불리할 뿐만 아니라 고객에게 부당하게 과중한 손해배상의무를 부당시키는 내용이다."
    ],
    "relateLaword": [
        "제9조(계약의 해제 , 해지) 계약의 해제 , 해지에 관하여 정하고 있는 약관의 내용 중 다음 각 호의 어느 하나에 해당되는 내용을 정하고 있는 조항은 무효로 한다.\n2. 사업자에게 법률에서 규정하고 있지 아니하는 해제권 또는 해지권을 부여하여 고객에게 부당하게 불이익을 줄 우려가 있는 조항",
        "제8조(손해배상액의 예정) 고객에게 부당하게 과중한 지연 손해금 등의 손해배상 의무를 부담시키는 약관 조항은 무효로 한다."
    ],
    "unfavorableProvision": "2"
}