{
    "clauseField": "1",
    "ftcCnclsns": "1",
    "clauseArticle": [
        " (000 가족점계약서) \n제17조 영업의 명의변경 및 양도양수\n제3항 본 계약기간 중에 갑의 사전 승인을 전제로 발생하는 모든 명의변경, 영업의 양도양수는 직계 존, 비속을 제외하고는 모두 신규계약에 해당되며, 계약기간, 가맹료, 물품보증금 등 본 계약의 모든 계약조건이 신규계약과 동일하게 적용된다. 단, 직계 존, 비속인 경우에는 별도의 가맹료, 물품보증금을 납부하지 않아도 되며, 이 때의 계약기간은 본 계약의 잔여기간으로 한다."
    ],
    "dvAntageous": "2",
    "illdcssBasiss": [
        "양수인은 피심인과 무조건 신규계약을 체결하여 가입비 전부를 지급하도록 하는 것은 이러한 영업양도의 효과를 부인하고 가입비를 이중으로 부과하는 것이다.",
        "피심인은 양도인에게 기지급받은 가입비를 반환하지도 않으면서, 양수인을 신규계약자와 동일하게 취급하여 가입비 전부를 지급토록 하는 것은 부당하다.",
        "양수인에 대한 교육훈련비용 등 양도인으로부터 지급받은 것으로는 충당되지 않아서 가맹본부가 새로이 지출하여야 하는 비용은 양수인이 지급할 필요가 있다고 판단된다.",
        "가맹점의 양수인에게 가입비 전부의 지급의무를 부과하고 있는 위 약관조항은 고객에게 부당하게 불리한 약관조항이다."
    ],
    "relateLaword": [
        "제6조(일반원칙) \n② 약관의 내용 중 다음 각 호의 어느 하나에 해당하는 내용을 정하고 있는 조항은 공정성을 잃은 것으로 추정된다.\n1. 고객에게 부당하게 불리한 조항"
    ],
    "unfavorableProvision": "1"
}