{
    "clauseField": "39",
    "ftcCnclsns": "1",
    "clauseArticle": [
        "제11조 (면책) \n④  000은 어느 경우에도 클럽내에서 분실 또는 도난당한 물품에 대해서 책임을 지지 않으며 회원님 개인물품의 보관은 전적으로 회원님 자신의 책임입니다."
    ],
    "dvAntageous": "2",
    "illdcssBasiss": [
        "민법상 사업자의 고의 또는 과실로 인한 위법행위로 타인에게 손해를 가한 때에는 그 손해를 배상할 책임이 있으며공작물의 설치 또는 보존의 하자로 인해 타인에게 손해를 가한 때에는 점유자 또는 소유자가 손해배상의 책임이 있다고 규정하고 있으므로 사업자의 과실에 기인한 안전사고에는 사업자가 배상책임을 지어야 할 것이다.",
        "해당 약관조항은 사업자의 고의 또는 중대한 과실로 인한 법률상의 책임을 배제하는 조항이다."
    ],
    "relateLaword": [
        "제7조(면책조항의 금지) \n계약 당사자의 책임에 관하여 정하고 있는 약관의 내용 중 다음 각 호의 어느 하나에 해당하는 내용을 정하고 있는 조항은 무효로 한다.\n  1. 사업자, 이행 보조자 또는 피고용자의 고의 또는 중대한 과실로 인한 법률상의 책임을 배제하는 조항"
    ],
    "unfavorableProvision": "2"
}