{
    "clauseField": "33",
    "ftcCnclsns": "1",
    "clauseArticle": [
        "제 13 조 (계약의 해지 및 해약환급금)\n⑨ 월부금을 사전연락이나 이유없이 3개월 이상 연체하였을 경우 회원의 권리를 상실하며이때 기 납입된 금액은 회원의 요청시 구비서류를 제출하면 회사의 해약 규정에 의거 환불한다."
    ],
    "dvAntageous": "2",
    "illdcssBasiss": [
        "월부금을 사전연락이나 이유없이 3개월 이상 연체하였을 경우 즉시 권리를 상실한다고 되어 있는데 이는 의무의 이행에 필요한 적정기간을 정하지 아니하였을 뿐만 아니라 최고절차를 두지 아니하여 사업자의 해제권 또는 해지권의 행사요건을 완화함으로써 상조서비스 회원에게 부당하게 불이익을 줄 우려가 있다."
    ],
    "relateLaword": [
        "제9조(계약의 해제,해지) \n계약의 해제,해지에 관하여 정하고 있는 약관의 내용 중 다음 각 호의 어느 하나에 해당되는 내용을 정하고 있는 조항은 무효로 한다.\n3. 법률에 따른 사업자의 해제권 또는 해지권의 행사 요건을 완화하여 고객에게 부당하게 불이익을 줄 우려가 있는 조항"
    ],
    "unfavorableProvision": "2"
}