{
    "clauseField": "3",
    "ftcCnclsns": "1",
    "clauseArticle": [
        "제3조(해약 및 불이익보상)\n⑤ 제1항의 경우 갑은 기 납부한 금액 중 위약금을 제외한 금액을 을에게 환불한다. 단, 해제사유와  직접 관련없이 을이 기 납부한 금액에 대한 이자 및 연체료는 환불하지 아니한다."
    ],
    "dvAntageous": "2",
    "illdcssBasiss": [
        "계약의 해제 , 해지로 인한 사업자의 원상회복의무를 부당하게 경감하는 조항이다."
    ],
    "relateLaword": [
        "제9조(계약의 해제 , 해지) 계약의 해제 , 해지에 관하여 정하고 있는 약관의 내용 중 다음 각 호의 어느 하나에 해당되는 내용을 정하고 있는 조항은 무효로 한다.\n4. 계약의 해제 또는 해지로 인한 원상회복의무를 상당한 이유 없이 고객에게 과중하게 부담시키거나 고객의 원상회복 청구권을 부당하게 포기하도록 하는 조항"
    ],
    "unfavorableProvision": "2"
}