{
    "clauseField": "2",
    "ftcCnclsns": "1",
    "clauseArticle": [
        "(상가공급 계약서)\n제4조 계약의 해제등\n갑은 을이 다음 각 호에 해당하는 행위를 하였을 때에는 최고한 후 그 이행이 없을 경우 본 계약을 해제할 수 있다.(단, 4항은 최고없이 해제할 수 있다.)\n제1항 중도금을 갑이 정한 기간 내에 계속하여 2회 이상 납부하지 아니하여 14일 유예기간을 정하여 2회 이상 최고하여도 납부하지 아니한 때",
        "제2항 잔금을 입점지정일 만료일로부터 3개월 이내에 납부하지 아니하였을 때\n",
        "제3항 본 계약에 따른 권리의무를 갑과 병의 승인 없이 타인에게 양도하거나, 제한물건, 기타담보의 목적으로 사용하였을 때\n",
        "제4항 을이 일방적으로 해약을 원할 때(단, 중도금을 1회 일부라도 납부한 때에는 갑이 인정하는 경우에 한 한다.)",
        "제5항 소유권이전 전에 을이 고의 또는 과실로 공급물건을 훼손하거나 기타 행위로 갑에게 손해를 발생케 하였을 때\n",
        "제6항 을이 갑의 연대보증 등으로 금융기관으로부터 분양대금을 대출받은 경우 금융기관과의 약정을 위반하여 당해 금융기관이 갑에게 대출금 상환을 요구하였을 때\n",
        "제7항 을이 계약 시 제출한 서류가 사실이 아님이 판명될 때\n",
        "제8항 분양대금완납 이전에 을이 파산, 강제집행, 조세체납처분을 당하였을 때\n"
    ],
    "dvAntageous": "2",
    "illdcssBasiss": [
        "원칙적으로 양도,양수가 가능한 권리이며 그에 질권 등을 설정하여 자금 활용 등을 할 수 있음에도 불구하고, 위 약관조항은 고객이 계약에 따른 권리의무를 양도나, 제한물건, 기타 담보목적으로 사용하는 것을 제한하고 이를 위반 시 해제사유로 정하고 있으므로 이는 사업자에게 법률에서 규정하고 있지 아니하는 해제권,해지권을 부여하거나 행사요건을 완화하여 고객에 대하여 부당하게 불이익을 줄 우려가 있는 조항이다"
    ],
    "relateLaword": [
        "제9조(계약의 해제,해지) \n계약의 해제,해지에 관하여 정하고 있는 약관의 내용 중 다음 각 호의 어느 하나에 해당되는 내용을 정하고 있는 조항은 무효로 한다.\n2. 사업자에게 법률에서 규정하고 있지 아니하는 해제권 또는 해지권을 부여하여 고객에게 부당하게 불이익을 줄 우려가 있는 조항"
    ],
    "unfavorableProvision": "2"
}