{
    "clauseField": "5",
    "ftcCnclsns": "1",
    "clauseArticle": [
        "제17조 (손해배상 의무) \n① 을은 영업장에서 발생하는 모든 안전사고, 화재 등으로 인하여 갑 또는 제3자에게 끼친인명 또는 재산상 피해에 대하여 일체의 민,형사상 책임을 져야 한다.",
        "② 을은 시설물 설치, 영업장 관리, 안전관리, 소방관리, 기타 제반 영업활동과 관련하여 갑 또는 제3자에게 손해를 끼친 경우 이를 모두 배상하여야 한다."
    ],
    "dvAntageous": "2",
    "illdcssBasiss": [
        "임차인의 영업장에서 발생한 사고라 하더라도 건물의 관리자로서의 관리의무가 있으므로 안전관리에 대한 모든 책임을 임차인의 단독책임으로 할 수는 없을 것이다.",
        "그럼에도 불구하고 현행 약관조항은 귀책유무를 고려함이 없이 화재 등 사고로 발생한 인명, 재산피해 등 일체의 손해에 대하여 임차인의 책임으로 하고 자신은 면책하고 있는 바, 이는 상당한 이유없이 사업자의 손해배상범위를 제한하거나 사업자가 부담하여야 할 위험을 고객에게 부담시키는 조항이다."
    ],
    "relateLaword": [
        "제7조(면책조항의 금지) \n계약 당사자의 책임에 관하여 정하고 있는 약관의 내용 중 다음 각 호의 어느 하나에 해당하는 내용을 정하고 있는 조항은 무효로 한다.\n  2. 상당한 이유 없이 사업자의 손해배상 범위를 제한하거나 사업자가 부담하여야 할 위험을 고객에게 떠넘기는 조항"
    ],
    "unfavorableProvision": "2"
}