{
    "clauseField": "2",
    "ftcCnclsns": "1",
    "clauseArticle": [
        "(개발비협약서)\n제5조(개발비의 내용 및 집행기준)\n제1항 개발비는 갑이 000 상가 활성화를 위하여 아래의 업무를 수행하는데 사용하기로 하며, 을은 개발비의 사용용도에 대하여  갑 에게 이의를 제기할 수 없다.\n제1호 000 상가활성화를 위하여 업무를 진행하는데 있어서 필요한 인건비 및 기타비용",
        "제2호 부스 설치비(오픈매장에 한정)",
        "제3호 박스매장 매장간 칸막이 및 전면부 공사비(부스설치, 전면 유리공사, 바닥마감, 칸막이위 마감 제외)",
        "제4호 0000 광고 홍보비",
        "제5호 자동주차발권기 설치\n",
        "제6호 보안경비시스템 설치(매장별 보안경비시스템 설치가입비 및 사용료는 별도)",
        "제7호 상가전체로고 디자인 개발",
        "제8호 무선 인터넷 시스템 시설비(가입 및 사용료는 개별부담)",
        "제9호 제7조 제4항의 상가활성화 업무추진 비용",
        "제10호 기타 갑이 필요하다고 인정하는 추가시설 설치비(매장위치검색기, 벤치, 의자 등)",
        "제11호 기타 갑이 상가활성화를 위하여 필요하다고 인정하는 항목"
    ],
    "dvAntageous": "2",
    "illdcssBasiss": [
        "개발비가 상가활성화를 위한 비용으로 사용되지 않거나 다른 비용으로 사용될 경우 고객은 이의를 제기할 수 있어야 함에도 불구하고, 위 약관조항은 어떠한 경우라도 개발비 집행에 대하여 고객이 이의제기를 할 수 없도록 규정하고 있으므로 이는 법률 규정에 의한 고객의 항변권 등의 권리를 상당한 이유없이 배제 또는 제한하는 조항이다."
    ],
    "relateLaword": [
        "제11조(고객의 권익 보호) \n고객의 권익에 관하여 정하고 있는 약관의 내용 중 다음 각 호의 어느 하나에 해당하는 내용을 정하고 있는 조항은 무효로 한다.\n1. 법률에 따른 고객의 항변권, 상계권 등의 권리를 상당한 이유 없이 배제하거나 제한하는 조항"
    ],
    "unfavorableProvision": "2"
}