{
    "clauseField": "43",
    "ftcCnclsns": "1",
    "clauseArticle": [
        "제5조(기준)\n이 계약은 공부상의 표시에  의하여 목적 토지를  현상태대로 매매하는 것이므로 목적  토지가 공부상의 표시와  부합되지 않는  점이 있더라도 을은 아무 이의를 제기하지 아니하기로 한다. ",
        "제16조(정산)\n갑이 위 표시 토지내의 분양부지 조성사업을 완료 후 확정측량에 의거 분양지 면적에 증감이 생겼을 경우에는 갑을 간에 이를 금전으로 정산한다."
    ],
    "dvAntageous": "2",
    "illdcssBasiss": [
        "매도인인 000은 일방적으로 계약내용을 설정할 수 있는 지위를 이용하여 목적토지 와 공부상의 표시 가 일치하지 않는데도 분양토지매매계약서 제16조상의 금전으로 대금정산을 하는 것외에는 매도인에게 법률상의 책임을 묻지 못하도록 하고 있는 바, 이와 같은 약관조항은 상당한 이유없이 사업자의 담보책임을 배제 또는 제한하는 조항이다. "
    ],
    "relateLaword": [
        "제7조(면책조항의 금지) \n계약 당사자의 책임에 관하여 정하고 있는 약관의 내용 중 다음 각 호의 어느 하나에 해당하는 내용을 정하고 있는 조항은 무효로 한다.\n  3. 상당한 이유 없이 사업자의 담보책임을 배제 또는 제한하거나 그 담보책임에 따르는 고객의 권리행사의 요건을 가중하는 조항"
    ],
    "unfavorableProvision": "2"
}