{
    "clauseField": "2",
    "ftcCnclsns": "1",
    "clauseArticle": [
        "(개발비협약서)\n제6조(계약의 해제 및 개발비 환불)\n제1항 을의 귀책사유 또는 개인사정으로 인하여 갑과 을간의 분양계약이 해제,해지되는 경우, 본 계약은 자동으로 해제,해지된다. 이 경우 개발비는 환불하지 않는다."
    ],
    "dvAntageous": "2",
    "illdcssBasiss": [
        "통상 개발비가 상가활성화를 위하여 공통적으로 사용된 비용이라 하더라도 고객의 사정으로 계약해제시 지출하지 않은 개발비가 있는 경우에는 이를 고객에게 반환하는 것이 타당하다.",
        "위 약관조항은 고객의 사유로 계약해제시 고객의 개발비 반환청구권을 배제하고 있으므로 이는 계약의 해제 또는 해지로 인한 고객의 원상회복청구권을 부당하게 포기하도록 하는 조항이다."
    ],
    "relateLaword": [
        "제9조(계약의 해제, 해지) \n계약의 해제, 해지에 관하여 정하고 있는 약관의 내용 중 다음 각 호의 어느 하나에 해당되는 내용을 정하고 있는 조항은 무효로 한다.\n3. 법률에 따른 사업자의 해제권 또는 해지권의 행사 요건을 완화하여 고객에게 부당하게 불이익을 줄 우려가 있는 조항"
    ],
    "unfavorableProvision": "2"
}