{
    "clauseField": "39",
    "ftcCnclsns": "1",
    "clauseArticle": [
        "제17조(계약해지 및 이용제한) \n12) 제3항 환불은 위약금 10퍼센트, 월 이용료, 일 이용료를 공제한 후 지급한다.   \n(카드결제시엔 부가세 10퍼센트, 카드수수료 공제)   (휘트니스 1일 이용료 10,000원, 휘트니스 3개월 이용료 150,000원)"
    ],
    "dvAntageous": "2",
    "illdcssBasiss": [
        "부가세는 일반적으로 사업자가 책정한 이용요금에 이미 포함되어 있는 것으로 볼 수 있음에도 불구하고 해당 약관 조항에 따르면 카드로 결제한 회원은 부가세가 공제된 금액을 환불받게 되며 이는 결제 대금에 포함되어 있던 부가세를 중복으로 공제하는 것으로서 회원에게 부당하게 과중한 손해배상의무를 부담시키고 있다.",
        "약관 조항에 휘트니스 1일 이용료로 규정되어 있는 10,000원은 고객이 실제로 지불하는 1개월 요금(8만원)을 일할 계산한 1일 요금(2,666원)과 비교하였을 때 그 3배를 상회하여 실제 요금에 비해 과도하게 책정되어 있다고 할 수 있으며, 고객에게 부당하게 과중한 손해배상의무를 부담시킬 우려가 있다."
    ],
    "relateLaword": [
        "제8조(손해배상액의 예정) \n고객에게 부당하게 과중한 지연 손해금 등의 손해배상 의무를 부담시키는 약관 조항은 무효로 한다."
    ],
    "unfavorableProvision": "2"
}