{
    "clauseField": "32",
    "ftcCnclsns": "1",
    "clauseArticle": [
        "제 9 조 (입실 후 계약의 해지)\n4. 산모 본인의 개인적인 사정으로 인하여 퇴원할 시, 잔여기간의 입원금은 환불되지 않습니다."
    ],
    "dvAntageous": "2",
    "illdcssBasiss": [
        "산모 개인에게 귀책사유가 있어 퇴원하는 경우라 할지라도 잔여기간 입원금의 환불을 일절금지하는 것은 계약의 해지로 인한 사업자의 원상회복의무를 부당하게 경감하는 조항이다."
    ],
    "relateLaword": [
        "제9조(계약의 해제,해지)\n4. 계약의 해제 또는 해지로 인한 원상회복의무를 상당한 이유 없이 고객에게 과중하게 부담시키거나 고객의 원상회복 청구권을 부당하게 포기하도록 하는 조항"
    ],
    "unfavorableProvision": "2"
}