{
    "clauseField": "39",
    "ftcCnclsns": "1",
    "clauseArticle": [
        "제22조(저작권의 귀속 및 이용제한) \n④ 회원권의 해지\n제4항 해지 시 개인적인 사정에 의해 연기 신청된 기간은 이용 기간에 포함되어 공제 됩니다"
    ],
    "dvAntageous": "2",
    "illdcssBasiss": [
        "해당 약관조항은 소비자가 이용을 연기한 기간 및 이용개시일이 도래하기 전까지의 기간, 즉 해당 헬스장이 제공하는 서비스를 전혀 이용할 수 없는 기간에도 소비자가 해당 헬스장을 이용한 것으로 간주함으로써 피청구인이 소비자에게 실제 공급한 서비스의 대가를 초과한 이용대금을 수령하는 것이 가능하게 하여 계약 해지에 따른 사업자의 원상회복의무를 부당하게 경감하도록 하는 조항이다. "
    ],
    "relateLaword": [
        "제9조(계약의 해제, 해지) \n계약의 해제, 해지에 관하여 정하고 있는 약관의 내용 중 다음 각 호의 어느 하나에 해당되는 내용을 정하고 있는 조항은 무효로 한다.\n  5. 계약의 해제 또는 해지로 인한 사업자의 원상회복의무나 손해배상의무를 부당하게 경감하는 조항"
    ],
    "unfavorableProvision": "2"
}