{
    "clauseField": "5",
    "ftcCnclsns": "1",
    "clauseArticle": [
        "제19조 (기타) \n④ 분쟁이 발생한 날로부터 30일 이내에 제1항의 협의가 이루어지지 아니할 때에는 다음 각 호에서 정하는 바에 의하여 해결한다. ",
        "⑤ 제1항의 조정에 불복하는 경우에는  갑 의 소재지를 관할하는 법원의 판결에 의한다.",
        "⑥ 을이 다음 각 호의 1에 해당하는 경우 갑은 최고 없이 본 계약을 해지할 수 있으며, 이에 을은 갑에게 손해배상금을 청구할 수 없다. \n1.을이 제소전화해조서 작성의무를 이행하지 않을 때",
        "⑦ 본 계약에 규정된 임대차계약기간, 임대물의 인도, 월 임대료 지급 등에 있어 분쟁 해결을 위하여 갑의 요청시 을은 제소전화해조서를 작성해야 한다.",
        "⑧ 본 임대차계약에 대한 법적 문제가 제기될 시는 갑의 관할법원으로 한다."
    ],
    "dvAntageous": "2",
    "illdcssBasiss": [
        "사업자 갑의 주소지 법원을 관할법원으로 하는 것은 고객에게 응소상의 불이익 초래가 있다 할 것임에도, 현행 약관조항은 갑의 주소지를 소송 관할법원으로 규정하고 있는 바, 이는 고객에 대하여 불리한 재판관할 합의조항이다.",
        "고객에게 제소전 화해조서의 작성의무를 부과하고 고객이 동 의무를 이행하지 아니할 때 피심인이 최고없이 계약을 해지할 수 있고 고객은 갑에게 손해배상을 청구하지 못하도록 하는 것은 고객에 대하여 부당하게 불리한 소제기의 금지조항으로 약관법 제14조에 해당된다."
    ],
    "relateLaword": [
        "제14조(소송 제기의 금지 등) 소송 제기 등과 관련된 약관의 내용 중 다음 각 호의 어느 하나에 해당하는 조항은 무효로 한다."
    ],
    "unfavorableProvision": "2"
}