{
    "clauseField": "43",
    "ftcCnclsns": "1",
    "clauseArticle": [
        "제7조 제5항\n이 계약이 해제되었을 때에는 갑은 을로부터 수납한 매매대금중 계약보증금을 공제한 금액을 을에게 반환하며  을이 갑에게 지급한 계약보증금은 당연히 갑에게  귀속한다.",
        "이 경우 갑이 을에게 반환하는 금액에는 이자를 부가하지 아니하며, 갑에 대한 계약보증금의 귀속은 계약해제로 인하여 갑이 입은 손해에 대한 을의 배상의무를 면제하는 것은 아니다. ",
        "제4조 제1항\n을은 전조의 분양대금중 계약체결일에 계약보증금으로 분양대금의 20%인 일금 원정을 납부하고 잔액에 대하여는 아래와 같이 분납한다."
    ],
    "dvAntageous": "2",
    "illdcssBasiss": [
        "매매거래시의 계약금은 총매매대금의 10퍼센트정도가 일반적인 거래관행임에도 불구하고, 이를 초과하여 분양토지매매계약서 제4조제1항에서는 특별한 사유없이 분양대금의 20퍼센트를 계약보증금(표현만 다를 뿐 그 법적 성질은 계약금임)으로 정하고 있고, ",
        " 또한 이 계약보증금을 동 계약서 제7조제5항에서 위약금(채무불이행으로 인한 계약해제시 채무자가 채권자에게 지급 할 금전을 말한다. 이하 같다)으로 약정하고 있는 바, 손해배상액의 예정으로 추정되는 위약금을 이와 같이 과중하게 부담시키고 있는 조항이다."
    ],
    "relateLaword": [
        "제8조(손해배상액의 예정) \n고객에게 부당하게 과중한 지연 손해금 등의 손해배상 의무를 부담시키는 약관 조항은 무효로 한다."
    ],
    "unfavorableProvision": "2"
}