{
    "clauseField": "2",
    "ftcCnclsns": "1",
    "clauseArticle": [
        "제9조 (공급면적의 계산)\n제3항 제②항의 공급면적 증감에 따라 제1조의 공급대금 등에 증감이 있을 수 있으며, 이 경우 입주일 전에 공급 당시의 가격(공급면적 기준 평당가)을 기준으로 하여 그 금액을 확정하고 그 발생차액을 상호 정산한다. 단 1% 미만의 실 공급면적 증감은 정산하지 않기로 한다."
    ],
    "dvAntageous": "2",
    "illdcssBasiss": [
        "1퍼센트 미만의 실 공급면적 증감은 정산하지 않는 것으로 규정하여 계약목적물에 대한 매도인의 하자담보책임을 제한하고 있으므로 이는 상당한 이유없이 사업자의 담보책임을 배제 또는 제한하는 조항이다."
    ],
    "relateLaword": [
        "제7조(면책조항의 금지) \n계약 당사자의 책임에 관하여 정하고 있는 약관의 내용 중 다음 각 호의 어느 하나에 해당하는 내용을 정하고 있는 조항은 무효로 한다."
    ],
    "unfavorableProvision": "2"
}