{
    "clauseField": "43",
    "ftcCnclsns": "1",
    "clauseArticle": [
        "제6조(면적의 기준 및 정산)\n제1항 용지조정사업 준공전에 목적용지를 공급한 경우 당해 목적용지의 면적은 가분할한 면적이므로 준공후 지적공부 정리결과 면적의 증감이 있는 경우에는 그 증가분에 대하여 이 계약체결 당시의 필지별 매각단가에 의하여 정산하기고 한다.",
        "제2항 제1항의 정산금은 다음 각호의 정한바에 따라 수납하거나 반환하며 이경우 정산금에 대한 정산시점까지의 이자는 쌍방이 이를 부리하지 아니한다."
    ],
    "dvAntageous": "2",
    "illdcssBasiss": [
        "정산금에 있어서도 급부제공의 결정권은 사업자에게 있는 만큼 면적감소로 인한 반환정산금에 대하여는 최소한 잔금 납부시점부터 정산시점까지의 기간동안 이자를 부가하여 환불하여야 함이 당연하다 할 것임에도 쌍방 부리하지 아니하기로 하고 있는 현행 약관조항은 반환정산금의 선수에 따른 이자 발생분을 사업자의 부당이득이 되게하여 고객에게 부당하게 불리한 조항이다."
    ],
    "relateLaword": [
        "제6조(일반원칙) \n  ② 약관의 내용 중 다음 각 호의 어느 하나에 해당하는 내용을 정하고 있는 조항은 공정성을 잃은 것으로 추정된다.\n  1. 고객에게 부당하게 불리한 조항"
    ],
    "unfavorableProvision": "1"
}