{
    "clauseField": "2",
    "ftcCnclsns": "1",
    "clauseArticle": [
        "제13조(기타사항)\n본 계약시 제시한 상가점포도면(LAY OUT)은 매수인의 이해를 돕기 위한 도면으로 이후 갑이 변경할 수 있고, 층별 용도 및 층별 구좌수는 변경될 수 있으며(단, 면적이 증감될 경우에는 추후 정산한다) 이 경우 을은 일체의 이의를 제기할 수 없다."
    ],
    "dvAntageous": "2",
    "illdcssBasiss": [
        "위 약관조항은 사업자가 상가점포의 배치, 층별 용도, 층별 구좌수를 일방적으로 변경할 수 있으며, 고객은 이에 대해 이의를 제기할 수 없도록 규정하고 있으므로 이는 상당한 이유없이 급부의 내용을 사업자가 일방적으로 결정하거나 변경할 수 있도록 권한을 부여하고 있는 조항이자, 법률의 규정에 의한 고객의 항변권, 상계권 등의 권리를 상당한 이유없이 배제 또는 제한하는 조항이다."
    ],
    "relateLaword": [
        "제10조(채무의 이행) \n채무의 이행에 관하여 정하고 있는 약관의 내용 중 다음 각 호의 어느 하나에 해당하는 내용을 정하고 있는 조항은 무효로 한다.\n1. 상당한 이유 없이 급부의 내용을 사업자가 일방적으로 결정하거나 변경할 수 있도록 권한을 부여하는 조항",
        "제11조(고객의 권익 보호) \n고객의 권익에 관하여 정하고 있는 약관의 내용 중 다음 각 호의 어느 하나에 해당하는 내용을 정하고 있는 조항은 무효로 한다.\n1. 법률에 따른 고객의 항변권, 상계권 등의 권리를 상당한 이유 없이 배제하거나 제한하는 조항"
    ],
    "unfavorableProvision": "2"
}