{
    "clauseField": "3",
    "ftcCnclsns": "1",
    "clauseArticle": [
        "목적물건의 표시\n제2항.  1구좌 이상(특수구좌)은 갑이 점포크기에 따라 호수지정으로 분양한다."
    ],
    "dvAntageous": "2",
    "illdcssBasiss": [
        "상가분양계약에 있어 점포의 위치는 점포운영자인 수분양자에게 있어 영업의 중요한 요소를 이루는 것이므로 분양 시 결정되거나 부득이한 사정으로 분양 시 결정할 수 없다면 추첨과 같은 객관적이고 공정한 방법에 의하여 위치가 결정되어야 할 것이다.그럼에도 불구하고 현행 약관조항은 사업자에게 일방적으로 호수를 지정할 수 있도록 하는 바, 이는 상당한 이유없이 급부의 내용을 사업자가 일방적으로 결정하거나 변경할 수 있는 권한을 부여하는 조항이다."
    ],
    "relateLaword": [
        "제10조(채무의 이행) 채무의 이행에 관하여 정하고 있는 약관의 내용 중 다음 각 호의 어느 하나에 해당하는 내용을 정하고 있는 조항은 무효로 한다.\n1. 상당한 이유 없이 급부의 내용을 사업자가 일방적으로 결정하거나 변경할 수 있도록 권한을 부여하는 조항"
    ],
    "unfavorableProvision": "2"
}