{
    "clauseField": "43",
    "ftcCnclsns": "1",
    "clauseArticle": [
        "제4조(분양면적 확정 및 정산)\n제1항 분양면적은 조성공사의 완료후 확정측량을 실시하여 지적공부상에 등재되는 면적을 분양 확정 면적으로 하며 당초 분양면적과의 증감분은 본 계약체결당시의 분양단가에 의거 정산하기로 한다.",
        "제2항 전항에 의한 정산금은 다음 각 호에 정하는 바에 따라 수납하거나 환불하며 이 경우 정산금에 대한 이자는 부리하지 아니 한다."
    ],
    "dvAntageous": "2",
    "illdcssBasiss": [
        "계약면적에 비하여 공급면적이 감소한 경우에는 사업자가 감소된 면적분에 해당하는 대금만큼 과다선수한 것이므로 잔금을 받은 시점부터 정산할 때까지의 이자를 부가하여야 하는 바, 쌍방이 이자를 부가하지 않기로 규정하고 있는 현행 약관조항은 반환정산금의 선수에 따른 이자 발생분을 사업자의 부당이득이 되게 하므로 고객에게 부당하게 불리한 조항이다."
    ],
    "relateLaword": [
        "제6조(일반원칙) \n  ② 약관의 내용 중 다음 각 호의 어느 하나에 해당하는 내용을 정하고 있는 조항은 공정성을 잃은 것으로 추정된다.\n  1. 고객에게 부당하게 불리한 조항"
    ],
    "unfavorableProvision": "1"
}