{
    "clauseField": "32",
    "ftcCnclsns": "1",
    "clauseArticle": [
        "제 8조 이용자 및 사업주 의무\n6. 현금이나 귀중품은 본 조리원에 맡기거나 개인이 주의하여 관리해야 하며, 문제 발생시책임지지 않습니다."
    ],
    "dvAntageous": "2",
    "illdcssBasiss": [
        "사업자, 이행보조자 또는 피고용자의 고의 또는 중대한 과실로 인한 법률상의 책임을 배제하는 조항이다."
    ],
    "relateLaword": [
        "약관법 제7조(면책조항의 금지) \n1. 사업자, 이행 보조자 또는 피고용자의 고의 또는 중대한 과실로 인한 법률상의 책임을 배제하는 조항",
        "약관법 제9조(계약의 해제, 해지) \n6. 계속적인 채권관계의 발생을 목적으로 하는 계약에서 그 존속기간을 부당하게 단기 또는 장기로 하거나 묵시적인 기간의 연장 또는 갱신이 가능하도록 정하여 고객에게 부당하게 불이익을 줄 우려가 있는 조항"
    ],
    "unfavorableProvision": "2"
}