{
    "clauseField": "3",
    "ftcCnclsns": "1",
    "clauseArticle": [
        "제8조(관리)\n제1항. 위 목적물건은 조속한 시일 내에갑이 지정한 관리회사의 관리체제로 운영하며 을은 이에 따른 제반 관리규정을 준수하여야 한다.",
        "제8조 제2항. 을은 갑이 설립한 관리회사를 향후 5년간 관리회사로 인정하는 동의서 및 인감증명을 제출하여 공증을 실시한다.(단, 5년씩 연장할 수 있다)",
        "제8조 제3항.지정된 관리회사는 상가 전체활성화를 위해 시설비(시설비, 인테리어, 홍보비, 개점준비비, 행사비, 운영비, CF제작비, TV광고비, 신문광고비, 사은품 및 사은행사비, 외벽광고, 카탈로그 제작비 등)는 분양평수에 따라 을의 부담으로 하되 제반 집행 및 사용 권한 일체를 갑이 지정한 관리회사에게 위임하고 차후 집행한 부분에 대하여 을은 일체의 이의를 제기치 않는다."
    ],
    "dvAntageous": "2",
    "illdcssBasiss": [
        "당사자 간의 개별약정이 아닌 약관에 의하여 분양사업자가 설립한 관리회사를 관리회사로 인정하는 동의서 및 인감증명을 제출하여 공증을 하도록 하고 있으며, 또한 사업자가 지정한 관리회사가 정한 제반 관리규정을 준수하도록 하여 입점상인이 구분소유자로서 관리단을 구성할 권리 또는 입점상인이 대규모 점포 유지 , 관리를 위해 필요한 업무를 수행할 자를 지정할 수 있는 권리를 침해하고 있고, 고객의 권리를 상당한 이유없이 배재하는 조항이다."
    ],
    "relateLaword": [
        "제11조(고객의 권익 보호) 고객의 권익에 관하여 정하고 있는 약관의 내용 중 다음 각 호의 어느 하나에 해당하는 내용을 정하고 있는 조항은 무효로 한다.\n1. 법률에 따른 고객의 항변권, 상계권 등의 권리를 상당한 이유 없이 배제하거나 제한하는 조항\n3. 고객이 제3자와 계약을 체결하는 것을 부당하게 제한하는 조항"
    ],
    "unfavorableProvision": "2"
}