{
    "clauseField": "5",
    "ftcCnclsns": "1",
    "clauseArticle": [
        "제17조 (손해배상 의무) \n을 또는 그 사용인과 그의 고객이 고의 또는 과실로 본 건물 내 시설을 훼손하였을 때에는 지체없이 을은 그 사실을 갑에게 통고하여야 하며, 그 손해(손해액은 갑이 사정하는 바에 따른다)를 배상하여야 한다."
    ],
    "dvAntageous": "2",
    "illdcssBasiss": [
        "임차인으로 하여금 그의 고객의 과실로 인하여 발생한 손해까지 배상하게 하는 것은 민법의 기본원리인 과실책임의 원칙에 반하는 것으로서 공정을 잃은 약관조항으로서 약관법 제6조 제1항에 해당이다.",
        "손해액을 피심인이 산출하도록 하는 것은 상당한 이유없이 급부의 내용을 사업자가 일방적으로 결정하거나 변경할 수 있도록 권한을 부여하는 조항이다."
    ],
    "relateLaword": [
        "제6조(일반원칙) ① 신의성실의 원칙을 위반하여 공정성을 잃은 약관 조항은 무효이다.",
        "제10조(채무의 이행) 채무의 이행에 관하여 정하고 있는 약관의 내용 중 다음 각 호의 어느 하나에 해당하는 내용을 정하고 있는 조항은 무효로 한다.\n  1. 상당한 이유 없이 급부의 내용을 사업자가 일방적으로 결정하거나 변경할 수 있도록 권한을 부여하는 조항"
    ],
    "unfavorableProvision": "2"
}