{
    "clauseField": "32",
    "ftcCnclsns": "1",
    "clauseArticle": [
        "제11조(서비스 예약 취소 및 환불)\n출산후 예약 또는 출산 후 서비스 취소시 선입금한 예약금은 환불되지 않습니다.",
        "제12조(서비스 중도 해지 및 환불)\n(1) 서비스 개시 후 중도해지시, 산후관리사 업무 특성상 관리사배정과 서비스 제공 등의 계약업무에 차질이 발생하고, 기간에 대한 손실이 발생하여 예약금은 환불되지 않습니다."
    ],
    "dvAntageous": "2",
    "illdcssBasiss": [
        "계약의 해제 또는 해지로 인한 사업자의 손해배상의무를 부당하게 경감하는 조항이자 고객에게 부당하게 불리한 조항이다.",
        "양 당사자간 계약관계에 있어 상대방이 선지급한 계약금은 계약기간동안 서비스나 용역 등의 대가에 대하여 일부를 선지급한 것이므로 계약기간이 최초 계약기간보다 감소될 경우 그 비율에 따라 예약금도 감소되어야 할 것이다. "
    ],
    "relateLaword": [
        "제9조(계약의 해제,해지)\n5. 계약의 해제 또는 해지로 인한 사업자의 원상회복의무나 손해배상의무를 부당하게 경감하는 조항",
        "제6조(일반원칙) \n② 약관의 내용 중 다음 각 호의 어느 하나에 해당하는 내용을 정하고 있는 조항은 공정성을 잃은 것으로 추정된다.\n2. 고객이 계약의 거래형태 등 관련된 모든 사정에 비추어 예상하기 어려운 조항"
    ],
    "unfavorableProvision": "2"
}