{
    "clauseField": "33",
    "ftcCnclsns": "1",
    "clauseArticle": [
        "제10조 (상조서비스의 이용) \n⑤ 장례식장 이용시, 조리 음식의 위생관리로 불량식품, 식중독 예방에 중점을 두고 이용자의 외부음식 및 물품(음료 등) 반입을 제한한다."
    ],
    "dvAntageous": "2",
    "illdcssBasiss": [
        "장례식장 영업자가 외부음식물 일체에 대한 반입금지를 계약내용으로 정하는 것은 이용고객으로 하여금 장례식장이 운영,임대하는 식당,매점의 이용을 강제(자기가 제공하는 음식물 이용 강제)하는 것과도 같은 결과를 초래한다.",
        "해당 약관조항은 장례식장 영업자가 제공하는 음식물의 사용을 강제하고 이용자의 음식물에 대한 자율적 선택권을 부당하게 제한하는 조항으로 고객에게 부당하게 불리한 조항이라 판단된다."
    ],
    "relateLaword": [
        "제6조(일반원칙) \n② 약관의 내용 중 다음 각 호의 어느 하나에 해당하는 내용을 정하고 있는 조항은 공정성을 잃은 것으로 추정된다.\n1. 고객에게 부당하게 불리한 조항"
    ],
    "unfavorableProvision": "1"
}