{
    "clauseField": "1",
    "ftcCnclsns": "1",
    "clauseArticle": [
        "제2조(신용판매 등)\n2항 가맹점은 카드사와 업무제휴를 한 기관의 회원에게도 이 규약에 따라 신용판매를 하여야 합니다."
    ],
    "dvAntageous": "2",
    "illdcssBasiss": [
        "신전문금융업법 제23조 제2항은 금융감독당국이 신용카드사업자에 대하여 가맹점 공동이용제를 명할 수 있는 근거조항이 될 뿐이며 이것이 곧바로 공동이용을 의무화하는 조항이라고 볼 수 는 없다 할 것이다. ",
        "현재는 가맹점 공동이용에 대한 금융감독당국의 명령이 해제된 상황이고, 재경부 유권해석에 의할 때 가맹점계약을 체결하지 않은 카드사의 회원에 대하여 거래를 거부하는 것이 여신전문금융업법 제19조 제1항(신용카드에 의한 거래를 이유로 물품의 판매 또는 용역의 제공 등을 거절하거나 신용카드회원을 불리하게 대우하지 못한다)의 가맹점 준수사항 위반이 되지 않는 바, 여신전문금융업법상 가맹점은 공동이용 참가기관의 카드라도 거래를 원하지 않는 경우에는 그 취급거절이 허용된다 할 것이다.",
        "동 조항으로 인하여 카드사들은 전속 가맹점을 유치하기 위한 필요성이 경감되어 수수료율이나 기타 거래조건 등의 협상에서 가맹점보다 유리한 입장에 서게 된다 할 것이다."
    ],
    "relateLaword": [
        "제6조(일반원칙) \n② 약관의 내용 중 다음 각 호의 어느 하나에 해당하는 내용을 정하고 있는 조항은 공정성을 잃은 것으로 추정된다.\n1. 고객에게 부당하게 불리한 조항"
    ],
    "unfavorableProvision": "1"
}