{
    "clauseField": "43",
    "ftcCnclsns": "1",
    "clauseArticle": [
        "제6조(시설의무)\n제1항 을은 특별한 사유가 없는 한 본 계약체결일로부터 1년 이내에 갑이 지정한 대지용도에 부합되는 시설물을 창원시 도시계획 및 건축조례의 정하는 바에 의거 착공하여야 하며, 시설물의 건축을 완료한 후 그 용도에 맞게 사용하여야 한다."
    ],
    "dvAntageous": "2",
    "illdcssBasiss": [
        "피심인은 통상산업부장관의 위탁을 받아 산업단지의 개발․조성 및 분양․임대 등에 관한 사업을 수행하는 공공법인으로서, 산업단지내 대지를 분양함에 있어서 사업자의 계약 당사자로서의 우월적 지위가 현저하거나 고객이 다른 사업자를 선택할 범위가 제한되어 있어 약관을 계약의 내용으로 하는 것이 사실상 강제되는 경우이다."
    ],
    "relateLaword": [
        "제9조(계약의 해제,해지) 계약의 해제,해지에 관하여 정하고 있는 약관의 내용 중 다음 각 호의 어느 하나에 해당되는 내용을 정하고 있는 조항은 무효로 한다.\n  4. 계약의 해제 또는 해지로 인한 원상회복의무를 상당한 이유 없이 고객에게 과중하게 부담시키거나 고객의 원상회복 청구권을 부당하게 포기하도록 하는 조항"
    ],
    "unfavorableProvision": "2"
}