{
    "clauseField": "5",
    "ftcCnclsns": "1",
    "clauseArticle": [
        "제6조 (계약해제 및 위약금) \n① 갑은 다음 각호 1에 해당하는 사유가 발생하는 경우 당해 계약을 해지 할 수 있다.\n12. 본 계약서상의 계약조건을 위반하고 그 위반으로 인하여 계약목적을 달성할 수 없다고 인정된 경우\n13. 공용, 공공용 또는 공익사업이 필요한 경우\n14. 제6조의 각호의 1에 해당하는 행위를 하는 경우\n15. 계약의 수행중 뇌물수수 또는 정상적인 계약관리를 방해하는 불법,부정행위가 있는 경우",
        "16. 을이 본 계약과 관련된 실정법을 위반함으로써, 사회적 물의가 야기된 경우\n17. 갑의 독촉이 3회 이상 있은 후에도 을이 제7조의 사용료를 납부 기한내 납부하지 않을 경우\n18. 제12조 제4항의 수입금액 증빙자료를 갑이 요청하였음에도 을이 이에 응하지 않거나 수입금액을 축소 또는 허위로 작성하여 제출하는 경우"
    ],
    "dvAntageous": "2",
    "illdcssBasiss": [
        "계약의 해지는 계약당사자에게는 중대한 영향을 미치는 사항이므로 상당한 기간을 정하여 계약내용을 이행할 것을 최고하고 그 기간 내에 이행하지 아니할 때에 비로소 계약을 해지함이 타당하다 할 것이다.",
        "해당 약관 조항은 계약의 본질적인 신뢰관계와 관련된 채무불이행인지 여부에 상관없이 무조건 계약내용을 이행할 것을 최고하지 않고 계약을 해지할 수 있도록 규정하고 있으므로 법률의 규정에 의한 해지권의 행사요건을 완화하여 고객에 대하여 부당하게 불이익을 줄 우려가 있는 조항이다."
    ],
    "relateLaword": [
        "제9조(계약의 해제,해지) 계약의 해제,해지에 관하여 정하고 있는 약관의 내용 중 다음 각 호의 어느 하나에 해당되는 내용을 정하고 있는 조항은 무효로 한다.\n  2. 사업자에게 법률에서 규정하고 있지 아니하는 해제권 또는 해지권을 부여하여 고객에게 부당하게 불이익을 줄 우려가 있는 조항"
    ],
    "unfavorableProvision": "2"
}