{
    "clauseField": "39",
    "ftcCnclsns": "1",
    "clauseArticle": [
        "제15조 (사용료의 반환)\n제5항 해지는 가입 후 7일내 서면으로 신청 가능하며, 위약금 10퍼센트를 공제 후 할인금액이 아닌 정상가로 정산 한다. (기구 1회 60,000원), (g. 곱하기 1개월 180,000원)\n예) 기구 해지 시 1개월 12회 or 8회 이용으로 사용횟수적용 곱하기 60,000 더하기 위약금10퍼센트"
    ],
    "dvAntageous": "2",
    "illdcssBasiss": [
        "체육시설 이용계약은 방문판매 등에 관한 법률)상 계속거래에 해당하는 것으로서 방판법 제31조에 의거하여 계속거래업자 등과 계속거래 등의 계약을 체결한 소비자는 계약기간 중 언제든지 계약을 해지할 수 있다.",
        "해당 약관조항은 법률의 규정에 의한 고객의 해제권 또는 해지권을 배제하거나 그 행사를 제한하는 조항이다.",
        "해당 약관조항은 기구의 경우 1회 요금 60,000원, 소도구의 경우 사용개월수를 기준으로 공제하도록 하고 있는 바, 이는 고객에게 부당하게 과중한 손해배상의무를 부담시키는 조항이다."
    ],
    "relateLaword": [
        "제8조(손해배상액의 예정) \n고객에게 부당하게 과중한 지연 손해금 등의 손해배상 의무를 부담시키는 약관 조항은 무효로 한다.",
        "제9조(계약의 해제, 해지) \n계약의 해제, 해지에 관하여 정하고 있는 약관의 내용 중 다음 각 호의 어느 하나에 해당되는 내용을 정하고 있는 조항은 무효로 한다.\n  1. 법률에 따른 고객의 해제권 또는 해지권을 배제하거나 그 행사를 제한하는 조항"
    ],
    "unfavorableProvision": "2"
}