{
    "clauseField": "3",
    "ftcCnclsns": "1",
    "clauseArticle": [
        "제13조(기타)\n제2항. 본 계약에 관한 소송의 관할법원은 갑의 소재지를 관할하는 법원으로 한다."
    ],
    "dvAntageous": "2",
    "illdcssBasiss": [
        "당사자 간의 개별적이고 명백한 약정에 의한 재판관할의 합의가 부당하다고는 할 수 없으나 약관의 형식에 의해 피고의 주소지 소재 관할법원에 관할권을 부여하는 것을 원칙으로 하는 민사소송법 상의 규정에 비해 갑의 소재지 관할법원을 관할로 할 경우 수분양자인 고객에게 응소 상의 큰 불편을 초래할 우려가 있으므로 위 약관조항은 고객에 대하여 부당하게 불리한 재판관할의 합의조항이다."
    ],
    "relateLaword": [
        "제14조(소송 제기의 금지 등) 소송 제기 등과 관련된 약관의 내용 중 다음 각 호의 어느 하나에 해당하는 조항은 무효로 한다.\n1. 고객에게 부당하게 불리한 소송 제기 금지 조항 또는 재판관할의 합의 조항"
    ],
    "unfavorableProvision": "2"
}