{
    "clauseField": "33",
    "ftcCnclsns": "1",
    "clauseArticle": [
        "제12 조 (계약의 해지)\n4. 회원이 전출사유로 해약신청을 하였을 때, 가입상품 및 불입회수에 따라 계약금액의 13.3에서 47.5퍼센트까지 공제한 후 환급하도록 합니다.\n5. 이유없이 월회비가 3개월 이상 무단 연체되었을 경우에는 자동해약 처리되며 이때 기불입한 금액은 전액 지급하지 않습니다."
    ],
    "dvAntageous": "2",
    "illdcssBasiss": [
        "의도적으로 은폐, 축소하여 계약을 체결할 수 있는 지위에 있다는 점, 방문판매형식의 계약에서 고객은 영업사원의 과장된 계약조건에 현혹되어 신중한 고려없이 계약을 체결하는 것이 일반적이라는 점, 피심인의 보람부금에 가입한 회원이 10,000 여명에 이르고 있다는 점 등을 고려할 때, 피심인은 계약당사자로서의 우월적 지위가 현저하여 약관을 계약의 내용으로 하는 것이 사실상 강제되는 경우이다."
    ],
    "relateLaword": [
        "제17조(불공정약관조항의 사용금지) \n사업자는 제6조부터 제14조까지의 규정에 해당하는 불공정한 약관 조항(이하 불공정약관조항이라 한다)을 계약의 내용으로 하여서는 아니 된다.\n4. 사업자의 계약 당사자로서의 지위가 현저하게 우월하거나 고객이 다른 사업자를 선택할 범위가 제한되어 있어 약관을 계약의 내용으로 하는 것이 사실상 강제되는 경우"
    ],
    "unfavorableProvision": "2"
}