{
    "clauseField": "5",
    "ftcCnclsns": "1",
    "clauseArticle": [
        "제19조(연고권 주장 금지)\n을은 제7조의 규정에 의하여 계약이 해지된 경우와 임대차기간이 종료되어 계약이 해지된경우 계약 또는 계속적이 사용관리를 빙자하여 민,형사상 연고권을 주장할 수 없으며 어떠한 종류이든 재산권 주장이나 피해보상 요구는 일체하지 못한다."
    ],
    "dvAntageous": "2",
    "illdcssBasiss": [
        "계약이 일방의 해지나 기간만료로 종료된 경우에 위 저수지에 대해 어떠한 권리도 주장하지 못하도록 규정하고 있으므로 이는 법률의 규정에 의한 고객의 항변권, 상계권 등의 권리를 상당한 이유없이 배제 또는 제한하는 조항이다."
    ],
    "relateLaword": [
        "제11조(고객의 권익 보호) 고객의 권익에 관하여 정하고 있는 약관의 내용 중 다음 각 호의 어느 하나에 해당하는 내용을 정하고 있는 조항은 무효로 한다.\n  1. 법률에 따른 고객의 항변권, 상계권 등의 권리를 상당한 이유 없이 배제하거나 제한하는 조항"
    ],
    "unfavorableProvision": "2"
}