{
    "clauseField": "3",
    "ftcCnclsns": "1",
    "clauseArticle": [
        "제3조 (관리회사 및 개발비 납부)\n제1항. 개발비는 인테리어 및 상가 활성화 비용(광고, 홍보 등)에 충당하기 위한 수분양자의 갹출금으로서 갑과는 무관하며 을은 관리회사인 000와 개발비 납부와 관련 별도계약을 체결하여야 한다."
    ],
    "dvAntageous": "2",
    "illdcssBasiss": [
        "수분양자의 전유부분이 아닌 전체 건물 또는 매장 내 공용부분에 대한 인테리어 시공은 사업자가 자기비용으로 부담해야 할 부분이고, 그럼에도 불구하고 전체건물 및 매장내 공용부분의 인테리어 시공에 드는 비용까지 수분양자에게 부담시킬 수 있도록 한 현행 약관조항은 고객에게 부당하게 불리한 조항이다."
    ],
    "relateLaword": [
        "제6조(일반원칙)\n② 약관의 내용 중 다음 각 호의 어느 하나에 해당하는 내용을 정하고 있는 조항은 공정성을 잃은 것으로 추정된다.\n1. 고객에게 부당하게 불리한 조항"
    ],
    "unfavorableProvision": "1"
}