{
    "clauseField": "2",
    "ftcCnclsns": "1",
    "clauseArticle": [
        "제19조(관리형토지신탁) \n매수인은 다음 각항에서 규정한 사항을 분명히 하고, 향후 어떠한 이의도 제기하지 않는다. ",
        "제2항 을은 본 재산이 신탁법 및 신탁업법에 의한 토지신탁사업에 의거 공급되는 재산이라는 특수성을 인지하고 신탁 해지 등의 사유로 인하여 위탁자와 수탁자가 체결한 신탁계약이 종료되는 경우, 수탁자의 모든 권리의무는 위탁자 또는 신탁계약의 수익자에게 면책적으로 포괄 승계되며, 수탁자의 수분양자에 대한 모든 권리의무도 계약변경 등 별도의 조치 없이 위탁자 또는 수익자에게 면책적으로 승계됨에 동의하며 이에 대한 이의를 제기할 수 없다."
    ],
    "dvAntageous": "2",
    "illdcssBasiss": [
        "수탁자와 위탁자 간에 신탁관계에 따른 수탁자의 모든 권리의무가 위탁자에게 포괄승계 되고, 아울러 분양계약에 기한 분양자의 수분양자에 대한 모든 권리와 의무도 계약변경 등 별도의 조치 없이 위탁자에게 승계되는 계약인수*의 의미가 있을 뿐 수분양자의 권익이 추가적으로 침해되는 것은 없다. "
    ],
    "relateLaword": [
        "신탁법 제55조 및 제60조",
        "제11조(고객의 권익 보호) \n고객의 권익에 관하여 정하고 있는 약관의 내용 중 다음 각 호의 어느 하나에 해당하는 내용을 정하고 있는 조항은 무효로 한다.\n1. 법률에 따른 고객의 항변권, 상계권 등의 권리를 상당한 이유 없이 배제하거나 제한하는 조항"
    ],
    "unfavorableProvision": "2"
}