{
    "clauseField": "39",
    "ftcCnclsns": "1",
    "clauseArticle": [
        "제 17조 기타\n제2항 연간 회원권의 휴회는 최장 2개월까지 2회 가능하며, 3개월 회원권은 휴회가 불가능합니다."
    ],
    "dvAntageous": "2",
    "illdcssBasiss": [
        "질병 등 전혀 예기치 못한 사정으로 고객이 일정기간 동안 일시적으로 체육활동을 할 수 없는 경우에는 고객 일방에게만 손해가 되지 않도록 이용연기를 인정하여 양 당사자의 이익을 조정할 필요가 있다.",
        "해당 약관조항은 3개월 회원권은 휴회가 불가능하다고 정하고 있는 바, 이는 고객에게 부당하게 불리한 조항이다."
    ],
    "relateLaword": [
        "제6조(일반원칙) \n  ② 약관의 내용 중 다음 각 호의 어느 하나에 해당하는 내용을 정하고 있는 조항은 공정성을 잃은 것으로 추정된다.\n  1. 고객에게 부당하게 불리한 조항"
    ],
    "unfavorableProvision": "1"
}