{
    "clauseField": "1",
    "ftcCnclsns": "1",
    "clauseArticle": [
        "제29조(영업의 양도)\n제5항 갑이 ㅇㅇㅇ사업을 타 회사에 양도할 경우에 본 계약상 모든 권리와 의무는 양수회사에 이전되며, 을은 이를 사전에 동의한 것으로 한다."
    ],
    "dvAntageous": "2",
    "illdcssBasiss": [
        "당해 약관은 가맹점사업자가 영업을 양도할 경우에는 사전승인을 거치도록 하고 있으면서(제29조 제1항), 가맹본부의 양도의 경우에는 동의를 간주하는 것은 형평에 맞지 않는다.",
        "해당 약관조항은 일정한 작위 또는 부작위가 있을 때 고객의 의사표시가 표명된 것으로 보는 약관조항"
    ],
    "relateLaword": [
        "제12조(의사표시의 의제) 의사표시에 관하여 정하고 있는 약관의 내용 중 다음 각 호의 어느 하나에 해당하는 내용을 정하고 있는 조항은 무효로 한다.\n1. 일정한 작위 또는 부작위가 있을 경우 고객의 의사표시가 표명되거나 표명되지 아니한 것으로 보는 조항. 다만, 고객에게 상당한 기한 내에 의사표시를 하지 아니하면 의사표시가 표명되거나 표명되지 아니한 것으로 본다는 뜻을 명확하게 따로 고지한 경우이거나 부득이한 사유로 그러한 고지를 할 수 없는 경우"
    ],
    "unfavorableProvision": "2"
}