{
    "clauseField": "1",
    "ftcCnclsns": "1",
    "clauseArticle": [
        "제30조(영업의 상속)\n제3항 상속인에 대해서는 가입비를 면제한다. 그러나 계약이행보증금, 교육비, 물품대금, 공사대금, 로열티, 광고비 등과 교육은 면제되지 아니한다."
    ],
    "dvAntageous": "2",
    "illdcssBasiss": [
        "피상속인이 이미 가맹본부에게 지급한 계약이행보증금은 상속인과 가맹본부와의 관계에서도 여전히 유효하다.",
        "그럼에도 상속인에게 계약이행보증금은 다시 지급하라고 하는 것은 상속의 효과를 부인하는 것이다.",
        "상속인에게 계약이행보증금 지급의무를 부과하고 있는 위 약관조항은 고객에게 부당하게 불리한 조항이다."
    ],
    "relateLaword": [
        "제6조(일반원칙) \n② 약관의 내용 중 다음 각 호의 어느 하나에 해당하는 내용을 정하고 있는 조항은 공정성을 잃은 것으로 추정된다.\n1. 고객에게 부당하게 불리한 조항"
    ],
    "unfavorableProvision": "1"
}