{
    "clauseField": "2",
    "ftcCnclsns": "1",
    "clauseArticle": [
        " (000)\n제2조 (계약의 해제)\n제1항 본 계약은 분양계약에 부수되는 마감공사 관련으로 소요자재를 선발주하여 미리 확보하여야 하고, 특히 계약 이후에는 계약 해지 또는 변경공사 비용이 추가로 발생하는 등 계약의 특수성으로 인하여 계약을 해제 또는 변경할 수 없다. ",
        "단 을의 부득이한 사유로 계약을 해제 또는 변경할 경우 계약금 전액은 위약금으로 갑에게 귀속되며 다만 갑의 실손해금액이 위약금을 초과하는 경우 을은 초과한 실손해금액을 추가로 부담하여야 한다. 이 경우 을이 갑에게 기납부한 금액이 있을 경우 갑은 그 해당금액을 기납부한 금액에서 공제할 수 있다.",
        "제3조 (위약금)\n을이 계약해제를 강행할 경우 을은 총 공급금액 중 계약금을 위약금으로 배상하여야 하며, 위약금과는 별도로 본 공사에 따른 자재의 발주 및 시공비 일체와 원상회복에 필요한 해체비용일체를 배상하여야 한다."
    ],
    "dvAntageous": "2",
    "illdcssBasiss": [
        "고객의 계약해제 시점(계약 또는 실측만 한 경우, 제작 또는 공사에 착수한 경우)을 구분하지 않고 일률적으로 위약금과는 별도로 사업자가 투입한 공사비 및 원상복구비용에 대해서까지 고객으로 하여금 배상책임을 지도록 정하고 있다.",
        "고객에게 부당하게 과중한 손해배상의무를 부담시키고 고객에게 부당하게 불리한 약관조항이다."
    ],
    "relateLaword": [
        "제8조(손해배상액의 예정) \n고객에게 부당하게 과중한 지연 손해금 등의 손해배상 의무를 부담시키는 약관 조항은 무효로 한다.",
        "제6조(일반원칙)\n② 약관의 내용 중 다음 각 호의 어느 하나에 해당하는 내용을 정하고 있는 조항은 공정성을 잃은 것으로 추정된다.\n1. 고객에게 부당하게 불리한 조항",
        "약관법 제6조 제2항 제1호"
    ],
    "unfavorableProvision": "1"
}