{
    "clauseField": "32",
    "ftcCnclsns": "1",
    "clauseArticle": [
        "제5조 입실 서비스\n사용객실은 1인실을 원칙으로 하며, 출산의 특성상 예정일이 앞당겨지거나 또는 늦춰진 부득이한 일이 발생하였을 경우 본원의 입원실에서 대체할 수 있으며, 대기기간을 산후조리원 기간으로 산정합니다."
    ],
    "dvAntageous": "2",
    "illdcssBasiss": [
        "분만일의 변경으로 인해 대체병실을 사용하게 하는 것 자체는 불공정하다고 할 수는 없으나, 산모가 기 지불한 산후조리원 비용보다 대체병실의 비용이 낮은 경우에는 차액만큼 환급해 주어야 함이 타당하다.",
        "입소 예정일 등의 변경으로 대체병실을 사용하였을 경우 산후조리원 이용과 동일하게 보거나 혹은 정산방법 등에 대해 규정하지 않음으로써, 대체병실 사용기간도 산후조리원 이용기간으로 산정하여 차액을 정산하지 않는 등 부당하게 고객의 권리를 침해하고 있다."
    ],
    "relateLaword": [
        "제6조(일반원칙)\n② 약관의 내용 중 다음 각 호의 어느 하나에 해당하는 내용을 정하고 있는 조항은 공정성을 잃은 것으로 추정된다.\n1. 고객에게 부당하게 불리한 조항"
    ],
    "unfavorableProvision": "1"
}