{
    "clauseField": "5",
    "ftcCnclsns": "1",
    "clauseArticle": [
        "제18조 (제소전 화해조서) \n③ 갑은 을에게 임대차계약 종료시 임대목적물을 원만히 명도받기 위하여 제소전 화해를 요청할 수 있으며, 을은 갑으로부터 제소전 화해 요청을 받는 즉시 제소전 화해에 필요한 조치를 취하여야 한다."
    ],
    "dvAntageous": "2",
    "illdcssBasiss": [
        "해당 약관조항들은 임차인의 의사와 관계없이 임대인이 요구하는 경우 반드시 이에 응하여야 할 의무를 부과하고, 이러한 요구에 대하여 임차인은 아무런 이의를 제기할 수 없도록 하고 있는 바, 이는 임대인에게 일방적으로 유리하고 임차인은 다툴 기회를 원천적으로 봉쇄당하는 결과를 초래하는 매우 불이익한 조항이다."
    ],
    "relateLaword": [
        "제6조(일반원칙)\n   ② 약관의 내용 중 다음 각 호의 어느 하나에 해당하는 내용을 정하고 있는 조항은 공정성을 잃은 것으로 추정된다.\n  1. 고객에게 부당하게 불리한 조항"
    ],
    "unfavorableProvision": "1"
}