{
    "clauseField": "43",
    "ftcCnclsns": "1",
    "clauseArticle": [
        "제10조 채무 불이행\n제1항 을이 어떤 이유로든지 본 계약에 명시된 구매대금 중 일부를 연체하게 되었을 경우, 본 계약에 따라 채무불이행 날로부터 1) 30일 이후 월 3%의 벌금을 부과하거나 2) 법적조치에 호소할 필요없이 해지통지서를 전달하고 30일 이후 본 계약은 자동취소 또는 해지되는 것으로 간주한다.",
        "계약취소 또는 계약 해지시에는 만약 구매대금이 30% 이하 납부되었을 경우 전엔 갑에게 귀속되며 그 이상 납부 되었을 일 경우 30%이외의 나머지 금액은 을에게 환불된다. 단을에게 환불시 기 납부금액에 대한 이자계산을 하지 않는다. 아울러 계약취소 또는 해지 통지서가 등기우편으로 을의 주소로 발송되면 을의 수령 여부에 관계없이 상기 내용들이 충분히 통지된 것으로 간주한다."
    ],
    "dvAntageous": "2",
    "illdcssBasiss": [
        "임차소유권 매수인이 구매대금을 연체하는 경우 매도인이 상당한 기간을 정하여 최고함이 없이 일방적으로 해지통지서를 발송한 것만으로 계약을 해제․해지 할 수 있도록 정하고 있다.\n법률의 규정에 의한 해지권의 행사요건을 완화하여 고객에 대하여 부당하게 불이익을 줄 우려가 이는 조항이다."
    ],
    "relateLaword": [
        "제9조(계약의 해제,해지) \n계약의 해제,해지에 관하여 정하고 있는 약관의 내용 중 다음 각 호의 어느 하나에 해당되는 내용을 정하고 있는 조항은 무효로 한다.\n2. 사업자에게 법률에서 규정하고 있지 아니하는 해제권 또는 해지권을 부여하여 고객에게 부당하게 불이익을 줄 우려가 있는 조항"
    ],
    "unfavorableProvision": "2"
}