{
    "clauseField": "32",
    "ftcCnclsns": "1",
    "clauseArticle": [
        "제 9조 (입실 후 계약의 해지)\n본 계약의 중도 해지시 잔여금액의 환불은 사용기간을 일일 계산하여 공제 후 환불하여 드립니다."
    ],
    "dvAntageous": "2",
    "illdcssBasiss": [
        "사업자의 귀책사유로 계약을 해지할 경우 고객이 입는 실질적은 손해액보다 적은 위약금을 환급하는 조항은 상당한 이유 없이 사업자의 손해배상범위를 제한하는 불공정한 약관에 해당한다."
    ],
    "relateLaword": [
        "제6조(일반원칙) \n② 약관의 내용 중 다음 각 호의 어느 하나에 해당하는 내용을 정하고 있는 조항은 공정성을 잃은 것으로 추정된다.\n  1. 고객에게 부당하게 불리한 조항"
    ],
    "unfavorableProvision": "2"
}