{
    "clauseField": "32",
    "ftcCnclsns": "1",
    "clauseArticle": [
        "제7조 (출산 예정일의 변동 등)\n출산의 특성상 예정일이 앞당겨지거나 늦춰진 경우 산모는 본원의 대기실을 대체 사용할 수 있습니다."
    ],
    "dvAntageous": "2",
    "illdcssBasiss": [
        "일반적으로 당초에 예정했던 급부내용과 실제 급부내용이 상이한 경우에는 정산절차를 거쳐야 하는 것은 당연하다 할 것이며, 비록 급부내용의 변경이 불가피하게 발생하였고 그 차이 금액이 소액이라 할지라도 정산방법 등에 대해 사전에 고객의 의견을 수렴하여 조치하는 것이 합당하다.",
        "입소 예정일 등의 변경으로 대체병실을 사용하였을 경우 산후조리원 이용과 동일하게 보거나 혹은 정산방법 등에 대해 규정하지 않음으로써, 대체병실 사용기간도 산후조리원 이용기간으로 산정하여 차액을 정산하지 않는 등 부당하게 고객의 권리를 침해하고 있다."
    ],
    "relateLaword": [
        "제6조(일반원칙) \n  ② 약관의 내용 중 다음 각 호의 어느 하나에 해당하는 내용을 정하고 있는 조항은 공정성을 잃은 것으로 추정된다.\n  1. 고객에게 부당하게 불리한 조항"
    ],
    "unfavorableProvision": "2"
}