{
    "clauseField": "39",
    "ftcCnclsns": "1",
    "clauseArticle": [
        "제13조(재화등의 공급) \n③ 이미 지불된 비용은 환불되거나 양도되지 않으며 다른 회원권 계정 잔고 보충에 사용될 수 없다."
    ],
    "dvAntageous": "2",
    "illdcssBasiss": [
        "해당 약관조항은 권리를 양도함에 있어 기존회원에 한하게 되어 범위의 제한은 있을 수 있으나 양도자체를 허용하지 않는 것은 고객이 제3자와 계약을 체결하는 것을 부당하게 제한하는 것이다.",
        "방문판매등에관한법률상 중도해지의 가능성이 있는 계속적 계약에 비용의 환불을 허용하고 있지 않는 것은 계약의 해제,해지로 인한 고객의 원상회복청구권을 부당하게 포기하도록 하는 것이다."
    ],
    "relateLaword": [
        "제11조(고객의 권익 보호) 고객의 권익에 관하여 정하고 있는 약관의 내용 중 다음 각 호의 어느 하나에 해당하는 내용을 정하고 있는 조항은 무효로 한다.\n3. 고객이 제3자와 계약을 체결하는 것을 부당하게 제한하는 조항",
        "제9조(계약의 해제,해지) \n계약의 해제,해지에 관하여 정하고 있는 약관의 내용 중 다음 각 호의 어느 하나에 해당되는 내용을 정하고 있는 조항은 무효로 한다.\n3. 법률에 따른 사업자의 해제권 또는 해지권의 행사 요건을 완화하여 고객에게 부당하게 불이익을 줄 우려가 있는 조항"
    ],
    "unfavorableProvision": "2"
}