{
    "clauseField": "2",
    "ftcCnclsns": "1",
    "clauseArticle": [
        " (000)\n제21조(기타사항 및 고지사항)\n제10항  을은 다음 사항을 인지하고 이 계약을 체결하며, 이와 관련하여 갑에게 이의를 제기할 수 없다.\n제23호 일부 세대는 공사 시행 중에 고품질 시공을 위하여 샘플세대로 사용될 수 있다."
    ],
    "dvAntageous": "2",
    "illdcssBasiss": [
        "고객의 의사와는 전혀 상관없이 사업자가 지정한 세대는 공사기간 동안 샘플세대로 사용됨에도 불구하고 고객은 무조건 동의를 하거나 이의를 제기할 수 없도록 규정하고 있으므로 이는 사업자에게 일방적으로 유리한 계약조항이고 고객에게는 상당한 피해가 발생될 우려가 있는 조항이다.",
        "법률의 규정에 의한 고객의 권리를 상당한 이유없이 배제 또는 제한하는 조항이며, 상당한 이유없이 급부의 내용을 사업자가 일방적으로 결정하거나 변경할 수 있도록 하는 고객에게 부당하게 불리한 조항이다."
    ],
    "relateLaword": [
        "제6조(일반원칙)\n② 약관의 내용 중 다음 각 호의 어느 하나에 해당하는 내용을 정하고 있는 조항은 공정성을 잃은 것으로 추정된다.\n1. 고객에게 부당하게 불리한 조항",
        "제10조(채무의 이행) \n채무의 이행에 관하여 정하고 있는 약관의 내용 중 다음 각 호의 어느 하나에 해당하는 내용을 정하고 있는 조항은 무효로 한다.\n1. 상당한 이유 없이 급부의 내용을 사업자가 일방적으로 결정하거나 변경할 수 있도록 권한을 부여하는 조항\n",
        "제11조(고객의 권익 보호) \n고객의 권익에 관하여 정하고 있는 약관의 내용 중 다음 각 호의 어느 하나에 해당하는 내용을 정하고 있는 조항은 무효로 한다.\n1. 법률에 따른 고객의 항변권, 상계권 등의 권리를 상당한 이유 없이 배제하거나 제한하는 조항"
    ],
    "unfavorableProvision": "1"
}