{
    "clauseField": "43",
    "ftcCnclsns": "1",
    "clauseArticle": [
        "제10조 채무 불이행\n제2항 위 1항에 의하여 본 계약이 취소 또는 해지되는 경우에, 을의 부담으로 설치된 시설물을 포함한 을의 재산 소유권은 갑이 갖게 된다. 을이 그 재산을 점유하는 경우에 을은 불법 침입자 또는 불법 점유자가 되며, 을은 어떠한 권리주장도 할 수 없고, 갑은 을의 재산에 대해서 임의로 처분 및 매각할 수 있다."
    ],
    "dvAntageous": "2",
    "illdcssBasiss": [
        "계약의 취소 또는 해지시 임차소유권 매수인이 설치한 모든 시설물에 대하여 매도인의 소유가 되도록 규정하고 있다.\n법률에 규정에 의한 고객의 권리를 상당한 이유없이 배제하는 조항이다."
    ],
    "relateLaword": [
        "제11조(고객의 권익 보호) 고객의 권익에 관하여 정하고 있는 약관의 내용 중 다음 각 호의 어느 하나에 해당하는 내용을 정하고 있는 조항은 무효로 한다.\n  1. 법률에 따른 고객의 항변권, 상계권 등의 권리를 상당한 이유 없이 배제하거나 제한하는 조항"
    ],
    "unfavorableProvision": "2"
}