{
    "clauseField": "36",
    "ftcCnclsns": "1",
    "clauseArticle": [
        "제3조(사업자의 의무)\n제3항 하객에게 답례품을 주지 아니함\n"
    ],
    "dvAntageous": "2",
    "illdcssBasiss": [
        "결혼당사자들로 하여금 하객에게 답례품을 주지 못하게 규정하는 것은 헌법으로 보장된 고객의 기본권을 상당한 이유없이 제한하는 것이다."
    ],
    "relateLaword": [
        "제11조(고객의 권익 보호) 고객의 권익에 관하여 정하고 있는 약관의 내용 중 다음 각 호의 어느 하나에 해당하는 내용을 정하고 있는 조항은 무효로 한다.\n  1. 법률에 따른 고객의 항변권, 상계권 등의 권리를 상당한 이유 없이 배제하거나 제한하는 조항"
    ],
    "unfavorableProvision": "2"
}