{
    "clauseField": "5",
    "ftcCnclsns": "1",
    "clauseArticle": [
        "제17조 (손해배상 의무) \n②을이 고의적인 공사진행 방해, 선동, 협박, 행정처리 방해, 과도한 민원제기 등으로 인해 갑에게 추가공사비, 금융비용등 발생하게 할 경우 갑은 을에게 직권으로 임대차계약 해제 및 해지할 수 있으며, 을은 갑에게 이에 대한 일체의 손해배상을 하여야 한다."
    ],
    "dvAntageous": "2",
    "illdcssBasiss": [
        "‘고의적인 공사진행 방해, 선동, 협박, 행정처리 방해, 과도한 민원 제기 등으로 인해 갑에게 추가공사비, 금융비용 등을 발생하게 할 경우’라는 포괄적이고 불명확한 사유를 근거로 사업자가 임대차 계약을 해제 또는 해지할 수 있도록 규정하고 있다.",
        "법률에 따른 사업자의 해제권 또는 해지권의 행사 요건을 완화하여 고객에게 부당하게 불이익을 줄 우려가 있는 조항이다."
    ],
    "relateLaword": [
        "제9조(계약의 해제ㆍ해지) \n계약의 해제ㆍ해지에 관하여 정하고 있는 약관의 내용 중 다음 각 호의 어느 하나에 해당되는 내용을 정하고 있는 조항은 무효로 한다.\n  3. 법률에 따른 사업자의 해제권 또는 해지권의 행사 요건을 완화하여 고객에게 부당하게 불이익을 줄 우려가 있는 조항"
    ],
    "unfavorableProvision": "2"
}