{
    "clauseField": "1",
    "ftcCnclsns": "1",
    "clauseArticle": [
        "제12조 (계약기간, 갱신 및 계약종료 등)\n제6항 계약이 갱신되는 경우에 가입비 및 계약이행보증금은 증가될 수 있다.",
        "제16조 (가입비, 계약이행보증금)\n제2항 가입비는 가맹계약의 체결일로부터 2개월 후 또는 가맹점이 개설된 후에는 을에게 반환되지 않는다. 계약이 갱신되는 경우에는 가입비 및 계약이행보증금은 증가될 수 있다."
    ],
    "dvAntageous": "2",
    "illdcssBasiss": [
        "당해 약관조항은 계약의 갱신이 있을 때 가입비 등이  증가 될 수 있는 가능성에 대하여만 규정하였을 뿐 ‘감소’될 가능성에 대하여는 전혀 상정하지 않고 있다. 이는 고객인 가맹점사업자에게 대하여 부당하게 불리한 조항이다."
    ],
    "relateLaword": [
        "제6조(일반원칙) \n② 약관의 내용 중 다음 각 호의 어느 하나에 해당하는 내용을 정하고 있는 조항은 공정성을 잃은 것으로 추정된다.\n1. 고객에게 부당하게 불리한 조항"
    ],
    "unfavorableProvision": "1"
}