{
    "clauseField": "2",
    "ftcCnclsns": "1",
    "clauseArticle": [
        "제5조(계약의 해지)\n제2항  해지 사유  갑  또는  을 은 다음 각호의 사유가 발생한 경우 상대방에 대한 별도의통보 없이 본 계약을 해지할 수 있다. (중략)\n제1호 당사자 일방이 감독관청으로부터 영업의 취소, 정지처분을 받았을 경우 \n제2호 어음및 수표의 부도, 제3자에 의한 강제집행(가압류 및 가처분 포함) 또는 파산선고의 신청, 회사정리의 신청 등 경영상의 중대한 사유가 발생하여 계약내용이 도저히 이행될 수 없다고 인정될 경우, ",
        "제3호 해산, 영업의 양도를 결의하거나 또는 타회사로 합병될 경우 등으로 한정적으로 열거하고 있다.외에 계약 기간 내에 해제 할 수 없다."
    ],
    "dvAntageous": "2",
    "illdcssBasiss": [
        "약관조항은 고객이 갖는 법정해제권을 일률적으로 배제하고 있으므로 법률에 따른 고객의 해제권 또는 해지권을 배제하는 조항 내지 고객에게 부당하게 불리한 조항에 해당하여 무효이다."
    ],
    "relateLaword": [
        "제9조(계약의 해제,해지) \n계약의 해제,해지에 관하여 정하고 있는 약관의 내용 중 다음 각 호의 어느 하나에 해당되는 내용을 정하고 있는 조항은 무효로 한다.\n1. 법률에 따른 고객의 해제권 또는 해지권을 배제하거나 그 행사를 제한하는 조항"
    ],
    "unfavorableProvision": "2"
}