{
    "clauseField": "39",
    "ftcCnclsns": "1",
    "clauseArticle": [
        "제 7 조(회원 탈퇴 및 자격 상실 등)\n제1호 선납회원권의 경우 회원이 그 선납기간 경과 전에 불가피한 사정으로 더 이상 클럽시설을 이용할 수 없을 시에는 본사의 고객관리부(CSO)에게 해지신청서를 작성하여 제출하여야 합니다.  회원권은 해지신청이 접수된 후로부터 한달 경과된 시점을 기준으로 해지가 됩니다.",
        "다만, 회원이 불가피한 사정으로 해지 후 한달을 이용할 수 없는 경우에는 관계증빙서류를 제출해서 당 클럽의 사전동의를 얻은 경우에 한하여 예외적으로 해지 신청 접수일로 회원권을 해지시킬 수 있습니다."
    ],
    "dvAntageous": "2",
    "illdcssBasiss": [
        "해당 약관조항은 법률상 언제든지 중도해지 할 수 있는 고객의 정당한 해지권행사에 대해 사업자가 사전에 마련한 약관에 의해 일방적으로 유예기간을 설정하고 있고 또한 이에 대한 예외로 증빙할 수 있는 자료제출과 함께 사전동의를 얻게 하고 있어 이는 사업자가 법률의 규정에 의한 고객의 해지권을 제한하여 고객에 대해 부당하게 불이익을 줄 우려가 있는 조항이다."
    ],
    "relateLaword": [
        "제9조(계약의 해제, 해지) \n계약의 해제, 해지에 관하여 정하고 있는 약관의 내용 중 다음 각 호의 어느 하나에 해당되는 내용을 정하고 있는 조항은 무효로 한다.\n  1. 법률에 따른 고객의 해제권 또는 해지권을 배제하거나 그 행사를 제한하는 조항",
        "  2. 사업자에게 법률에서 규정하고 있지 아니하는 해제권 또는 해지권을 부여하여 고객에게 부당하게 불이익을 줄 우려가 있는 조항"
    ],
    "unfavorableProvision": "2"
}