{
    "clauseField": "32",
    "ftcCnclsns": "1",
    "clauseArticle": [
        "제8조 (입실 전 계약의 해제)\n① 산후조리원에 귀책사유가 있는 경우 전액 환불한다.\n② 산모에게 귀책사유가 있는 경우\n분만 예정일 2주일 전 10퍼센트 환불, 3주일 전 20퍼센트 환불, 30일 전 30퍼센트 환불, 50일 까지 100퍼센트 환불"
    ],
    "dvAntageous": "2",
    "illdcssBasiss": [
        "산후조리원의 경우, 고객의 계약 취소시점이 입소 예정일에 가까워질수록 사업자로서는 대체고객을 확보할 기회가 상대적으로 희박해지므로 고객의 계약 취소시점과 입소예정일 간의 잔여기간에 따라 사업자가 부담하는 손해액은 상이하다고 할 수 있다.",
        "계약 취소시점과 입소 예정일 간의 차이에 비례하는 합리적인 수준의 손해배상액 산정이 매우 중요하다 할 것이다."
    ],
    "relateLaword": [
        "제8조(손해배상액의 예정) \n고객에게 부당하게 과중한 지연 손해금 등의 손해배상 의무를 부담시키는 약관 조항은 무효로 한다."
    ],
    "unfavorableProvision": "2"
}