{
    "clauseField": "36",
    "ftcCnclsns": "1",
    "clauseArticle": [
        "제2조(계약금과 피로연 식대비용의 지급)\n제1항 계약체결 이외의 추가되는 비용은 결혼 당일 잔금지불시 정산한다. (단, 계약금은 반환하지 않는다.)\n"
    ],
    "dvAntageous": "2",
    "illdcssBasiss": [
        "사업자의 귀책사유로 계약이 해약된 경우에도 고객들에게 예약금을 반환하지 않도록 규정하는 것은 계약의 해제 또는 해지로 인한 고객의 원상회복청구권을 부당하게 포기하도록 하는 조항이다."
    ],
    "relateLaword": [
        "제9조(계약의 해제,해지) \n계약의 해제,해지에 관하여 정하고 있는 약관의 내용 중 다음 각 호의 어느 하나에 해당되는 내용을 정하고 있는 조항은 무효로 한다.\n3. 법률에 따른 사업자의 해제권 또는 해지권의 행사 요건을 완화하여 고객에게 부당하게 불이익을 줄 우려가 있는 조항"
    ],
    "unfavorableProvision": "2"
}