{
    "clauseField": "2",
    "ftcCnclsns": "1",
    "clauseArticle": [
        "제14조 (계약의 해지)\n제2항 000은 다음 각 호에 해당하는 사유가 발생한 경우 업체와의 계약의 전부 또는 일부를 해제할 수 있다. 이 때 계약 해제의 효력은 000이 해제의 의사표시를 통보한 때로부터 1개월이 경과한 날에 발생한다.\n제6호 업체의 재력 상실로 계약이행이 불가능하다고 판단되거나 자본잠식 또는 세금체납이 확인된 경우"
    ],
    "dvAntageous": "2",
    "illdcssBasiss": [
        "일시적인 자본잠식 또는 경미한 세금체납의 경우에도 계약내용의 이행가능성과 무관하게 최고 등의 절차를 거치지 않고도 피청구인이 그 계약을 일방적으로 해지할 수 있도록 하고 있는 바, 이는 사업자에게 법률에서 규정하고 있지 아니하는 해지권을 부여하거나 법률에 따른 사업자의 해지권의 행사 요건을 완화하여 고객에게 부당하게 불이익을 줄 우려가 있는 조항이다.",
        "계약의 해제권, 해지권이 발생하기 위해서는 원칙적으로 채무불이행이 있고 상당한 기간을 정하여 그 이행을 최고한 후 그 기간 내에 이행 또는 이행의 제공이 없을 것이라는 요건을 충족시켜야 하며, 이러한 요건을 충족한 후에 해제·해지권자가 해제, 해지의 의사표시를 하여야 그 효과가 발생한다."
    ],
    "relateLaword": [
        "제9조(계약의 해제, 해지) \n계약의 해제, 해지에 관하여 정하고 있는 약관의 내용 중 다음 각 호의 어느 하나에 해당되는 내용을 정하고 있는 조항은 무효로 한다.\n1. 법률에 따른 고객의 해제권 또는 해지권을 배제하거나 그 행사를 제한하는 조항"
    ],
    "unfavorableProvision": "2"
}