{
    "clauseField": "39",
    "ftcCnclsns": "1",
    "clauseArticle": [
        "제 20 조 (계약해제 및 이용제한)\n제3호  Short-term 회원권 해지 - 이 회원권의 경우, 중도해지나 해지신청이 전혀 필요하지 않으며, 중도해지를 요청하여도 환불비용이나 추가 결재금액이 발생하지 않습니다.  처음 계약당시 결제한 기간이 끝나면 회원권은 자동 해지 처리 됩니다."
    ],
    "dvAntageous": "2",
    "illdcssBasiss": [
        "해당 조항은 관련법률에 반하여 약관으로 고객의 해지권을 인정치 않고 일방적 자동소멸관계를 규정하고 이에 대해 환불 또한 인정치 않고 있는 것으로, 이는 법률의 규정에 의한 고객의 해제, 해지권을 배제하거나 사업자에게 법률에서 규정하고 있지 아니하는 해제, 해지권을 부여하는 조항이자 계약의 해제, 해지로 인한 사업자의 원상회복의무나 손해배상의무를 부당하게 경감하는 조항에 해당된다."
    ],
    "relateLaword": [
        "제9조(계약의 해제, 해지) \n계약의 해제, 해지에 관하여 정하고 있는 약관의 내용 중 다음 각 호의 어느 하나에 해당되는 내용을 정하고 있는 조항은 무효로 한다.\n  1. 법률에 따른 고객의 해제권 또는 해지권을 배제하거나 그 행사를 제한하는 조항",
        "2. 사업자에게 법률에서 규정하고 있지 아니하는 해제권 또는 해지권을 부여하여 고객에게 부당하게 불이익을 줄 우려가 있는 조항",
        "  4. 계약의 해제 또는 해지로 인한 원상회복의무를 상당한 이유 없이 고객에게 과중하게 부담시키거나 고객의 원상회복 청구권을 부당하게 포기하도록 하는 조항"
    ],
    "unfavorableProvision": "2"
}