{
    "clauseField": "43",
    "ftcCnclsns": "1",
    "clauseArticle": [
        "제5조 (조성사업의 시행 등)\n제1항 갑은 조성사업 준공 전에 대상토지를 공급받은 때에는 조성사업으로 인하여 불가피하게 발생하는 토지사용의 제한 기타 불이익을 받아들이기로 한다. 이 경우 을은 갑의 불이익이 최소화되도록 조성사업을 성실히 이행하기로 한다. "
    ],
    "dvAntageous": "2",
    "illdcssBasiss": [
        "공공택지개발을 위한 조성사업으로 인해 불가피하게 발생하는 토지사용의 제한 등을 토지매수인에게 수인토록 할 필요성은 인정되나 심사대상 약관조항의 문언만으로는 고객이 어떤 경우에 어떤 제한이나 불이익을 받게 되는지 구체적으로 예상하기 어려운바, 심사대상 약관조항은 고객에게 부당하게 불리한 조항 및 고객이 예상하기 어려운 조항이다."
    ],
    "relateLaword": [
        "제6조(일반원칙) \n② 약관의 내용 중 다음 각 호의 어느 하나에 해당하는 내용을 정하고 있는 조항은 공정성을 잃은 것으로 추정된다.\n1. 고객에게 부당하게 불리한 조항"
    ],
    "unfavorableProvision": "1"
}