{
    "clauseField": "2",
    "ftcCnclsns": "1",
    "clauseArticle": [
        "제17조(기타사항)\n제3항 인근 도로 등의 사정에 의하여 아파트 배치구조 및 동․호수별 위치에 따라 일조권, 조망권, 소음(영동고속도로 등) 등으로 환경권 및 사생활 침해 등이 될 수 있으며, 을은 이를 충분히 숙지하고 본 계약을 체결하므로 이로 인한 모든 피해는 을이 책임지고 갑에게 일체의 이의를 제기하지 아니한다."
    ],
    "dvAntageous": "2",
    "illdcssBasiss": [
        "수분양자는 자신의 판단과 계산으로 분양계약을 체결하게 되나, 분양계약체결 이전에 사업자의 신의칙에 의하지 아니한 기망 등의 수단으로 인하여 발생될 수 있는 계약체결 이후의 모든 문제를 수분양자가 사전에 예상하여 충분히 인지할 수 없을 경우가 있는 바이다.",
        " 현행 약관조항은 수분양자가 피심인에게 일체의 이의를 제기하지 못하도록 하고 있는 바, 이는 법률의 규정에 의한 고객의 항변권, 상계권등의 권리를 상당한 이유없이 배제 또는 제한하는 조항이다."
    ],
    "relateLaword": [
        "제11조(고객의 권익 보호) \n고객의 권익에 관하여 정하고 있는 약관의 내용 중 다음 각 호의 어느 하나에 해당하는 내용을 정하고 있는 조항은 무효로 한다.\n1. 법률에 따른 고객의 항변권, 상계권 등의 권리를 상당한 이유 없이 배제하거나 제한하는 조항",
        "제14조(소송 제기의 금지 등) \n소송 제기 등과 관련된 약관의 내용 중 다음 각 호의 어느 하나에 해당하는 조항은 무효로 한다.\n1. 고객에게 부당하게 불리한 소송 제기 금지 조항 또는 재판관할의 합의 조항"
    ],
    "unfavorableProvision": "2"
}