{
    "clauseField": "5",
    "ftcCnclsns": "1",
    "clauseArticle": [
        "제19조 (기타) \n② 을은 주소, 전화번호 등 변동이 있을 때에는 5일 이내에 갑에게 서면으로 통보하여야 하며, 이를 이행하지 아니할 경우 갑의 을에 대한 계약의 해제통고 등은 종전 주소지로 발송하며, 반송 등으로 미도달 시는 발송 후 5일이 경과함으로써 그 효력이 발생하는 것으로하며 이에 대한 을의 불이익은 갑이 책임지지 아니한다. 또한 계약서상의 주소가 부정확한 경우도 이와 같다."
    ],
    "dvAntageous": "2",
    "illdcssBasiss": [
        "임차인의 이익에 중대한 영향을 미치는 임대인의 의사표시가 상당한 이유 없이 고객에게 도달된 것으로 보는 조항이다."
    ],
    "relateLaword": [
        "제12조(의사표시의 의제) 의사표시에 관하여 정하고 있는 약관의 내용 중 다음 각 호의 어느 하나에 해당하는 내용을 정하고 있는 조항은 무효로 한다.\n  3. 고객의 이익에 중대한 영향을 미치는 사업자의 의사표시가 상당한 이유 없이 고객에게 도달된 것으로 보는 조항"
    ],
    "unfavorableProvision": "2"
}