{
    "clauseField": "32",
    "ftcCnclsns": "1",
    "clauseArticle": [
        "제9조 이용자의 의무\n7. 귀중품, 금전관리는 산모(보호자)가 하여야 하며, 문제 발생 시 책임은 산모(보호자)에게있습니다."
    ],
    "dvAntageous": "2",
    "illdcssBasiss": [
        " 공중접객업인 산후조리원내에서 분실, 훼손, 도난된 산모의 휴대품에 대해 사업자의 귀책사유를 따짐이 없이 책임을 고객에게 전가하고 사업자는 일체의 책임을 지지 않는다고 규정하고 있다.",
        "사업자, 이행보조자 또는 피고용자의 고의 또는 중대한 과실로 인한 법률상의 책임을 배제하는 조항이다."
    ],
    "relateLaword": [
        "제7조(면책조항의 금지) \n계약 당사자의 책임에 관하여 정하고 있는 약관의 내용 중 다음 각 호의 어느 하나에 해당하는 내용을 정하고 있는 조항은 무효로 한다.\n  1. 사업자, 이행 보조자 또는 피고용자의 고의 또는 중대한 과실로 인한 법률상의 책임을 배제하는 조항"
    ],
    "unfavorableProvision": "2"
}