{
    "clauseField": "2",
    "ftcCnclsns": "1",
    "clauseArticle": [
        "제4조(소유권이전)\n제1항 갑의 공부정리가 완료된 날로부터 1개월이내에 을의 비용으로 소유권 이전 등기를 마쳐야 한다.(단,  갑 의 부득이한 사정으로 소유권 이전등기가 지연될 경우 을은 이에 대하여 아무런 이의를 제기하지 않기로 한다)"
    ],
    "dvAntageous": "2",
    "illdcssBasiss": [
        "부득이한 사정이라는 다소 불명확한 사유를 규정하면서 사업자의 귀책사유로 인하여 등기 이전절차가 지연되는 경우에도 손해배상청구등 이의제기를 못하도록 하고 있어 이는 법률의 규정에 의한 고객의 권리를 상당한 이유없이 배제하는 조항이다."
    ],
    "relateLaword": [
        "제11조(고객의 권익 보호) \n고객의 권익에 관하여 정하고 있는 약관의 내용 중 다음 각 호의 어느 하나에 해당하는 내용을 정하고 있는 조항은 무효로 한다.\n1. 법률에 따른 고객의 항변권, 상계권 등의 권리를 상당한 이유 없이 배제하거나 제한하는 조항"
    ],
    "unfavorableProvision": "2"
}