{
    "clauseField": "1",
    "ftcCnclsns": "1",
    "clauseArticle": [
        "(가맹계약서) \n제11조(가맹학원 시설물 및 간판의 설치) 갑은 학원의 시설물 및 간판설치를 위한 제작업체를 지정하고 을은 000 가맹학원임을 상징하는 학원시설 및 간판을 지정업체를 통해 시안대로 설치하여야 하며 가맹점은 점포 내외의 잘 보이는 곳에 카드를 취급한다는 표지류를 부착하여야 합니다."
    ],
    "dvAntageous": "2",
    "illdcssBasiss": [
        "통일성을 유지하는데 지장이 없는 한 가맹사업자는 시공업체를 자율적으로 선택하고 가맹본부는 설계기준의 제시에 그치는 것이 타당하다 할 것이다. ",
        "피청구인의 체인점 시설의 주된 부분은 간판, 내부 실내장식 등이고 이들의 시공에는 정밀한 설계나 특별한 기술을 요하는 것으로 보기 어려운 점을 감안할 때 가맹본부가 제시한 설계에 따라 가맹사업자가 시공업체를 자율적으로 선택하여 시공한다 하더라도 가맹점간의 통일성을 해칠 우려가 높을 것으로 보기는 어렵다할 것이다.",
        "가맹사업법에서도 원칙적으로 부동산, 설비 등의 구입 판매 등과 관련하여 부당하게 가맹사업자에게 특정한 거래상대방과 거래할 것을 강제하는 행위를 금지하고 있다. ",
        "해당 약관조항은 가맹본부가 지정한 업체에서 간판 등 설비공사를 하도록 하고 있는 바, 이는 고객이 제3자와 계약을 체결하는 것을 부당하게 제한하는 조항이다."
    ],
    "relateLaword": [
        "제11조(고객의 권익 보호) 고객의 권익에 관하여 정하고 있는 약관의 내용 중 다음 각 호의 어느 하나에 해당하는 내용을 정하고 있는 조항은 무효로 한다.\n3. 고객이 제3자와 계약을 체결하는 것을 부당하게 제한하는 조항"
    ],
    "unfavorableProvision": "2"
}