{
    "clauseField": "32",
    "ftcCnclsns": "1",
    "clauseArticle": [
        "제6조(입실 전 계약의 해제)\n예약금(총 이용금액의 10퍼센트를 기준으로 한다) 환불\n분만예정일 전 31일 이전 또는 계약후 24시간 이내일 경우, 예약금 전액 환불",
        "분만예정일 전 21일에서 30일일 경우, 예약금 60퍼센트 환불",
        "분만예정일 전 10일에서 20일일 경우, 예약금 30퍼센트 환불",
        "분만예정일 9일 이내일 경우, 예약금 전액 미환급",
        "ᄋ단, 분만예정일 9일 이내 예약 후 계약 24시간 이내 해지 임산부는 예약금 전액 환급은 해당하지 않음"
    ],
    "dvAntageous": "2",
    "illdcssBasiss": [
        "소비자분쟁해결기준에서는 입소 예정일 31일 전에 계약 해지시에는 대체고객을 충분히 확보할 수 있다고 판단하여 계약금 전액을 환불토록 하고 있으며, 입소 예정일 30일 전부터 9일 전까지는 구간별로 손해배상액을 산정하고 입소 예정일 9일 이내 취소시에는 대체고객 확보의 어려움을 이유로 계약금 전액을 미환급 하도록 규정하고 있다.",
        "계약 취소시점과 입소 예정일간의 잔여 기간 동안 대체고객을 충분히 확보할 수 있음에도 불구하고 계약해지로 인한 사업자의 실질적인 손해액을 넘어서는 과도한 위약금을 부과하거나 이용도중 계약을 해지할 경우 환불을 금지하는 조항 등은 고객에게 과중한 손해배상의무를 지우는 불공정한 약관에 해당한다."
    ],
    "relateLaword": [
        "제8조(손해배상액의 예정) \n고객에게 부당하게 과중한 지연 손해금 등의 손해배상 의무를 부담시키는 약관 조항은 무효로 한다."
    ],
    "unfavorableProvision": "2"
}