{
    "clauseField": "33",
    "ftcCnclsns": "1",
    "clauseArticle": [
        "제10조 (가족형 상조서비스의 이용)\n⑨ 장례식장에 외부 음식물 반입을 금지하며, 무단 반입 시 발생하는 식중독 등 기타사고의 모든 책임은 회원이 진다."
    ],
    "dvAntageous": "2",
    "illdcssBasiss": [
        "해당 약관상 외부음식물 일체 반입금지 조항은 장례식장 영업자가 제공하는 음식물의 사용을 강제하고 이용자의 음식물에 대한 자율적 선택권을 부당하게 제한하는 조항으로 고객에게 부당하게 불리한 조항이라 판단된다.   "
    ],
    "relateLaword": [
        "제6조(일반원칙) \n② 약관의 내용 중 다음 각 호의 어느 하나에 해당하는 내용을 정하고 있는 조항은 공정성을 잃은 것으로 추정된다.\n1. 고객에게 부당하게 불리한 조항"
    ],
    "unfavorableProvision": "1"
}