{
    "clauseField": "32",
    "ftcCnclsns": "1",
    "clauseArticle": [
        "제 5 조  (예약의 취소 및 환불)\n예약 후 출산예정일 2주전까지 해약하시면 예약금을 전액 환불해 드립니다.\n출산 예정일 2주 이내에 해약하시면 예약금은 환불되지 않습니다."
    ],
    "dvAntageous": "2",
    "illdcssBasiss": [
        "피심인들이 제공하는 서비스는 고객에게 산후도우미를 소개해주는 단순한 직업소개가 아니라 산후조리원과 같이 시간 단위로 구성된 출산관리서비스를 제공함은 물론 산후도우미를 지도·감독하므로 예약금은 산후도우미 소개에 따른 알선수수료가 아닌 이용대금의 일부에 해당한다.",
        "거래금액의 약 20퍼센트 수준인 예약금을 위약금으로 정하고 있으며, 친정맘, 위드맘케어 등 2개 피심인들의 약관조항은 거래금액의 약 20퍼센트 수준의 위약금과 손실금 또는 일일 5,000원의 위약금을 추가로 규정하고 있다.",
        "피심인들의 약관조항은 고객에게 부당하게 과중한 손해배상 의무를 부담시키는 조항이자 계약의 해제, 해지로 인한 고객의 원상회복청구권을 부당하게 포기하도록 하는 조항이다."
    ],
    "relateLaword": [
        "제8조(손해배상액의 예정) \n고객에게 부당하게 과중한 지연 손해금 등의 손해배상 의무를 부담시키는 약관 조항은 무효로 한다.",
        "제9조(계약의 해제,해지) \n계약의 해제,해지에 관하여 정하고 있는 약관의 내용 중 다음 각 호의 어느 하나에 해당되는 내용을 정하고 있는 조항은 무효로 한다.\n  4. 계약의 해제 또는 해지로 인한 원상회복의무를 상당한 이유 없이 고객에게 과중하게 부담시키거나 고객의 원상회복 청구권을 부당하게 포기하도록 하는 조항"
    ],
    "unfavorableProvision": "2"
}