{
    "clauseField": "3",
    "ftcCnclsns": "1",
    "clauseArticle": [
        "제2조(분양면적)\n상기 분양 면적은 공유면적을 포함하여 약 3.3제곱미터로 한다."
    ],
    "dvAntageous": "2",
    "illdcssBasiss": [
        "사업자의 담보책임을 배제 또는 제한하는 조항이자 급부의 내용을 사업자가 일방적으로 결정하거나 변경할 수 있도록 권한을 부여하는 조항이다."
    ],
    "relateLaword": [
        "제7조(면책조항의 금지) 계약 당사자의 책임에 관하여 정하고 있는 약관의 내용 중 다음 각 호의 어느 하나에 해당하는 내용을 정하고 있는 조항은 무효로 한다.\n3. 상당한 이유 없이 사업자의 담보책임을 배제 또는 제한하거나 그 담보책임에 따르는 고객의 권리행사의 요건을 가중하는 조항"
    ],
    "unfavorableProvision": "2"
}