{
    "clauseField": "5",
    "ftcCnclsns": "1",
    "clauseArticle": [
        "제4조(임대차기간)\n제3항 임차인이 임대차개시일로부터 2개월이 경과할 때까지 임대차 목적물에 입점하지 아니하는 경우, 임대인은 별도의 최고 절차 없이 즉시 본 계약을 해제 또는 해지할 수 있다."
    ],
    "dvAntageous": "2",
    "illdcssBasiss": [
        "해당 약관조항은 상당한 기간을 정하여 이행을 최고하는 절차를 생략하고 임대인에게 즉시해지권을 부여하고 있다.",
        "해당 조항은 사업자의 해지권의 행사요건을 완화하여 고객에게 부당하게 불이익을 줄 우려가 있는 조항이다.\n"
    ],
    "relateLaword": [
        "제9조(계약의 해제ㆍ해지) \n계약의 해제ㆍ해지에 관하여 정하고 있는 약관의 내용 중 다음 각 호의 어느 하나에 해당되는 내용을 정하고 있는 조항은 무효로 한다.\n  3. 법률에 따른 사업자의 해제권 또는 해지권의 행사 요건을 완화하여 고객에게 부당하게 불이익을 줄 우려가 있는 조항\n"
    ],
    "unfavorableProvision": "2"
}