{
    "clauseField": "3",
    "ftcCnclsns": "1",
    "clauseArticle": [
        "제9조(개발비의 사용)\n제1항. 제3조의 분양대금에는 1구좌당 일금 오천구백만원에는 지주보증금 일금 팔백만원과 개발비 일금 오천백만원이 포함되어 있으며, 지주세는 월 이십오만원으로 한다.\n제2항. 개발비는 공사대금, 인테리어공사, 오픈전광고비 및 상가활성화를 위한 운영경비 등으로 사용하며 을은 이에 대한 모든 권한을 갑에게 위임하고, 이에 대한 어떠한 민,형사상 이의도 제기하지 않는다."
    ],
    "dvAntageous": "2",
    "illdcssBasiss": [
        "위 약관조항은 피심인이 소위 개발비라는 명목으로 공사대금, 전체건물 및 매장내 공용부분의 인테리어 공사 비용까지 피분양자에게 부담시킬 수 있도록 하고 이에 따라 분양가 대비 약 86,89퍼센트에 달하는 금액을 개발비로 산정한 것과 계약해지시 건물 공사 및 내부 인테리어 공사가 이미 집행됨에 따라 기 사용된 개발비 전액을 반환하지 않는 것은, 고객에게 부당하게 불리한 조항이자 계약의 해지 , 해제로 인한 사업자의 원상회복의무를 부당하게 경감하는 조항이다."
    ],
    "relateLaword": [
        "제9조(계약의 해제 , 해지) 계약의 해제 , 해지에 관하여 정하고 있는 약관의 내용 중 다음 각 호의 어느 하나에 해당되는 내용을 정하고 있는 조항은 무효로 한다.\n4. 계약의 해제 또는 해지로 인한 원상회복의무를 상당한 이유 없이 고객에게 과중하게 부담시키거나 고객의 원상회복 청구권을 부당하게 포기하도록 하는 조항"
    ],
    "unfavorableProvision": "2"
}