{
    "clauseField": "33",
    "ftcCnclsns": "1",
    "clauseArticle": [
        "제 17 조 (재판관할)\n본 건에 관한 분쟁은 회사의 소재지 관할 법원으로 한다."
    ],
    "dvAntageous": "2",
    "illdcssBasiss": [
        "임대인의 소재지를 관할법원으로 하는 약관조항은 고객에게 부당하게 불리한 재판관할의 합의 조항이다."
    ],
    "relateLaword": [
        "제14조(소송 제기의 금지 등) \n소송 제기 등과 관련된 약관의 내용 중 다음 각 호의 어느 하나에 해당하는 조항은 무효로 한다.\n1. 고객에게 부당하게 불리한 소송 제기 금지 조항 또는 재판관할의 합의 조항"
    ],
    "unfavorableProvision": "2"
}