{
    "clauseField": "39",
    "ftcCnclsns": "1",
    "clauseArticle": [
        "제 14 조(환급) \n회원권 유형 및 해지 환불규정\n제2항 특별회원권(6, 12개월 회원권)  1년 회원권은 3개월의 의무이용기간이 적용되며 반드시 당클럽의 환불 신청서 양식으로접수하여야 하며 다음에 해당하는 공제금액을 제하고 환불받으실 수 있습니다.  \n제1호 회원권 이용개시일 이전 공제금액, 위약금(계약 시 지급한 총회비합계금액의 10퍼센트)",
        "제2호 회원권 이용개시일 이후 공제금액, 위약금(계약시 지급한 총회비합   계금액의 10퍼센트) 더하기 이용일수금액(계약 시 지급한 총회비가 아닌 정상가격 일할 계산, 서비스기간 제외) 더하기 W.O비용(1회 5만원) 더하기 골프레슨비용(회수 단가적용)더하기 카드시 카드수수료 3.3퍼센트 포함  제3호 환불처리기간은 신청후 1개월 10일이내 계좌입금되며, 계약 당시 결제한 결제수단에 따라 취소처리됩니다.(단, 카드결제 후 환불요청 시 당클럽의 승인 후 카드수수료 3.3퍼센트가 추가 공제됩니다.)"
    ],
    "dvAntageous": "2",
    "illdcssBasiss": [
        "방판법 제30조 제5항에 따라 정하여 고시한 계속거래 등의 해지·해제에 따른 위약금 및 대금의 환급에 관한 산정기준상에는 헬스장 이용계약과 관련하여 고객의 사정에 의한 중도 해지 시 위약금 상한액을 총 계약금액의 10퍼센트로 정하고 있다.",
        "여신전문금융업법에 따르면 신용카드가맹점은 신용카드회원에 대하여 현금결제회원에 비해 불리한 대우를 하지 못하도록 하고 있고, 가맹점수수료를 신용카드회원에게 부담시키지 못하도록 규정하고 있다."
    ],
    "relateLaword": [
        "제8조(손해배상액의 예정) \n고객에게 부당하게 과중한 지연 손해금 등의 손해배상 의무를 부담시키는 약관 조항은 무효로 한다.",
        "제9조(계약의 해제, 해지) \n계약의 해제, 해지에 관하여 정하고 있는 약관의 내용 중 다음 각 호의 어느 하나에 해당되는 내용을 정하고 있는 조항은 무효로 한다.\n  3. 법률에 따른 사업자의 해제권 또는 해지권의 행사 요건을 완화하여 고객에게 부당하게 불이익을 줄 우려가 있는 조항"
    ],
    "unfavorableProvision": "2"
}