{
    "clauseField": "3",
    "ftcCnclsns": "1",
    "clauseArticle": [
        "제1조 (매매대금 및 납부방법)\n제1항.  을은 매매대금을 아래 방법에 따라 갑에게 납부하여야 한다."
    ],
    "dvAntageous": "2",
    "illdcssBasiss": [
        "입점지정일은 분양계약 상의 중요한 사항이므로 계약체결 시에 이를 명백히 하여 사업자의 귀책사유로 입점이 지연되는 경우 고객이 그에 따른 지연배상금을 청구하거나, 이행지체와 해제의 규정대로 상당한 기간을 정하여 그 이행을 최고하는 그 기간 내에 이행하지 아니한 때에는 계약을 해제할 수 있도록 하는 것이 타당하다. ",
        "사업자가 일방적으로 입점지정일을 정하여 수분양자에게 통보하도록 한 현행 약관조항은 상당한 이유없이 급부의 내용을 사업자가 일방적으로 결정하거나 변경할 수 있도록 권한을 부여하는 조항이다."
    ],
    "relateLaword": [
        "제10조(채무의 이행) 채무의 이행에 관하여 정하고 있는 약관의 내용 중 다음 각 호의 어느 하나에 해당하는 내용을 정하고 있는 조항은 무효로 한다.\n1. 상당한 이유 없이 급부의 내용을 사업자가 일방적으로 결정하거나 변경할 수 있도록 권한을 부여하는 조항"
    ],
    "unfavorableProvision": "2"
}