{
    "clauseField": "5",
    "ftcCnclsns": "1",
    "clauseArticle": [
        "제6조(본 계약 종료 시의 처리)\n제3항 임대차기간의 만료, 본 계약의 해제 또는 해지, 기타 여하한 사유로 인하여 본 계약이 종료되는 경우, 임차인은 임대차목적물에 관하여 지출한 필요비‧유익비 등의 비용의 상환을 청구할 수 없다."
    ],
    "dvAntageous": "2",
    "illdcssBasiss": [
        "해당 약관조항은 임차인에게 보장되는 필요비‧유익비 상환청구권을 부당하게 제한하고 있는데 이는 고객의 권리를 상당한 이유 없이 제한하는 조항이다."
    ],
    "relateLaword": [
        "제11조(고객의 권익 보호) 고객의 권익에 관하여 정하고 있는 약관의 내용 중 다음 각 호의 어느 하나에 해당하는 내용을 정하고 있는 조항은 무효로 한다.\n  1. 법률에 따른 고객의 항변권(抗辯權), 상계권(相計權) 등의 권리를 상당한 이유 없이 배제하거나 제한하는 조항"
    ],
    "unfavorableProvision": "2"
}