{
    "clauseField": "3",
    "ftcCnclsns": "1",
    "clauseArticle": [
        "제2조 (분양면적의 증감과 정산)\n계약 시 체결된 분양면적은 소유권 이전 공부 상 면적과 일치하여야 하나 공부정리절차로 인한 차이 또는 설계변경, 설계구조상 건물의 안전 및 건물활용도 제고를 위하여 그 면적이 다소 증감될 수 있으며, 이 경우 분양면적 증감부분은 공급계약시 적용된 분양단가에 의해 가감 정산한다.",
        "단, 공급시 건물분양면적의 0.3퍼센트, 대지공유지분의 2퍼센트 이내의 면적증감은 있을 수 있음을 쌍방합의 하였으며, 이 경우 매매대금을 증감, 정산하지 않는다."
    ],
    "dvAntageous": "2",
    "illdcssBasiss": [
        "별도의 의견수렴절차를 거치지 않고 분양계약서에 쌍방합의 한다고 일률적으로 규정하여 분양면적 증감에 대해 정산하지 않는다고 규정하고 있는 바, 이는 상당한 이유없이 사업자의 담보책임을 배제 또는 제한하는 조항이다."
    ],
    "relateLaword": [
        "제7조(면책조항의 금지) 계약 당사자의 책임에 관하여 정하고 있는 약관의 내용 중 다음 각 호의 어느 하나에 해당하는 내용을 정하고 있는 조항은 무효로 한다.\n3. 상당한 이유 없이 사업자의 담보책임을 배제 또는 제한하거나 그 담보책임에 따르는 고객의 권리행사의 요건을 가중하는 조항"
    ],
    "unfavorableProvision": "2"
}