{
    "clauseField": "33",
    "ftcCnclsns": "1",
    "clauseArticle": [
        "제 8 조  상조서비스의 이용\n⑦ 계약 중 규정을 위반하는 음식물을 무단으로 반입할 수 없다. 식당 매점 물품 등을 포함한 물, 음료수, 떡, 홍어, 육류, 반찬류, 과일류, 어패류 등 무단으로 반입 시 음식물로 인한 본인, 가족, 제3자에게 발생하는 식중독 사고에 대하여 모든 책임은 회원에게 있으며, 외부 음식 반입 시 장례식장에서 이용할 수 있는 기타 부대서비스(그릇, 밥통, 냉장고, 식기세척) 등을 이용 할 수 없다.",
        "음식물 반입금지 규정을 위반시 민,형사상 법적 책임을 묻지 않겠으며 또한 모든 사고로 인한 행정처분에 해당하는 배상책임을 상주가 보상한다."
    ],
    "dvAntageous": "2",
    "illdcssBasiss": [
        "해당 약관상 외부음식물 일체 반입금지 조항은 장례식장 영업자가 제공하는 음식물의 사용을 강제하고 이용자의 음식물에 대한 자율적 선택권을 부당하게 제한하는 조항으로 고객에게 부당하게 불리한 조항이라 판단된다.    "
    ],
    "relateLaword": [
        "제6조(일반원칙) \n② 약관의 내용 중 다음 각 호의 어느 하나에 해당하는 내용을 정하고 있는 조항은 공정성을 잃은 것으로 추정된다.\n1. 고객에게 부당하게 불리한 조항"
    ],
    "unfavorableProvision": "1"
}