{
    "clauseField": "43",
    "ftcCnclsns": "1",
    "clauseArticle": [
        "제9항 약관의 해석조항                                                        \n제15조(어구의 해석)                                                    \n을은 본 계약사항의 해석에 관하여 이의가 있을 때에는 갑의 해석에 따른다."
    ],
    "dvAntageous": "2",
    "illdcssBasiss": [
        "계약조항에 대하여 이의가  있을 경우에 사업자의 일방적  해석에 의하도록 하고 있는 바, 사업자의  해석에만 맡길 경우 사업자에게  유리하게 자의적으로 해석될 우려가 있으므로 이는 고객에 대하여  부당하게 불리한 조항이다."
    ],
    "relateLaword": [
        "제6조(일반원칙) \n② 약관의 내용 중 다음 각 호의 어느 하나에 해당하는 내용을 정하고 있는 조항은 공정성을 잃은 것으로 추정된다.\n1. 고객에게 부당하게 불리한 조항"
    ],
    "unfavorableProvision": "1"
}