{
    "clauseField": "39",
    "ftcCnclsns": "1",
    "clauseArticle": [
        "제8조 (약관의 명시 및 개정) \n계약해지로 인한 환급 \n회원등록과 동시 회원 귀책사유로 계약이 해지될 경우 당사가 회원에게 개시일로부터 해지일까지 이용일수에 해당하는 금액을 공제한 금액의 환급 및 총이용금액의 20퍼센트를 배상해야 한다."
    ],
    "dvAntageous": "2",
    "illdcssBasiss": [
        "계속거래 등의 해지·해제에 따른 위약금 및 대금의 환급에 관한 산정기준 제4조(위약금 청구 기준)에 따르면 소비자의 귀책사유로 계약해지시 사업자는 총계약대금의 10퍼센트 범위를 초과하지 못하도록 되어 있다.",
        "해당 약관조항은 고객에게 부당하게 과중한 손해배상의무를 부담시키는 조항이다."
    ],
    "relateLaword": [
        "제8조(손해배상액의 예정) \n고객에게 부당하게 과중한 지연 손해금 등의 손해배상 의무를 부담시키는 약관 조항은 무효로 한다."
    ],
    "unfavorableProvision": "2"
}