{
    "clauseField": "1",
    "ftcCnclsns": "1",
    "clauseArticle": [
        "  (000의 000 가족점계약서) \n제18조(경업의 금지)\n제1항 을은 계약기간 중 000와 경합하는 다른 여하한 동종 또는 유사한 업종의 영업을 새로이 시작하여서는 아니되며, 본 조항을 위반할 경우 중대한 계약위반이 되며, 갑은 이를 이유로 계약을 해지할 수 있다."
    ],
    "dvAntageous": "2",
    "illdcssBasiss": [
        "해당 약관조항에서 가맹점사업자에게 경업금지의무를 부과할 합리적인 사유가 있다고 하더라도 이로 인한 피심인이 얻는 이익은 가맹점사업자의 직업선택의 자유가 침해되지 아니하는 범위 내에서 이루어져야 할 것이다.",
        "그러나 해당 조항은 동종 업종뿐만 아니라 유사한 업종에 대한 경업 금지하고 있는바, 유사한 업종은 그 범위가 매우 포괄적이고 불명확하다.",
        "유사한 경쟁관계에 있는 업종까지 경업을 금지하는 해당 약관조항은 고객에게 부당하게 불리한 조항이다."
    ],
    "relateLaword": [
        "제6조(일반원칙) \n② 약관의 내용 중 다음 각 호의 어느 하나에 해당하는 내용을 정하고 있는 조항은 공정성을 잃은 것으로 추정된다.\n1. 고객에게 부당하게 불리한 조항"
    ],
    "unfavorableProvision": "1"
}