{
    "clauseField": "3",
    "ftcCnclsns": "1",
    "clauseArticle": [
        "제12조 (시설목적물 및 내장공사비용 부담)\n제2항. 준공검사 도면에 따른 기본시설 이외의 영업에 필요한 출입문, 칸막이 진열대, 전기, 수도, 가스, 간판 등 부대시설 및 인,허가에 필요한 시설의 보완 등은 을의 부담으로 설치하여야 하며, 인테리어 내장공사의 세부기준과 설치기간은 갑이나 갑이 지정하는 자가 정하는 건물 전체시설 및 내장계획에 의한다.",
        "제12조 제3항. 2항과 관련하여 건물전체 시설과 내장계획에 대하여 별도의 약정이 없더라도, 을은 동의 승낙한 것으로 간주하며, 기본시설 이외의 내,외장공사와 관련하여 갑은 을에게 별도의 제비용을 부가할 수 있다"
    ],
    "dvAntageous": "2",
    "illdcssBasiss": [
        " 피청구인의 위 약관조항은 고객들에게 별도의 동의 또는 위임 없이 사업자 또는 사업자가 지정하는 자가 정하는 건물 전체시설 및 내장계획에 따른 기본시설 이외의 내 , 외장 공사를 하는 것에 동의하는 것으로 간주하며 이에 따른 별도의 제비용을 수분양자에게 청구할 수 있도록 규정하고 있는 바,",
        "이는 상당한 이유없이 급부의 내용을 사업자가 일방적으로 결정하거나 변경할 수 있도록 권한을 부여하고 있으며, 고객이 제3자와 계약을 체결하는 것을 제한하고, 일정한 작위가 있을 경우 고객의 의사표시가 표명된 것으로 보는 조항이다."
    ],
    "relateLaword": [
        "제10조(채무의 이행) 채무의 이행에 관하여 정하고 있는 약관의 내용 중 다음 각 호의 어느 하나에 해당하는 내용을 정하고 있는 조항은 무효로 한다.\n1. 상당한 이유 없이 급부의 내용을 사업자가 일방적으로 결정하거나 변경할 수 있도록 권한을 부여하는 조항",
        "제11조(고객의 권익 보호) 고객의 권익에 관하여 정하고 있는 약관의 내용 중 다음 각 호의 어느 하나에 해당하는 내용을 정하고 있는 조항은 무효로 한다.\n3. 고객이 제3자와 계약을 체결하는 것을 부당하게 제한하는 조항",
        "제12조(의사표시의 의제) 의사표시에 관하여 정하고 있는 약관의 내용 중 다음 각 호의 어느 하나에 해당하는 내용을 정하고 있는 조항은 무효로 한다.\n1. 일정한 작위 또는 부작위가 있을 경우 고객의 의사표시가 표명되거나 표명되지 아니한 것으로 보는 조항. 다만, 고객에게 상당한 기한 내에 의사표시를 하지 아니하면 의사표시가 표명되거나 표명되지 아니한 것으로 본다는 뜻을 명확하게 따로 고지한 경우이거나 부득이한 사유로 그러한 고지를 할 수 없는 경우에는 그러하지 아니하다."
    ],
    "unfavorableProvision": "2"
}