{
    "clauseField": "36",
    "ftcCnclsns": "1",
    "clauseArticle": [
        "제12조(재판관할)\n제14항 본 계약에 관하여 발생된 분쟁에 관하여 갑의 주소지를 관할하는 인천 민사지방법원을 관할 법원으로 한다.\n"
    ],
    "dvAntageous": "2",
    "illdcssBasiss": [
        "사업자의 소재지의 법원만을 관할법원으로 정하는 것은 고객에 대하여 부당하게 불리한 재판관할의 합의조항이다."
    ],
    "relateLaword": [
        "제14조(소송 제기의 금지 등) 소송 제기 등과 관련된 약관의 내용 중 다음 각 호의 어느 하나에 해당하는 조항은 무효로 한다.\n1. 고객에게 부당하게 불리한 소송 제기 금지 조항 또는 재판관할의 합의 조항"
    ],
    "unfavorableProvision": "2"
}