{
    "clauseField": "36",
    "ftcCnclsns": "1",
    "clauseArticle": [
        "제5조(예식홀 이용)\n제2항  예약식하신 인원보다 10%까지 추가준비는 가능하나 예약인원수가 미달할 시에는 계약한 인원수에 의해 계산을 하게 됩니다. \n"
    ],
    "dvAntageous": "2",
    "illdcssBasiss": [
        "상당한 이유 없이 사업자의 손해배상범위를 제한하거나 사업자가 부담해야 할 위험을 고객에게 이전시키는 조항이다."
    ],
    "relateLaword": [
        "제7조(면책조항의 금지) \n계약 당사자의 책임에 관하여 정하고 있는 약관의 내용 중 다음 각 호의 어느 하나에 해당하는 내용을 정하고 있는 조항은 무효로 한다.\n2. 상당한 이유 없이 사업자의 손해배상 범위를 제한하거나 사업자가 부담하여야 할 위험을 고객에게 떠넘기는 조항"
    ],
    "unfavorableProvision": "2"
}