{
    "clauseField": "5",
    "ftcCnclsns": "1",
    "clauseArticle": [
        "제16조(임대인의 면책사항)\n제1항 임대인은 천재지변, 지진, 풍수해, 전쟁, 폭동, 노사분규, 기타 법률상으로나 사실상으로 불가항력에 해당하는 사유 또는 임대인의 책임으로 돌릴 수 없는 사유로 말미암아 임차인, 임차인의 피용인과 방문객에게 발생한 일체의 손해에 대하여 대내외적으로 책임을 지지 아니한다."
    ],
    "dvAntageous": "2",
    "illdcssBasiss": [
        "해당 약관조항은 공작물 소유자로서의 이러한 임대인의 무과실책임을 배제하는 것으로 규정하고 있는데 이는 임대인이 부담하여야 할 위험을 임차인에게 떠넘기는 조항으로 약관법 제7조 제2호에 해당하여 무효이다."
    ],
    "relateLaword": [
        "제7조(면책조항의 금지) \n계약 당사자의 책임에 관하여 정하고 있는 약관의 내용 중 다음 각 호의 어느 하나에 해당하는 내용을 정하고 있는 조항은 무효로 한다.\n  2. 상당한 이유 없이 사업자의 손해배상 범위를 제한하거나 사업자가 부담하여야 할 위험을 고객에게 떠넘기는 조항"
    ],
    "unfavorableProvision": "2"
}