{
    "clauseField": "3",
    "ftcCnclsns": "1",
    "clauseArticle": [
        "제1조(분양금액 및 대금납부방법)\n제1항. 을은 상기물건을 분양받음에 있어 아래와 같이 매매대금을 갑에게 납부하여야 한다."
    ],
    "dvAntageous": "2",
    "illdcssBasiss": [
        "피청구인의 위 약관조항은 입점예정일을 계약서에 명시하지 않고 사업자가 임의로 지정하는 것으로 규정하여 수분양자는 인도예정일을 알 수 없으며 사업자가 목적물 인도일을 자의적으로 정할 수 있도록 규정하고 있는 바, 이는 상당한 이유없이 급부의 내용을 사업자가 일방적으로 결정하거나 변경할 수 있는 권한을 부여하는 조항이다."
    ],
    "relateLaword": [
        "제10조(채무의 이행) 채무의 이행에 관하여 정하고 있는 약관의 내용 중 다음 각 호의 어느 하나에 해당하는 내용을 정하고 있는 조항은 무효로 한다.\n1. 상당한 이유 없이 급부의 내용을 사업자가 일방적으로 결정하거나 변경할 수 있도록 권한을 부여하는 조항"
    ],
    "unfavorableProvision": "2"
}