{
    "clauseField": "43",
    "ftcCnclsns": "1",
    "clauseArticle": [
        "제7조\n제3항 이 계약이 해제되었을 때에는 을은 즉시 목적토지를 이 계약체결일 당시의 원상태로 회복하여 갑에게 인도하여야 한다. 다만 갑의 요구가 있을 경우에는 을은 을이 시공한 모든 구축물을 갑에게 명도하기로 한다."
    ],
    "dvAntageous": "2",
    "illdcssBasiss": [
        "따라서 구축물에  대한 권리를 아무런  대가없이 매도인에게 무상으로 명도하도록  한 위 2.다.의 조항은  고객의 항변권, 상계권등의  권리를 상당한  이유없이 배제 또는 제한하는 조항이다."
    ],
    "relateLaword": [
        "제11조(고객의 권익 보호) 고객의 권익에 관하여 정하고 있는 약관의 내용 중 다음 각 호의 어느 하나에 해당하는 내용을 정하고 있는 조항은 무효로 한다.\n1. 법률에 따른 고객의 항변권, 상계권 등의 권리를 상당한 이유 없이 배제하거나 제한하는 조항"
    ],
    "unfavorableProvision": "2"
}