{
    "clauseField": "33",
    "ftcCnclsns": "1",
    "clauseArticle": [
        "제17조 (면책사유)\n회원은 목적 건물 내에서 발생한 모든 사고에 대해서 책임을 진다.\n화재, 도난, 천재지변 및 불의의 사고가 대내외적으로 발생한 경우 또는 회사의 책임에 귀속할 수 없는 사고에 대해서는 회사는 그 책임을 지지 아니한다."
    ],
    "dvAntageous": "2",
    "illdcssBasiss": [
        "사업자의 귀책여부에 관계없이 임차목적물 내에서 발생한 모든 사고 등에 대하여 사업자의 책임을 면제하는 조항은 사업자, 이행보조자 또는 피고용자의 고의 또는 중대한 과실로 인한 법률상의 책임을 배제하는 조항이다."
    ],
    "relateLaword": [
        "제7조(면책조항의 금지) \n계약 당사자의 책임에 관하여 정하고 있는 약관의 내용 중 다음 각 호의 어느 하나에 해당하는 내용을 정하고 있는 조항은 무효로 한다.\n1. 사업자, 이행 보조자 또는 피고용자의 고의 또는 중대한 과실로 인한 법률상의 책임을 배제하는 조항"
    ],
    "unfavorableProvision": "2"
}