{
    "clauseField": "33",
    "ftcCnclsns": "1",
    "clauseArticle": [
        "제18조 (분쟁해결 및 관할법원)\n① 이 계약이 정한 이외의 사항이 있거나 또는 이의가 있는 경우 회사와 회원이 합의 하에 결정하되 합의가 이루어지지 않을 때는 회사의 합리적인 판단 및 일반 관례에 따른다."
    ],
    "dvAntageous": "2",
    "illdcssBasiss": [
        "약관조항의 의미가 명확하지 않을 경우에는 신의성실의 원칙에 따라 공정하고 객관적으로 해석되어야 하고, 명확하게 해석되지 않는 경우에는 작성자불이익의 원칙에 따라 고객에게 유리하게 해석되어야 할 것이다.",
        "합의되지 않은 사항에 대해 사업자의 판단, 해석, 결정 등에 따르도록 규정한 위 약관조항은 고객에게 부당하게 불리한 조항이다."
    ],
    "relateLaword": [
        "제6조(일반원칙) \n② 약관의 내용 중 다음 각 호의 어느 하나에 해당하는 내용을 정하고 있는 조항은 공정성을 잃은 것으로 추정된다.\n1. 고객에게 부당하게 불리한 조항"
    ],
    "unfavorableProvision": "1"
}