{
    "clauseField": "3",
    "ftcCnclsns": "1",
    "clauseArticle": [
        "제11조(입점절차 및 건물관리)\n제5항. 사업주체 갑의 최초의 관리기간은 5년으로 한다.\n제6항. 사업주체(관리주체)외에 임의의 단체나 번영회 등의 단체를 결성할 수 있으나, 사업주체에 설립요구를 할 수 없다.\n제9항. 을은 제3자에게 소유권 이전등기시 분양계약서의 관리분야의 계약조항을 반드시 이행해야 하며 미이행으로 인한 책임을 갑에게 전가할 수 없으며, 관리규정도 동시에 계약체결해야 하며, 미체결로 그 책임을 면제할 수 없다."
    ],
    "dvAntageous": "2",
    "illdcssBasiss": [
        "피청구인의 위 약관조항은 구분소유자들에게 별도의 동의절차 없이 분양계약서의 일부 조항으로 건물의 완공 후 5년 간은 피청구인이 관리하고 구분소유자들은 별도의 관리주체를 결성할 수 없도록 규정하고 있으며, 향후 구분소유자가 부동산을 매매할 경우에도 위의 관리규정을 계약내용에 반영하도록 하여 새로운 구분소유자도 위의 관리규정을 이행하도록 강제하고 있는 바, 이는 법률의 규정에 의한 고객의 권리를 상당한 이유 없이 배제 또는 제한하는 조항이다."
    ],
    "relateLaword": [
        "제11조(고객의 권익 보호) 고객의 권익에 관하여 정하고 있는 약관의 내용 중 다음 각 호의 어느 하나에 해당하는 내용을 정하고 있는 조항은 무효로 한다.\n1. 법률에 따른 고객의 항변권, 상계권 등의 권리를 상당한 이유 없이 배제하거나 제한하는 조항"
    ],
    "unfavorableProvision": "2"
}