{
    "clauseField": "5",
    "ftcCnclsns": "1",
    "clauseArticle": [
        "제25조(계약의 일부변경)\n공항공사는 공항운영상 필요할 경우 계약상대자에게 임대위치, 임대면적의 부분적인 조정(축소, 추가) 또는 변경을 요구할 수 있다. 이 경우 계약상대자는 공항공사에 임대료의 조정, 이전비용 이외에 손해배상을 청구하거나 손실보전을 요구할 수 없다."
    ],
    "dvAntageous": "2",
    "illdcssBasiss": [
        "해당 약관조항은 공항운영상 필요라는 추상적이고 자의적인 사유를 근거로 임차인에게 계약변경을 요구하고 있으며, 임대위치, 임대면적의 조정 또는 변경 등으로 손해가 발생한 경우에도 손해배상 등을 청구할 수 없도록 규정하여 임차인의 손해배상청구 등을 제한할 우려가 있다. ",
        "해당 조항은 상당한 이유 없이 사업자의 손해배상 범위를 제한하는 조항 및 고객에게 부당하게 불리한 조항이다."
    ],
    "relateLaword": [
        "제7조(면책조항의 금지) \n계약 당사자의 책임에 관하여 정하고 있는 약관의 내용 중 다음 각 호의 어느 하나에 해당하는 내용을 정하고 있는 조항은 무효로 한다.\n  2. 상당한 이유 없이 사업자의 손해배상 범위를 제한하거나 사업자가 부담하여야 할 위험을 고객에게 떠넘기는 조항",
        "제6조(일반원칙) \n  ② 약관의 내용 중 다음 각 호의 어느 하나에 해당하는 내용을 정하고 있는 조항은 공정성을 잃은 것으로 추정된다.\n  1. 고객에게 부당하게 불리한 조항"
    ],
    "unfavorableProvision": "1"
}