{
    "clauseField": "3",
    "ftcCnclsns": "1",
    "clauseArticle": [
        "제4조(분양면적 및 분양금액의 정산)\n제1항. 공부 정리 완료 후 목적물에 대한 분양면적이 조정된 때에는 평당 매매  가격에 의하여 매매 가격을 정산 처리하기로 한다. (단, 법령 등 기타 공부  절차로 인한 차이 등 부득이한 사유로 인해 공급시 분양면적의 0.3퍼센트, 대지지분일 경우 2퍼센트 이내의 면적증감은 있을 수 있음을 쌍방 합의하였으며, 단 이 경우 매매대금에 영향을 미치지 않는다.)"
    ],
    "dvAntageous": "2",
    "illdcssBasiss": [
        "법령 등 기타 공부정리 절차 등으로 분양면적이 다소간에 차이가 있을 수 있음을 합의하고, 실제로 분양면적에 차이가 있더라도 매매대금에 영향을 미치지 않도록 정하고 있으므로 이는 상당한 이유없이 사업자의 담보책임을 배제 또는 제한하는 조항이다."
    ],
    "relateLaword": [
        "제7조(면책조항의 금지) 계약 당사자의 책임에 관하여 정하고 있는 약관의 내용 중 다음 각 호의 어느 하나에 해당하는 내용을 정하고 있는 조항은 무효로 한다.\n3. 상당한 이유 없이 사업자의 담보책임을 배제 또는 제한하거나 그 담보책임에 따르는 고객의 권리행사의 요건을 가중하는 조항"
    ],
    "unfavorableProvision": "2"
}