{
    "clauseField": "43",
    "ftcCnclsns": "1",
    "clauseArticle": [
        "제7조\n제5항 이 계약이 해제되었을 때에는 갑은 을로부터 수납한 매매대금중 계약보증금을 공제한 금액을 을 에게 반환하며 을이 갑에게 지급한 계약보증금은 당연히 갑에게 귀속한다. 이 경우 갑이 을에게 반환하는 금액에는 이자를 부가하지 아니하며, 갑에 대한 계약보증금의 귀속은 계약해제로 인하여 갑이 입은  손해에 대한 을의 배상의무를 면제하는 것은 아니다."
    ],
    "dvAntageous": "2",
    "illdcssBasiss": [
        "통상적인  예에 준하여 계약해제시 계약금을 손해배상액의 예정으로  추정되는 위약금으로 규정하였음에도 불구하고, 계약해제로  인하여 매도인이 입은 손해에  대해 매수인에게 배상책임을 다시 물을 수  있도록 약정하였으므로 이는 손해배상예정제도의 취지와 거래관행을 벗어나 사업자의  이익만을 고려한 것으로서 고객에 대하여 부당하게 과중한  지연손해금등의 손해배상의무를 부담시키는 조항이다."
    ],
    "relateLaword": [
        "제8조(손해배상액의 예정) \n고객에게 부당하게 과중한 지연 손해금 등의 손해배상 의무를 부담시키는 약관 조항은 무효로 한다."
    ],
    "unfavorableProvision": "2"
}