{
    "clauseField": "39",
    "ftcCnclsns": "1",
    "clauseArticle": [
        "제10항 회원권 해지시 휴회한 기간은 인정이 되지 않습니다."
    ],
    "dvAntageous": "2",
    "illdcssBasiss": [
        "해당 약관조항은 소비자가 사업자와 협의하여 이용을 연기한 기간에도 소비자가 해당 헬스장을 이용한 것으로 간주하여 고객이 중도해지시 이용대금을 공제한다고 규정하고 있으므로, 해당 약관조항은 계약의 해제 또는 해지로 인한 사업자의 원상회복의무를 부당하게 경감하는 조항이다."
    ],
    "relateLaword": [
        "제9조(계약의 해제, 해지) \n계약의 해제, 해지에 관하여 정하고 있는 약관의 내용 중 다음 각 호의 어느 하나에 해당되는 내용을 정하고 있는 조항은 무효로 한다.\n  5. 계약의 해제 또는 해지로 인한 사업자의 원상회복의무나 손해배상의무를 부당하게 경감하는 조항"
    ],
    "unfavorableProvision": "2"
}