{
    "clauseField": "3",
    "ftcCnclsns": "1",
    "clauseArticle": [
        "제12조(상가의 용도 및 영업종목)\n제1항. 갑은 건축허가 범위내에서 상가의 분양 및 영업의 활성화를 위하여 분양계획, 광고 또는 건축허가상의 건축 층별 상가용도 등을 임의적으로 변경할 수 있으며 이를 이유로 을은 이의를 제기하지 아니한다."
    ],
    "dvAntageous": "2",
    "illdcssBasiss": [
        "사업자가 건축층별 상가용도 등을 상가의 분양 및 영업의 활성화를 위한 명목으로 일방적으로 변경 할 수 있고, 고객은 이에 대해 이의를 제기할 수 없도록 정하고 있으므로 이는 상당한 이유없이 급부의 내용을 사업자가 일방적으로 결정하거나 변경할 수 있도록 권한을 부여하고 있는 조항이자, 법률의 규정에 의한 고객의 항변권, 상계권 등의 권리를 상당한 이유없이 배제 또는 제한하는 조항이다."
    ],
    "relateLaword": [
        "제10조(채무의 이행) 채무의 이행에 관하여 정하고 있는 약관의 내용 중 다음 각 호의 어느 하나에 해당하는 내용을 정하고 있는 조항은 무효로 한다.\n1. 상당한 이유 없이 급부의 내용을 사업자가 일방적으로 결정하거나 변경할 수 있도록 권한을 부여하는 조항",
        "제11조(고객의 권익 보호) 고객의 권익에 관하여 정하고 있는 약관의 내용 중 다음 각 호의 어느 하나에 해당하는 내용을 정하고 있는 조항은 무효로 한다.\n1. 법률에 따른 고객의 항변권, 상계권 등의 권리를 상당한 이유 없이 배제하거나 제한하는 조항"
    ],
    "unfavorableProvision": "2"
}