{
    "clauseField": "5",
    "ftcCnclsns": "1",
    "clauseArticle": [
        "제16조(임대차 등기 등)\n제1항 임차인은 임대인에 대하여 임대주택의 임대차등기에 협력할 것을 청구하지 아니하고, 임대인에게 전세권 또는 (근)저당권설정등기를 요구할 수 없다."
    ],
    "dvAntageous": "2",
    "illdcssBasiss": [
        "특별한 사유도 없이 일방적으로 임차인이 임대인에게 임대주택에 관한 임대차등기 등을 요구할 수 없도록 규정하고 있는 바, 이는 민법 제621조에서 규정하고 있는 임차인의 법률상 권리를 상당한 이유 없이 배제하는 것이다."
    ],
    "relateLaword": [
        "제11조(고객의 권익 보호) 고객의 권익에 관하여 정하고 있는 약관의 내용 중 다음 각 호의 어느 하나에 해당하는 내용을 정하고 있는 조항은 무효로 한다.\n  1. 법률에 따른 고객의 항변권(抗辯權), 상계권(相計權) 등의 권리를 상당한 이유 없이 배제하거나 제한하는 조항"
    ],
    "unfavorableProvision": "2"
}