{
    "clauseField": "1",
    "ftcCnclsns": "1",
    "clauseArticle": [
        "제24조(점포의 설비)\n제5항 갑은 가맹사업의 개선을 위하여 필요한 경우 점포의 실내장식, 시설, 각종 기기를 교체, 보수할 것을 을에게 요구할 수 있으며 이때 소요되는 비용은 을이 부담하는 것을 원칙으로 한다."
    ],
    "dvAntageous": "2",
    "illdcssBasiss": [
        "피심인은 당해 약관조항을 근거로 가맹점사업자에게 일방적으로 인테리어 변경을 요구하고, 그 비용을 모두 가맹점사업자에게 부담하도록 할 수 있다.",
        "가맹본부가 수시로 인테리어 등을 변경하여 가맹점사업자의 부담을 가중시키는 것을 방지하기 위한 장치가 필요하다.",
        "가맹사업 개선 등을 위한 시설 등 교체에 따른 비용을 모두 가맹점사업자가 부담하여야 한다."
    ],
    "relateLaword": [
        "제15조(적용의 제한) \n국제적으로 통용되는 약관이나 그 밖에 특별한 사정이 있는 약관으로서 대통령령으로 정하는 경우에는 제7조부터 제14조까지의 규정을 적용하는 것을 조항별ㆍ업종별로 제한할 수 있다.",
        "제6조(일반원칙) \n② 약관의 내용 중 다음 각 호의 어느 하나에 해당하는 내용을 정하고 있는 조항은 공정성을 잃은 것으로 추정된다.\n1. 고객에게 부당하게 불리한 조항"
    ],
    "unfavorableProvision": "1"
}