{
    "clauseField": "5",
    "ftcCnclsns": "1",
    "clauseArticle": [
        "제14조(유보금 및 계약일반조건 제8조의 보충)\n제2항 계약일반조건 제8조 제2항에도 불구하고, 임대인이 주택 및 내부일체에 대한 점검시 권한있는 제3자에 의한 검증이 필요하다고 판단할 때에는 임차인에게 반환해야 할 보증금 중 유보금 오백만원을 우선 공제한 후 임대인이 선정한 권한있는 제3자의 검증을 거친다.\n제3항 임대인은 공제한 유보금 중 다음 각 호에 해당하는 금액을 공제한 후 유보금 공제일로부터 3개월 이내에 환불한다.",
        "제15조(원상회복)\n제2항 퇴거를 위한 시설점검 후 원상복구가 완료되지 않았거나 원상복구 비용의 예측이 불가한 경우 계약특수조건 제14조에서와 같이 보증금 일부(5백만원)를 우선 공제한 후 검증결과에 따라 정산한다."
    ],
    "dvAntageous": "2",
    "illdcssBasiss": [
        "심사대상 약관조항 중 뉴스테이 11개사가 사용하고 있는 일률적으로 5백만원을 유보한다는 조항은 유보시킬 수 있는 임대보증금의 수준은 목적물 원상회복의 경중에 따라 합리적으로 고려되어야 한다는 점에서 고객에게 부당하게 불리한 조항이다. "
    ],
    "relateLaword": [
        "제6조(일반원칙) \n  ② 약관의 내용 중 다음 각 호의 어느 하나에 해당하는 내용을 정하고 있는 조항은 공정성을 잃은 것으로 추정된다.\n  1. 고객에게 부당하게 불리한 조항"
    ],
    "unfavorableProvision": "1"
}