{
    "clauseField": "3",
    "ftcCnclsns": "1",
    "clauseArticle": [
        "제19조(기타사항)\n제4항. 을은 계약물건을 포함한 건축물 전체에 대한 소유자별 전용부분면적, 공용부분 및 주차장 면적의 배분에 대하여는 이의없이 동의하고, 향후 건축물의 설계변경(인,허가)시 건축물의 면적구획, 면적변경, 호수배정 변경 등 내용을 수인한다."
    ],
    "dvAntageous": "2",
    "illdcssBasiss": [
        "계약물건의 전용부분, 공용부분 및 주차장 면적의 배분에 대하여 고객은 이의없이 동의하고, 향후 건축물의 면적구획, 면적변경, 호수배정의 변경내용을 수인하도록 정하여 고객에게 짐작하기 어려운 손해를 줄 우려가 있으므로 이는 상당한 이유없이 급부의 내용을 사업자가 일방적으로 결정하거나 변경할 수 있도록 권한을 부여하고 있는 조항이자, 법률의 규정에 의한 고객의 항변권, 상계권 등의 권리를 상당한 이유없이 배제 또는 제한하는 조항이다."
    ],
    "relateLaword": [
        "제10조(채무의 이행) 채무의 이행에 관하여 정하고 있는 약관의 내용 중 다음 각 호의 어느 하나에 해당하는 내용을 정하고 있는 조항은 무효로 한다.\n1. 상당한 이유 없이 급부의 내용을 사업자가 일방적으로 결정하거나 변경할 수 있도록 권한을 부여하는 조항",
        "제11조(고객의 권익 보호) 고객의 권익에 관하여 정하고 있는 약관의 내용 중 다음 각 호의 어느 하나에 해당하는 내용을 정하고 있는 조항은 무효로 한다.\n1. 법률에 따른 고객의 항변권, 상계권 등의 권리를 상당한 이유 없이 배제하거나 제한하는 조항"
    ],
    "unfavorableProvision": "2"
}