{
    "clauseField": "2",
    "ftcCnclsns": "1",
    "clauseArticle": [
        "제2조 (계약기간 및 전량구매)\n제1항 이 계약은 체결일로부터 (  )년간 유효하며 주유소가  000 로부터 영업장비를 지원받은 경우에는 받은날로부터 5년, 시설자금을 지원받은 경우에는 최종 상환일까지 계약기간은 연장된다."
    ],
    "dvAntageous": "2",
    "illdcssBasiss": [
        "정유사가 주유소와 전량구매계약을 체결하면서 영업장비 등을 지원한 경우 지원금액의 정도에 관계없이 일률적으로 계약기간을 5년 연장하도록 규정되어 있는 바, 지원금액에 상응하는 범위 내에서 계약기간을 1년 초과하여 정하도록 정한 상기 의결의 취지에 반한다고 볼 수 있다.",
        "계속적인 채권관계의 발생을 목적으로 하는 계약에서 그 존속기간을 부당하게 장기로 정하여 고객에게 부당하게 불이익을 줄 우려가 있다."
    ],
    "relateLaword": [
        "제9조(계약의 해제,해지) \n계약의 해제,해지에 관하여 정하고 있는 약관의 내용 중 다음 각 호의 어느 하나에 해당되는 내용을 정하고 있는 조항은 무효로 한다.\n6. 계속적인 채권관계의 발생을 목적으로 하는 계약에서 그 존속기간을 부당하게 단기 또는 장기로 하거나 묵시적인 기간의 연장 또는 갱신이 가능하도록 정하여 고객에게 부당하게 불이익을 줄 우려가 있는 조항"
    ],
    "unfavorableProvision": "2"
}