{
    "clauseField": "39",
    "ftcCnclsns": "1",
    "clauseArticle": [
        "제4항 회원권 규정 및 지침의 변경 – 000는 필요한 경우 수시로 회원권 규정 및 지침을 수정할 수 있으며, (이하 생략)"
    ],
    "dvAntageous": "2",
    "illdcssBasiss": [
        "회원권 규정 및 지침의 수정은 회원의 이해관계에 중대한 변경을 초래할 수 있기 때문에 사업자가 일방적으로 회원권 규정 및 지침을 수정할 수 있도록 정한 해당 약관조항은 고객이 계약의 제반 사정에 비추어 예상하기 어려운 조항이자 수정 사유가 포괄적이고 불분명할 뿐만 아니라 피청구인의 자의적인 해석이 가능하여 상당한 이유없이 급부의 내용을 사업자가 일방적으로 결정하거나 변경할 수 있도록 한 조항이다."
    ],
    "relateLaword": [
        "제6조(일반원칙) \n  ② 약관의 내용 중 다음 각 호의 어느 하나에 해당하는 내용을 정하고 있는 조항은 공정성을 잃은 것으로 추정된다.\n  2. 고객이 계약의 거래형태 등 관련된 모든 사정에 비추어 예상하기 어려운 조항",
        "제10조(채무의 이행) \n채무의 이행에 관하여 정하고 있는 약관의 내용 중 다음 각 호의 어느 하나에 해당하는 내용을 정하고 있는 조항은 무효로 한다.\n  1. 상당한 이유 없이 급부의 내용을 사업자가 일방적으로 결정하거나 변경할 수 있도록 권한을 부여하는 조항"
    ],
    "unfavorableProvision": "2"
}