{
    "clauseField": "1",
    "ftcCnclsns": "1",
    "clauseArticle": [
        "제4조 개량\n 가맹사업자는 가맹계약자로 하여금 기준 및 지침서를 준수하게 할 목적으로 가맹계약자에게 통지하여 언제든지 가맹계약자에게가맹점의 전부 또는 일부, 그 내부시설, 고정물 또는 표지나 가맹점에서 사용되는 장비, 시스템 또는 재고를 개량, 개조, 개선 또는 교체하도록 요구할 수 있다.",
        "가맹계약자는 전술한 개량, 개조, 개선 또는 교체가 가맹계약자에 의한 상당한 자본지출 및 또는 정기적인 재정적 투자를 요한다는 사실을 인정하고 이에 동의한다. 가맹사업자는 가맹계약자에 대한 통지서에 이행될 개량, 개조, 개선 또는 교체의 성격을 고려하여 그 개량, 개조, 개선 또는 교체가 이루어져야 되는 기간을 명시하고 가맹계약자는 통지서에 명시된 이행기간을 준수하여야 한다."
    ],
    "dvAntageous": "2",
    "illdcssBasiss": [
        "가맹사업 개선 등을 위한 시설 등 교체에 따른 비용을 모두 가맹점사업자가 부담하여야 하는 위 약관조항은 고객에게 부당하게 불리한 약관조항이다."
    ],
    "relateLaword": [
        "\n제6조(일반원칙) \n  ② 약관의 내용 중 다음 각 호의 어느 하나에 해당하는 내용을 정하고 있는 조항은 공정성을 잃은 것으로 추정된다.\n  1. 고객에게 부당하게 불리한 조항"
    ],
    "unfavorableProvision": "1"
}