{
    "clauseField": "2",
    "ftcCnclsns": "1",
    "clauseArticle": [
        "제9조(계약의 해제,해지) \n갑은 다음 각 호의 어느 하나에 해당하는 사유가 발생한 경우 별도 통지 없이 본 계약을 해제,해지하거나 수수료 지급을 유예할 수 있다.",
        "제9조 \n5항 을이 제3조 및 제6조의 사항을 위반한 경우\n제6조(준수사항)\n가맹점 신청자 본인여부 확인 \n사업장 방문을 통한 영업여부 확인\n가입신청서 원본 제출 및 스티커 교부"
    ],
    "dvAntageous": "2",
    "illdcssBasiss": [
        "계약당사자의 책임있는 사유로 인하여 계약을 해지하는 경우 상당한 기간을 정하여 그 이행을 최고하고 이행이 없을 때 비로소 계약을 해지할 수 있음이 원칙이다. 그러므로, 최고 없이 즉시 계약을 해지할 수 있는 사유는 계약관계를 더 이상 존속시키기 어려운 사유로 한정하여야 할 것이다.",
        "최고 없이 계약을 해지할 수 있는 경우는 채무의 이행이 불가능하거나 채무자가 이행 거절 의사를 표시한 때 또는 계약의 성질, 당사자의 의사표시에 의하여 일정한 시일 또는 일정한 기간 내에 이행하지 아니하면 계약의 목적을 달성할 수 없을 경우에 당사자 일방이 그 시기에 채무 이행을 하지 아니한 때 등 채권자가 채무 이행을 더 이상 재촉할 필요가 없고 계약의 존속이 사실상 불가능하게 된 경우에 가능하고, 이와 같은 경우 이외에는 채권자가 해지를 하기 위해서는 시정을 위한 일정기간의 최고가 필요하다. ",
        "피청구인들의 해당 약관조항은 가맹점이 준수사항을 위반하는 경우 이 사건 가맹점 모집인 계약을 존속시키기 어려운 상태를 초래하는지 여부에 관계없이 즉시 계약을 해지할 수 있도록 하고 있다."
    ],
    "relateLaword": [
        "제9조(계약의 해제,해지) \n계약의 해제,해지에 관하여 정하고 있는 약관의 내용 중 다음 각 호의 어느 하나에 해당되는 내용을 정하고 있는 조항은 무효로 한다.\n3. 법률에 따른 사업자의 해제권 또는 해지권의 행사 요건을 완화하여 고객에게 부당하게 불이익을 줄 우려가 있는 조항"
    ],
    "unfavorableProvision": "2"
}