{
    "clauseField": "5",
    "ftcCnclsns": "1",
    "clauseArticle": [
        "제9조\n준수사항\n제8항 제1호\n본 계약 전항에 관하여 분쟁이 발생시에는 임대인측 소재지 관할법원의 판결에 따른다."
    ],
    "dvAntageous": "2",
    "illdcssBasiss": [
        "사업자와 고객 사이의 거래에 이용되는 일반거래약관속에 민사소송법상의 관할법원 규정보다 고객에게 불리한 관할법원 조항을 포함시키는 것은 경제적 약자인 고객에게 응소상의 불이익을 초래할 우려가 있으므로, 결국 위 약관조항은 고객에 대하여 부당하게 불리한 재판관할의 합의조항이다. "
    ],
    "relateLaword": [
        "제14조(소송 제기의 금지 등) 소송 제기 등과 관련된 약관의 내용 중 다음 각 호의 어느 하나에 해당하는 조항은 무효로 한다.\n  1. 고객에게 부당하게 불리한 소송 제기 금지 조항 또는 재판관할의 합의 조항\n  2. 상당한 이유 없이 고객에게 입증책임을 부담시키는 약관 조항"
    ],
    "unfavorableProvision": "2"
}