{
    "clauseField": "2",
    "ftcCnclsns": "1",
    "clauseArticle": [
        "제2조 (계약의 해제)\n2항 을이 개인사정을 이유로 갑에게 계약해제를 요구하는 경우, 갑은 을의 사정 및 갑의 사정을 종합적으로 고려하여 확장 공사 시행 전 이 계약을 해제할 수 있으나, 발코니 확장공사 및 플러스 옵션 공사의 특성상 공사가 진행중이거나 완료된 경우 발코니 확장공사 착수시기(20XX년 XX월)에는 해제가 아니 되며, 을은 이를 확인하고 동의한다."
    ],
    "dvAntageous": "2",
    "illdcssBasiss": [
        "계약이 일단 성립한 후에는 일방의 채무불이행 등 법정해제 사유가 발생하지 않는 이상 당사자 일방이 마음대로 계약을 해제할 수 없는 것이 원칙이다. ",
        "매매의 당사자 일방이 계약 당시에 금전 기타 물건을 계약금,보증금 등의 명목으로 상대방에게 교부한 때에는 당사자 간에 다른 약정이 없는 한 당사자의 일방이 이행에 착수할 때까지 교부자는 이를 포기하고 수령자는 그 배액을 상환하여 매매계약을 해제할 수 있다.",
        "매매의 당사자 일방이 계약 당시에 금전 기타 물건을 계약금,보증금 등의 명목으로 상대방에게 교부한 때에는 당사자 간에 다른 약정이 없는 한 당사자의 일방이 이행에 착수할 때까지 교부자는 이를 포기하고 수령자는 그 배액을 상환하여 매매계약을 해제할 수 있다.",
        " 나아가 일부 피심인의 경우, 사업자의 계약해제권 행사는 특별히 제한하지 않은 채 오로지 고객의 해제권만을 제한하는 등 고객에게 부당하게 불리한 것으로 판단된다."
    ],
    "relateLaword": [
        "제9조(계약의 해제,해지) \n계약의 해제,해지에 관하여 정하고 있는 약관의 내용 중 다음 각 호의 어느 하나에 해당되는 내용을 정하고 있는 조항은 무효로 한다.\n1. 법률에 따른 고객의 해제권 또는 해지권을 배제하거나 그 행사를 제한하는 조항"
    ],
    "unfavorableProvision": "2"
}