{
    "clauseField": "2",
    "ftcCnclsns": "1",
    "clauseArticle": [
        "\" \n제14조(해약 및 손해배상) \n2항 전항 각호에 해당하는 사유로 해약될 때에는 기납부한 대금중 계약금은 위약금으로  갑 에게 귀속되며 잔액은 환불할 수 있다.(단, 연체료는환불하지 아니한다)  ",
        "제2조(대금납부방법)  \n2항  을 은 상가물건을 분양받음에 있어 아래와 같이 매매대금을  갑 에게 납부하여야 한다.   "
    ],
    "dvAntageous": "2",
    "illdcssBasiss": [
        "계약의 해제시 상가공급대금의 30퍼센트를 위약금으로 약정하고 있는바, 상가공급계약에 있어서 위약금은 총대금의 10퍼센트 정도로 약정하는 것이 일반적인 거래관행임에도 불구하고 계약해제를 방지할 목적으로 위와같이 약정금을 약정한 것은 고객에 대하여 부당하게 과중한 지연손해금등의  손해배상의무를 부담시키는 것이다. "
    ],
    "relateLaword": [
        "제8조(손해배상액의 예정) 고객에게 부당하게 과중한 지연 손해금 등의 손해배상 의무를 부담시키는 약관 조항은 무효로 한다."
    ],
    "unfavorableProvision": "2"
}