{
    "clauseField": "2",
    "ftcCnclsns": "1",
    "clauseArticle": [
        "제14조(해약 및 손해배상)  \n1항  갑 은  을 이 다음 각호에 해당하는 행위를 하였을 때에는 이행의 최고등 다른 법적절차를 취함이 없이 임의적으로 해약할 수 있다.               ",
        "제14조 \n1항1호 이 계약에 따른 권리의무를  갑 의 사전승인없이 타인에게 양도하거나 담보로 제공하였을 때                                             ",
        "제14조\n1항 2호 제1차 중도금을 납부기일에 납부치 아니한 때",
        "제14조 \n1항3호 분양대금(2차중도금, 잔금)을 납부기일로부터 1개월이상 연체하였을 때",
        "제14조 \n1항 4호 기타 이 계약내용을 성실히 이행하지 아니하였을 때 "
    ],
    "dvAntageous": "2",
    "illdcssBasiss": [
        " 계약의 해제는 계약당사자의 이해에 중대한 영향을 미치는 사항이므로 비록상대방의 계약위반이 있더라도 그것이 경미한 계약위반으로서 계약의  존손을 무의미하게 할 정도가 아니라면 상당기간을 두고 이행의 최고를 한후에야 비로소 계약을 해제할 수 있으며, 계약해제는 계약관계를   종료시키는 중요한 조치이므로 해제사유를 특약하는 경우는 그 사유가  구체적으로 열거되었다.",
        "또한 그 내용이 타당성을 가져야 할 것임에도    불구하고   이 조항은 최고절차없이 사업자가 일방적으로 계약을 해제할 수 있도록   규정하여 해제권행사의 요건을 완화하고 있으며, 또한 계약해제의 사유가 계약내용을 성실히 이행하지 아니한 때로 규정하여 계약해제사유가    포괄적이며 불분명하게 규정되어 사업자의 자의적 판단에 의해   계약해제권을 행사토록 규정하고 있으므로 동 조항은 법률의 규정에 의한  해제권·해지권의 행사요건을 완하하여 고객에 대하여 부당하게 불이익을  줄 우려가 있는 조항이다."
    ],
    "relateLaword": [
        "제9조(계약의 해제, 해지) \n계약의 해제, 해지에 관하여 정하고 있는 약관의 내용 중 다음 각 호의 어느 하나에 해당되는 내용을 정하고 있는 조항은 무효로 한다.\n  2. 사업자에게 법률에서 규정하고 있지 아니하는 해제권 또는 해지권을 부여하여 고객에게 부당하게 불이익을 줄 우려가 있는 조항"
    ],
    "unfavorableProvision": "2"
}