{
    "clauseField": "5",
    "ftcCnclsns": "1",
    "clauseArticle": [
        "제9조(입점 지연의 조치)\n제2항 을은 갑이 지정한 입점 완료일로부터 5일 이내에 본 임대차 점포에서 개점영업을 하여야 하며, 입점 완료일로부터 5일이 경과하여도 개점 영업을 하지 않거나 정당한 사유없이 5일 이상 폐점할 시 갑은 폐업으로 인정하고 별도의 최고나 다른 절차 없이 본 계약을 해지할 수 있다."
    ],
    "dvAntageous": "2",
    "illdcssBasiss": [
        "영업준비를 위해 상당한 기간이 필요한 업종이 있을 수 있음에도 일률적으로 영업준비기간을 15일(통보기간 포함)로 하는 것은 임차인에게 불리한 것으로 판단된다.",
        "사업자에게 법률의 규정에 의한 해지권의 행사요건을 완화하여 고객에 대하여 부당하게 불이익을 줄 우려가 있는 조항이다."
    ],
    "relateLaword": [
        "제9조(계약의 해제,해지) 계약의 해제,해지에 관하여 정하고 있는 약관의 내용 중 다음 각 호의 어느 하나에 해당되는 내용을 정하고 있는 조항은 무효로 한다.\n 2. 사업자에게 법률에서 규정하고 있지 아니하는 해제권 또는 해지권을 부여하여 고객에게 부당하게 불이익을 줄 우려가 있는 조항"
    ],
    "unfavorableProvision": "2"
}