{
    "clauseField": "2",
    "ftcCnclsns": "1",
    "clauseArticle": [
        "제15조(기타사항)  \n3항 이 계약에 명시되지 아니한 사항은  갑 과  을 이 협의하여 결정하되 합의되지 아니한 사항  갑 의 결정에 의한다.  "
    ],
    "dvAntageous": "2",
    "illdcssBasiss": [
        "이 조항은 계약서에 명시되지 아니한 사항을 사업자가 결정하는 바에 따라 처리토록한 것으로 이는 사업자의 이익에 치우친 조항으로서 고객에 대하여 부당하게 불리한 조항이다."
    ],
    "relateLaword": [
        "제6조(일반원칙)\n② 약관의 내용 중 다음 각 호의 어느 하나에 해당하는 내용을 정하고 있는 조항은 공정성을 잃은 것으로 추정된다.\n1. 고객에게 부당하게 불리한 조항"
    ],
    "unfavorableProvision": "1"
}