{
    "clauseField": "36",
    "ftcCnclsns": "1",
    "clauseArticle": [
        "제5조 위약금 규정\n제1항 사진 : 행사 예정일 45일 이내 일정변경 및 이용 취소시, 상품판매가의 50%\n제2항 드레스 : 가봉 방문 이후 일정변경 및 이용 취소시, 상품 판매가의 50%\n제3항 메이크업 : 행사 예정일 7일이내 일정변경 및 이용 취소시, 상품판매가의 50%\n제6항 웨딩연주 : 행사 예정일 7일 이내 일정변경 및 이용 취소시, 상품 판매가의 50%\n제7항 폐백/이바지/주례 기타 추가사항 : 행사예정일 7일 이내 일정 변경 및 이용 ",
        "취소시, 상품 판매가의 30%"
    ],
    "dvAntageous": "2",
    "illdcssBasiss": [
        "고객의 귀책사유로 계약해지 시 고객이 일정 위약금을 부담하는 것은 타당하나, 계약당사자의 귀책사유 등을 고려함이 없이 계약금을 일체 반환하지 않도록 규정하는 것은 계약의 해제,해지로 인한 고객의 원상회복청구권을 부당하게 포기하도록 하는 약관조항으로 볼 수 있다. ",
        "고객에게 부당하게 과중한 손해배상 의무를 부담시키는 조항이자 계약의 해제․해지로 인한 고객의 원상회복청구권을 부당하게 포기하도록 하는 약관조항이다."
    ],
    "relateLaword": [
        "제8조(손해배상액의 예정) \n고객에게 부당하게 과중한 지연 손해금 등의 손해배상 의무를 부담시키는 약관 조항은 무효로 한다."
    ],
    "unfavorableProvision": "2"
}