{
    "clauseField": "36",
    "ftcCnclsns": "1",
    "clauseArticle": [
        "제6조 (계약의 해제)\n제1항 고객의 사정으로 인한 계약 해제 시 행사 60일전 이후 취소 시에는 예약금 환불이 불가하며 취소시기에 따른 위약금이 부과됩니다. 행사 60일전 이후부터 30일전까지는 10%, 30일 이후부터 10일전까지는 30%, 10일전 이후는 40%, 당일은 90%에 대한 손해배상액을 사업장에 위약금으로 지불합니다."
    ],
    "dvAntageous": "2",
    "illdcssBasiss": [
        "식자재 확보 등 행사 준비가 임박하지 않은 시점임에도 불구하고 이를 반영한 수준의 과도한 위약금을 고객에게 부담하도록 규정하고 있고, 특히 당일 취소의 경우 총 비용의 90퍼센트를 위약금으로 지급하도록 규정하고 있는 바, 이는 고객에 대하여 부당하게 과중한 손해배상의무를 부담시키는 조항이다."
    ],
    "relateLaword": [
        "제8조(손해배상액의 예정) \n고객에게 부당하게 과중한 지연 손해금 등의 손해배상 의무를 부담시키는 약관 조항은 무효로 한다."
    ],
    "unfavorableProvision": "2"
}