{
    "clauseField": "39",
    "ftcCnclsns": "1",
    "clauseArticle": [
        "제7조 소지품의 보관\n3. 보관을 의뢰하지 않은 소지품 및 고가물에 대해서는 000는 책임을 지지 않습니다."
    ],
    "dvAntageous": "2",
    "illdcssBasiss": [
        "공중접객업자는 자기 또는 그 사용인이 고객으로부터 임치받은 물건의 보관에 관하여 주의를 게을리 하지 아니하였음을 증명하지 아니하면 그 물건의 멸실 또는 훼손으로 인한 손해를 배상할 책임이 있고, 고객으로부터 임치받지 아니한 경우에도 그 시설 내에 휴대한 물건이 자기 또는 그 사용인의 과실로 인하여 멸실 또는 훼손되었을 때에는 그 손해를 배상할 책임이 있다.",
        "해당 약관조항은 귀책유무와 무관하게 사업자에게 일체의 책임이 없다고 정하고 있는 바, 이는 사업자의 고의 또는 중대한 과실로 인한 법률상의 책임을 배제하는 조항이다."
    ],
    "relateLaword": [
        "제7조(면책조항의 금지) \n계약 당사자의 책임에 관하여 정하고 있는 약관의 내용 중 다음 각 호의 어느 하나에 해당하는 내용을 정하고 있는 조항은 무효로 한다.\n  1. 사업자, 이행 보조자 또는 피고용자의 고의 또는 중대한 과실로 인한 법률상의 책임을 배제하는 조항"
    ],
    "unfavorableProvision": "2"
}