{
    "clauseField": "36",
    "ftcCnclsns": "1",
    "clauseArticle": [
        "제2조(계약금과 피로연 식대비용의 지급)\n제1항 결제조건은 총금액의 계약금 20%(계약시), 중도금 50%(촬영 4주전), 잔금 30%(본식 7일전)입니다.\n제6항 계약금 및 중도금은 각 관련업체 및 본사 스케줄 발생으로 인해 일체 환불이 불가합니다."
    ],
    "dvAntageous": "2",
    "illdcssBasiss": [
        "사업자의 경제적 손실 정도나 동일업종의 거래관행 등에 비해 위약금을 과도하게 책정한 경우에는 불공정약관조항에 해당된다고 할 것이다. 계약의 해제, 해지로 인한 고객의 원상회복청구권을 부당하게 포기하도록 하는 약관조항이다."
    ],
    "relateLaword": [
        "제8조(손해배상액의 예정) \n고객에게 부당하게 과중한 지연 손해금 등의 손해배상 의무를 부담시키는 약관 조항은 무효로 한다."
    ],
    "unfavorableProvision": "2"
}