{
    "clauseField": "36",
    "ftcCnclsns": "1",
    "clauseArticle": [
        "제6조  (해약(취소))  \n제1항 계약일로부터 15일까지는 위약금 없이 해약 및 취소가 가능합니다.\n제2항 계약일로부터 15일 이후 고객의 사정으로 계약해지시 결혼준비대행 개시이전에는 총대행요금의 10% 공제 후 환급하고, 개시 이후에는 발생비용 및 잔여금액의 10% 공제 후 환급합니다",
        "제7조  (환불 및 위약금)  \n제1항 환불기간 이후 고객이 일방적으로 계약을 해약하는 경우에는 계약금은 환불해 드리지 않습니다.\n제2항 결혼준비대행 개시 이후 고객의 개인사정에 의한 취소 및 일정변경, 업체변경시 해당 업체의 규정에 따른 위약금이 발생될 수 있습니다.\nㅇ 이 사건 약관이 2016. 7. 29.자로 변경되었으므로 변경된 약관을 기준으로 심사함."
    ],
    "dvAntageous": "2",
    "illdcssBasiss": [
        "예식업 분야의 소비자분쟁해결기준 및 예식장이용 표준약관에서도 고객의 귀책사유로 인해 예식일로부터 2개월전 이전에 계약을 해제한 경우에 사업자는 이미 지급받은 계약금을 환급하고, 예식일로부터 2개월전 이후에 계약을 해제한 경우에는 계약금을 위약금으로 하여 이를 환급하지 않는 것으로 규정하고 있다."
    ],
    "relateLaword": [
        "제6조(일반원칙) \n① 신의성실의 원칙을 위반하여 공정성을 잃은 약관 조항은 무효이다.\n② 약관의 내용 중 다음 각 호의 어느 하나에 해당하는 내용을 정하고 있는 조항은 공정성을 잃은 것으로 추정된다.\n1. 고객에게 부당하게 불리한 조항",
        "제7조(면책조항의 금지) \n계약 당사자의 책임에 관하여 정하고 있는 약관의 내용 중 다음 각 호의 어느 하나에 해당하는 내용을 정하고 있는 조항은 무효로 한다.\n1. 사업자, 이행 보조자 또는 피고용자의 고의 또는 중대한 과실로 인한 법률상의 책임을 배제하는 조항"
    ],
    "unfavorableProvision": "2"
}