{
    "clauseField": "3",
    "ftcCnclsns": "1",
    "clauseArticle": [
        "제2조(대금의 지불)\n제2항. 분양대금은 아래와 같이 분할하여 지정달의 25일까지 납부하여야 하고, 임대보증금을 제외한 분양대금의 부가세는 별도로 한다.",
        "제7조(점포의 위치)\n제1항. 점포의 위치는 입점지정기간 개시일 2개월전에 추첨으로 결정한다. \n제2항. 000는 점포추첨 1개월전에 수분양자에게 통보하여야 한다. 수분양자가 공개추첨에 참가하기 위해서는 추첨일 7일전까지 분양대금 전액을 완납하여야 한다. 점포 추첨 후 분양계산에 따른 정산금이 있는 경우 점포추첨일로부터 15일 이내에 완납하여야 한다.\n제3항. 공개추첨 불참, 분양대금 미납 등 수분양자의 귀책사유로 공개추첨에서 제외된 수분양자에 대해서는 분양대금을 완납할 경우에 한하여 추후 000가 잔여 미특정점포중에서 배정한다."
    ],
    "dvAntageous": "2",
    "illdcssBasiss": [
        "피심인은 잔금 완납자에 한하여 추첨을 하는 것은 분양을 받은 후 입점을 포기하거나 전매  투기자들을 배제하고, 전체 상가의 활성화에 도움이 될 사람들을 계약자로 유치하기 위한 것이라고 주장하고 있다.그러나 입점포기자는 위약금 부과 등으로 해결하여야 할 것이며, 입점포기자를 방지하기 위한 목적이 잔금을 입주예정일보다 앞당겨 추첨일 이전에 납부하도록 하는 행위의 정당화 사유가 될 수는 없다."
    ],
    "relateLaword": [
        "제6조(일반원칙)\n② 약관의 내용 중 다음 각 호의 어느 하나에 해당하는 내용을 정하고 있는 조항은 공정성을 잃은 것으로 추정된다.\n1. 고객에게 부당하게 불리한 조항"
    ],
    "unfavorableProvision": "1"
}