{
    "clauseField": "5",
    "ftcCnclsns": "1",
    "clauseArticle": [
        "제18조(관할법원)\n제1항 본 임대차계약서에 기재된 사항과 관련하여 분쟁이 있을 경우의  관할 법원은 갑의 본사 소재지 관할 민사지방법원으로 한다."
    ],
    "dvAntageous": "2",
    "illdcssBasiss": [
        "사업자 갑의 주소지 법원을 관할법원으로 하는 것은 고객에게 응소상의 불이익 초래가 있다 할 것임에도, 현행 약관조항은 갑의 주소지를 소송 관할법원으로 규정하고 있는 바, 이는 고객에 대하여 불리한 재판관할 합의조항이다."
    ],
    "relateLaword": [
        "제14조(소송 제기의 금지 등) 소송 제기 등과 관련된 약관의 내용 중 다음 각 호의 어느 하나에 해당하는 조항은 무효로 한다."
    ],
    "unfavorableProvision": "2"
}