{
    "clauseField": "3",
    "ftcCnclsns": "1",
    "clauseArticle": [
        "제22조(기타사항)\n제9항. 이 계약에 관한 소송 관할 법원은 갑의 주소지 관할 법원으로 한다"
    ],
    "dvAntageous": "2",
    "illdcssBasiss": [
        "분쟁이 발생할 경우 당사자간의 특약으로 관할 소재지를 정할 수 있을 것이나, 약관에 사업자가 자신의 소재지를 관할법원으로 규정하는 것은 고객에게 응소상 불이익을 초래할 우려가 있다.따라서 본 조항은 고객에게 부당하게 불리한 재판관할 합의조항이다."
    ],
    "relateLaword": [
        "제14조(소송 제기의 금지 등) 소송 제기 등과 관련된 약관의 내용 중 다음 각 호의 어느 하나에 해당하는 조항은 무효로 한다.\n1. 고객에게 부당하게 불리한 소송 제기 금지 조항 또는 재판관할의 합의 조항"
    ],
    "unfavorableProvision": "2"
}