{
    "clauseField": "39",
    "ftcCnclsns": "1",
    "clauseArticle": [
        "(이용약관)\n제7항 입회비는 환불되지 않습니다."
    ],
    "dvAntageous": "2",
    "illdcssBasiss": [
        "요가이용 및 강습계약의 시설을 이용함에 따른 입회비는 그 명칭에 상관없이 성격상 보증금과 구별하기 어려우며, 법률적 성질은 시설이용권에 대한 대가로서 성격을 갖는 것이므로 고객의 탈회시 시설이용권의 반환과 함께 입회비를 반환해야 한다.",
        "만약 입회비가 보증금이 아닌 해당 시설을 이용함에 따른 비용에 해당되더라도 환급시 총이용금액에 포함하여 이용일수에 해당되지 않는 금액은 반환해야 함에도 불구하고, 이용약관 상에 환불되지 않는다고 명시하여 고객에게 수령한 대금의 환급을 부당하게 거부하여 사업자의 원상회복의무를 부당하게 경감하고 있다."
    ],
    "relateLaword": [
        "제8조(손해배상액의 예정) \n고객에게 부당하게 과중한 지연 손해금 등의 손해배상 의무를 부담시키는 약관 조항은 무효로 한다.",
        "제9조(계약의 해제,해지) \n계약의 해제,해지에 관하여 정하고 있는 약관의 내용 중 다음 각 호의 어느 하나에 해당되는 내용을 정하고 있는 조항은 무효로 한다.\n  5. 계약의 해제 또는 해지로 인한 사업자의 원상회복의무나 손해배상의무를 부당하게 경감하는 조항"
    ],
    "unfavorableProvision": "2"
}