{
    "clauseField": "1",
    "ftcCnclsns": "1",
    "clauseArticle": [
        "  (000의 000 가맹계약서) \n제8조(원부재료 공급 가격 및 납부)\n제2항 을은 갑으로부터 공급받은 원부재료에 대하여 해당 월 1일부터 15일까지 공급받은 대금은 당월 25일 오전 12:00시 까지, 해당 월 16일부터 말일까지 공급받은 대금은 다음달 10일 오전 12:00시 까지 갑이 지정하는 예금구좌에 현금으로 납부하여야 한다."
    ],
    "dvAntageous": "2",
    "illdcssBasiss": [
        "가맹점사업자는 신용카드가맹점으로서 소비자에게 신용카드로 대금을 지급받는 경우가 많은 데에 반해, 가맹본부에게 지급하는 물품대금은 반드시 현금으로 지급하도록 한다면 형평에 어긋난다고 판단된다.",
        "물품대금을 현금으로 지급토록 강제하는 당해 약관조항은 고객에게 부당하게 불리한 약관조항이다."
    ],
    "relateLaword": [
        "제6조(일반원칙)\n② 약관의 내용 중 다음 각 호의 어느 하나에 해당하는 내용을 정하고 있는 조항은 공정성을 잃은 것으로 추정된다.\n1. 고객에게 부당하게 불리한 조항"
    ],
    "unfavorableProvision": "1"
}