{
    "clauseField": "3",
    "ftcCnclsns": "1",
    "clauseArticle": [
        "제11조(미분양분의 처분)\n제2항. 제1항에 불구하고 건물 사용승인 후 3개월이 되는 시점에 신탁차입금 및 금융기관 대출금의 상환이 완료되지 않았을 경우 수탁자는 차입금상환을 위하여 미분양물건에 대하여 추가할인, 수탁자의 신탁부동산 공매규정에 따른 공매, 담보제공을 통한 대출, 임대차 등의 방법을 실행할 수 있으며 이 경우 위탁자 및 우선수익자는 일체의 이의제기를 하지 아니한다.",
        "오해의 소지를없애기 위하여 부연하면, 우선수익자 또는 제3자가 수탁자의 차입금을 전액 상환하는 경우에도, 제1항 및 본 항에 정하여진 수탁자의 차입금 상환을 위한 권리를 대위하여 행사할 수 없다."
    ],
    "dvAntageous": "2",
    "illdcssBasiss": [
        " 법률에 따른 고객의 권리를 상당한 이유 없이 배제하는 조항이다. "
    ],
    "relateLaword": [
        "제11조(고객의 권익 보호) 고객의 권익에 관하여 정하고 있는 약관의 내용 중 다음 각 호의 어느 하나에 해당하는 내용을 정하고 있는 조항은 무효로 한다.\n1. 법률에 따른 고객의 항변권, 상계권 등의 권리를 상당한 이유 없이 배제하거나 제한하는 조항"
    ],
    "unfavorableProvision": "2"
}