{
    "clauseField": "5",
    "ftcCnclsns": "1",
    "clauseArticle": [
        "제1항\n입주자는 계약기간 (  년)에 관계없이 퇴거시에는 베란다샷시 및 내부감가상각비로 60만원을 임대보증금에서 공제후 환불받는다."
    ],
    "dvAntageous": "2",
    "illdcssBasiss": [
        "해당 약관조항은 고객에게 부당하게 불리한 조항이다."
    ],
    "relateLaword": [
        "제6조(일반원칙) =\n  ② 약관의 내용 중 다음 각 호의 어느 하나에 해당하는 내용을 정하고 있는 조항은 공정성을 잃은 것으로 추정된다.\n  1. 고객에게 부당하게 불리한 조항"
    ],
    "unfavorableProvision": "1"
}