{
    "clauseField": "1",
    "ftcCnclsns": "1",
    "clauseArticle": [
        "  (000의 000 가맹계약서) \n제33조 기타합의사항\n제1항 을은 갑이 장래에 이 계약의 전부 또는 일부를 갑의 관계회사 또는 제3자에게 양도하는 일이 있을 수 있다는 사실을 미리 승낙하기로 한다."
    ],
    "dvAntageous": "2",
    "illdcssBasiss": [
        "피심인에서 양수인으로 계약인수가 유효하려면 피심인, 양수인, 가맹점사업자 간의 합의 또는 피심인, 양수인 간의 합의와 가맹점사업자의 동의 내지 승낙이 필요하다.",
        "가맹본부는 계약 당사자를 양수인으로 변경하기 전에 가맹점사업자의 동의 또는 승낙을 얻는 것이 타당하다.",
        "피심인이 가맹점사업자의 동의 없이 계약당사자의 지위를 양수인에게 이전할 수 있도록 규정한 당해 약관조항이다."
    ],
    "relateLaword": [
        "제12조(의사표시의 의제) 의사표시에 관하여 정하고 있는 약관의 내용 중 다음 각 호의 어느 하나에 해당하는 내용을 정하고 있는 조항은 무효로 한다.\n"
    ],
    "unfavorableProvision": "2"
}