{
    "clauseField": "3",
    "ftcCnclsns": "1",
    "clauseArticle": [
        "제11조(해약 및 위약금)\n제3항. 수분양자는 1차 중도금 납부 이후에는 본 임대분양계약을 해약할 수 없다."
    ],
    "dvAntageous": "2",
    "illdcssBasiss": [
        "수분양자가 중도금을 1회 납부한 이후에는 어떠한 경우에도 계약을 해제할 수 없도록 규정하고 있는바 이는 고객의 해제권을 배제하거나 그 행사를 제한하는 조항이다."
    ],
    "relateLaword": [
        "제9조(계약의 해제, 해지)\n1. 법률에 따른 고객의 해제권 또는 해지권을 배제하거나 그 행사를 제한하는 조항"
    ],
    "unfavorableProvision": "2"
}