{
    "clauseField": "5",
    "ftcCnclsns": "1",
    "clauseArticle": [
        "제15조 (해약의사 통지)\n제1항 갑이 관리 운영상 계약기간 만료 전에 을의 철수를 위해 해약코자 할 경우는 철수일 1개월 전까지는 을에게 서면으로 통보한다."
    ],
    "dvAntageous": "2",
    "illdcssBasiss": [
        "해당 약관조항은 갑의 사정으로 계약을 중도해지하는 경우 해지일 1개월 전에 서면통지 하도록 되어 있는데, 당해 계약이 1년 단위로 체결되는 점을 고려하더라도 이는 민법이나 이에 따른 표준약관이 정하는 것보다 임차인에게 불리한 규정이며, 사업자인 갑의 해지권 행사를 용이하게 하여 임차인인 을에게 부당하게 불이익을 줄 우려가 있다."
    ],
    "relateLaword": [
        "제9조(계약의 해제,해지) 계약의 해제,해지에 관하여 정하고 있는 약관의 내용 중 다음 각 호의 어느 하나에 해당되는 내용을 정하고 있는 조항은 무효로 한다.\n  2. 사업자에게 법률에서 규정하고 있지 아니하는 해제권 또는 해지권을 부여하여 고객에게 부당하게 불이익을 줄 우려가 있는 조항"
    ],
    "unfavorableProvision": "2"
}