{
    "clauseField": "3",
    "ftcCnclsns": "1",
    "clauseArticle": [
        "제3조(공유지분)                                                       \n제2항. 건물의 공유면적과 대지지분은 사업시행 및 공부정리과정에서 약간의 차이가 있을 수 있으며 을은 이를 이유로 분양대금의 정산요구나 기타 일체의 이의를 제기하지 못한다."
    ],
    "dvAntageous": "2",
    "illdcssBasiss": [
        "상가면적이 감소하였을 경우에도 고객이 이에 대하여 분양가격의 정산을 요구하거나 이의를 제기할 수 없도록 하는 것은 민법상 고객에게 인정되는 손해배상청구권, 대금감액청구권 등의 권리를 배제하는 것인바, 이는 상당한 이유없이 사업자의 담보책임을 배제 또는 제한하는 조항이다."
    ],
    "relateLaword": [
        "제7조(면책조항의 금지)\n3. 상당한 이유 없이 사업자의 담보책임을 배제 또는 제한하거나 그 담보책임에 따르는 고객의 권리행사의 요건을 가중하는 조항"
    ],
    "unfavorableProvision": "2"
}