{
    "clauseField": "1",
    "ftcCnclsns": "1",
    "clauseArticle": [
        "  (000의 000 가맹계약서)\n제23조의8(기타규정)\n가맹계약자는 본 계약과 관련하여 가맹사업자가 부담한 모든 변호사 비용(본 계약의 법적인 이행과 관련하여 부담한 인지대 및 비용을 포함하나 이에 한정하지 않고, 본 계약 작성시 가맹사업자가 부담한 내부적인 변호사 비용을 제외함)을 가맹사업자에게 지급한다."
    ],
    "dvAntageous": "2",
    "illdcssBasiss": [
        "계약과 관련한 변호사 비용을 모두 가맹점사업자가 부담하도록 규정하고 있으며 어느 쪽에 귀책사유가 있는지 여부를 불문하고 무조건 가맹점사업자가 그 비용을 부담하게 된다.",
        "피심인의 귀책사유로 인하여 발생한 변호사 비용은 피심인이 부담하는 것이 형평에 맞는다.",
        "당해 조항은 상당한 이유 없이 사업자가 부담하여야 할 위험을 고객에게 이전시키는 조항이다."
    ],
    "relateLaword": [
        "제7조(면책조항의 금지) 계약 당사자의 책임에 관하여 정하고 있는 약관의 내용 중 다음 각 호의 어느 하나에 해당하는 내용을 정하고 있는 조항은 무효로 한다.\n2. 상당한 이유 없이 사업자의 손해배상 범위를 제한하거나 사업자가 부담하여야 할 위험을 고객에게 떠넘기는 조항"
    ],
    "unfavorableProvision": "2"
}