{
    "clauseField": "3",
    "ftcCnclsns": "1",
    "clauseArticle": [
        "제6조(관리)\n제6항. 갑이 상가를 관리하는 기간동안 입주자의 복리증진 등 불가피한 사유로 출입구 등 원형의 일부를 변경할 경우 을은 이에 대하여 별다른 이의를 제기하지 못한다."
    ],
    "dvAntageous": "2",
    "illdcssBasiss": [
        "상가분양계약에 있어서 상가의 출입구의 위치 등은 고객이 당해상가를 선택하고 계약을 체결함에 있어 고려할 매우 중요한 사항인 바, 분양 후에도 고객의 동의없이 불가피한 사유라는 막연한 사유로 출입구 등을 임의로 변경하여 고객에게 부당하게 불이익을 초래할 수 있게 규정함과 동시에 이를 변경할 경우에도 고객이 이의를 제기할 수 없게 한 것은 상당한 이유없이 사후에 급부의 내용을 사업자가 일방적으로 결정하거나 변경할 수 있도록 권한을 부여하는 조항이다."
    ],
    "relateLaword": [
        "제10조(채무의 이행)\n1. 상당한 이유 없이 급부의 내용을 사업자가 일방적으로 결정하거나 변경할 수 있도록 권한을 부여하는 조항"
    ],
    "unfavorableProvision": "2"
}