{
    "clauseField": "5",
    "ftcCnclsns": "1",
    "clauseArticle": [
        "제19조(기타)\n3. 연료대금 및 주차요금은 임차인의 부담입니다. \nㅇ 반납시 연료 초과분에 대하여 환불이 안됩니다."
    ],
    "dvAntageous": "2",
    "illdcssBasiss": [
        "해당 약관조항은 현행 렌트카 분야 표준약관의 규정 취지, 연료 초과분 자체의 성격 등에 비추어 볼 때 고객에게 부당하게 불리한 조항이다."
    ],
    "relateLaword": [
        "제6조(일반원칙) =\n  ② 약관의 내용 중 다음 각 호의 어느 하나에 해당하는 내용을 정하고 있는 조항은 공정성을 잃은 것으로 추정된다.\n  1. 고객에게 부당하게 불리한 조항"
    ],
    "unfavorableProvision": "1"
}