{
    "clauseField": "3",
    "ftcCnclsns": "1",
    "clauseArticle": [
        "제9조(해약 및 손해배상)\n제3항.본계약이 해제되었을 경우 을은 갑에게 이미 지출한 필요비 및 유익비를 청구할 수 없다."
    ],
    "dvAntageous": "2",
    "illdcssBasiss": [
        "계약해제시 원상회복의 범위로서 반환의무자가 반환하여야 할 물건에 관하여 필요비를 지출한 때에는 상대방에게 그의 상환을 청구할 수 있고, 유익비를 지출한 때에는 가액의 증가가 현존한 경우 상대방의 선택에 쫓아 그 상환을 청구할 수 있음에도 이를 청구할 수 없게 한 것은 계약의 해제·해지로 인한 고객의 원상회복청구권을 부당하게 포기하도록 하는 조항이다. "
    ],
    "relateLaword": [
        "제9조(계약의 해제,해지) \n계약의 해제,해지에 관하여 정하고 있는 약관의 내용 중 다음 각 호의 어느 하나에 해당되는 내용을 정하고 있는 조항은 무효로 한다.\n3. 법률에 따른 사업자의 해제권 또는 해지권의 행사 요건을 완화하여 고객에게 부당하게 불이익을 줄 우려가 있는 조항"
    ],
    "unfavorableProvision": "2"
}