{
    "clauseField": "3",
    "ftcCnclsns": "1",
    "clauseArticle": [
        "제12조(관할법원)\n이 계약에 관한 분쟁이 발생할 경우 소송은 갑의 주사무소 소재지 관할법원으로 한다."
    ],
    "dvAntageous": "2",
    "illdcssBasiss": [
        "분쟁발생시 당사자간 특약으로 소제기 관할법원을 정할 수 있으나 약관의 내용으로 사업자 주사무소 소재지 지방법원을 관할법원으로 정하는 것은 고객의 응소상 불이익을 초래할 우려가 있는 바, 본 조항은 고객에 대하여 부당하게 불리한 재판관할이 합의조항이다."
    ],
    "relateLaword": [
        "제14조(소송 제기의 금지 등) 소송 제기 등과 관련된 약관의 내용 중 다음 각 호의 어느 하나에 해당하는 조항은 무효로 한다.\n1. 고객에게 부당하게 불리한 소송 제기 금지 조항 또는 재판관할의 합의 조항"
    ],
    "unfavorableProvision": "2"
}