{
    "clauseField": "5",
    "ftcCnclsns": "1",
    "clauseArticle": [
        "제21조\n제6항 을은 갑 또는 갑과 임대차계약을 체결한 제3의 임차인에게 어떠한 명목의 권리나 권리금, 퇴거비, 필요비 및 유익비 등 금원을 청구할 수 없다."
    ],
    "dvAntageous": "2",
    "illdcssBasiss": [
        "부속물매수청구권은 형성권으로서 상대방의 동의 여부를 필요로 하지 않고 임차인이 의사 표시를 함으로써 효력이 발생하며 이는 강행규정으로 임차인에게 불리한 것은 무효이다. ",
        "해당 약관조항은 이러한 법률에 따른 권리(필요비,유익비 상환청구권, 부속물 매수청구권)를 상당한 이유 없이 배제하거나 제한하고 있는 조항이다."
    ],
    "relateLaword": [
        "제11조(고객의 권익 보호) 고객의 권익에 관하여 정하고 있는 약관의 내용 중 다음 각 호의 어느 하나에 해당하는 내용을 정하고 있는 조항은 무효로 한다.\n  1. 법률에 따른 고객의 항변권, 상계권 등의 권리를 상당한 이유 없이 배제하거나 제한하는 조항"
    ],
    "unfavorableProvision": "2"
}