{
    "clauseField": "3",
    "ftcCnclsns": "1",
    "clauseArticle": [
        "제6조(위약금)\n제1항. 제4조 각호에 해당하는 사유로 본 계약이 해제된 경우 분양대금 총액의 10퍼센트는 위약금으로 갑에게 귀속하며 갑은 을이 기 납부한 분양대금 총 위약금을 공제한 후 잔액을 을에게 환불한다."
    ],
    "dvAntageous": "2",
    "illdcssBasiss": [
        "계약해제로 인한 원상회복시 반환하여야 할 기본원금으로 분양대금총액의 10퍼센트는 위약금으로 갑에게 귀속하며, 갑은 을이 기납부한 분양대금 총액중 위약금을 공제한 후 잔액을 을에게 환불한다라고만 한정하여 자칫 반환금에 대한 이자를 배제할 가능성이 있는 바, 이러한 약관조항은 계약의 해제 또는 해지로 인한 사업자의 원상회복의무를 부당하게 경감하는 조항이다."
    ],
    "relateLaword": [
        "제9조(계약의 해제,해지) \n계약의 해제,해지에 관하여 정하고 있는 약관의 내용 중 다음 각 호의 어느 하나에 해당되는 내용을 정하고 있는 조항은 무효로 한다.\n4. 계약의 해제 또는 해지로 인한 원상회복의무를 상당한 이유 없이 고객에게 과중하게 부담시키거나 고객의 원상회복 청구권을 부당하게 포기하도록 하는 조항"
    ],
    "unfavorableProvision": "2"
}