{
    "clauseField": "5",
    "ftcCnclsns": "1",
    "clauseArticle": [
        "제10조\n제3항 구내 영업장 관리 및 상품보관은 을의 책임으로 하며, 도난, 화재, 기타의 원인에 의한 손실에 대하여 갑에게 청구할 수 없다."
    ],
    "dvAntageous": "2",
    "illdcssBasiss": [
        "해당 약관조항은 사업자의 고의 또는 중대한 과실로 인한 법률상의 책임을 배제하는 조항이다."
    ],
    "relateLaword": [
        "제7조(면책조항의 금지) 계약 당사자의 책임에 관하여 정하고 있는 약관의 내용 중 다음 각 호의 어느 하나에 해당하는 내용을 정하고 있는 조항은 무효로 한다.\n  1. 사업자, 이행 보조자 또는 피고용자의 고의 또는 중대한 과실로 인한 법률상의 책임을 배제하는 조항"
    ],
    "unfavorableProvision": "2"
}