{
    "clauseField": "5",
    "ftcCnclsns": "1",
    "clauseArticle": [
        "제21조(명도)\n제7항 을은 임대자산에 대하여 공사자산관리규정 제60조 제3항 각 호에 의한 보험증서 및 보증금, 제소전 화해조서 등을 제출한다."
    ],
    "dvAntageous": "2",
    "illdcssBasiss": [
        "해당 약관조항들은 임대인이 당사자의 권리 의무에 중대한 영향을 끼치는 사항을 일방적으로 결정하는 것으로서 임대인에게 일방적으로 유리하고 임차인은 다툴 기회를 원천적으로 봉쇄당하는 결과를 초래하는 매우 불이익한 조항이다."
    ],
    "relateLaword": [
        "제6조(일반원칙) \n  ② 약관의 내용 중 다음 각 호의 어느 하나에 해당하는 내용을 정하고 있는 조항은 공정성을 잃은 것으로 추정된다.\n  1. 고객에게 부당하게 불리한 조항"
    ],
    "unfavorableProvision": "1"
}