{
    "clauseField": "2",
    "ftcCnclsns": "1",
    "clauseArticle": [
        "(000 공급계약서)\n제8조 (손해배상)\n을은 제5조에서 정한 계약기간 중 폐업을 제외한 다음 각 항에 해당하는 경우 갑이 공급한 일체의 지원제품 반환 및 제4조 제3항의 지원내역 공급가의 2배를 위약벌금으로 정하고 이를 갑에게 배상한다.\n제1항 제7조의 계약해지 사유에 의하여 계약이 해지된 경우",
        "제2항 갑의 동의없이 제품을 임의로 변경하였을 경우\n",
        "제3항 을이 계약을 스스로 해지한 경우\n",
        "제4항 폐업이나 이에 준하는 부득이한 사유로 지속적인 영업이 불가피한 경우는 제외한다.\n",
        "(000의 단말기 임대할부 약정서) \n제11조 (단말기의 배상 및 반환)\n제2항 을은 본 계약 제8조의 사유로 계약이 해지되거나 을이 스스로 계약을 해지하는 경우 또는 기타의 사유로 계약을 계속 이행하지 못할 경우에는 임차물품의 출고가격 및 월 임대료 가격 × (60개월- 사용 개월수)를 공제한 금액을 배상하고 미납금액(미납임대금)과 연체이자(10%)를 합한 금액을 청구하게 되며, 계속하여 채무 이행을  아니할 경우 은행권 등 각 금융기관에 신용불량거래자로 통보되어 금융상의 불이익을 받게 된다."
    ],
    "dvAntageous": "2",
    "illdcssBasiss": [
        "대법원에서는 모든 사정을 참작하여 일반 사회관념에 비추어 그 예정액의 지급이 경제적 약자의 지위에 있는 채무자에게 부당한 압박을 가하여 공정성을 잃은 결과를 초래한다고 인정되는 경우 부당하게 과다한 손해배상예정액이라고 판시한바 있다.",
        "거래관행, 제품의 사용기간, 피청구인의 경제적 손실 등에 비하여 과도하게 책정됨으로써 계약상대방에게 부당한 압박을 가하는 정도가 되어서는 아니 될 것이다.",
        "피청구인 000의 00000 공급계약서상 가맹점에게 제품을 구매하여 사용하는 경우보다 실질적으로 더 많은 부담을 지우고 있는 것으로 보인다.",
        "만일 가맹점의 계약위반에 따른 손해배상예정액을 규정한다면 피청구인이 가맹점에 지원하는 제품 및 서비스 등에 한정한 가액으로 하는 것이 정당하다 할 것이다."
    ],
    "relateLaword": [
        "제8조(손해배상액의 예정) \n고객에게 부당하게 과중한 지연 손해금 등의 손해배상 의무를 부담시키는 약관 조항은 무효로 한다."
    ],
    "unfavorableProvision": "2"
}