{
    "clauseField": "2",
    "ftcCnclsns": "1",
    "clauseArticle": [
        "제7조(하자담보책임과 반품)\n제1항 (가) 판매인은 000로부터 본건 제품을 인도 받는 즉시 검사하여야 하며, 본건 제품에 어떠한 하자 또는 수량의 부족을 발견한 경우, 판매인이 동 하자 또는 수량부족에 대하여 인도일로부터 2일 이내에 000에 통지하지 않으면, 판매인은 본건 제품의 하자 또는 수량부족에 대하여 반품이나 손해배상을 청구할 수 없다."
    ],
    "dvAntageous": "2",
    "illdcssBasiss": [
        "계약체결 시 당사자가 개별약정으로 합의한 경우는 별론으로 하더라도 약관으로 매도인의 담보책임을 제한하는 조항을 두어 이를 일률적으로 적용하는 것은 고객인 판매인에게 지나치게 불리한 것으로 판단된다. ",
        "상당한 이유 없이 사업자의 담보책임을 배제 또는 제한하거나 담보책임에 따르는 고객의 권리행사의 요건을 가중하는 조항이다."
    ],
    "relateLaword": [
        "제7조(면책조항의 금지) \n계약 당사자의 책임에 관하여 정하고 있는 약관의 내용 중 다음 각 호의 어느 하나에 해당하는 내용을 정하고 있는 조항은 무효로 한다. \n3. 상당한 이유 없이 사업자의 담보책임을 배제 또는 제한하거나 그 담보책임에 따르는 고객의 권리행사의 요건을 가중하는 조항"
    ],
    "unfavorableProvision": "2"
}