{
    "clauseField": "5",
    "ftcCnclsns": "1",
    "clauseArticle": [
        "제21조(명도 및 원상복구)\n제3항 을이 어떠한 사정으로 을 소유물 및 재산을 반출하지 못하였거나 또는 임대차 물건을 원상으로 복구하지 못하였을 경우에는 갑은 이 계약이 종료된 날로부터 기산하여 실제로 명도 또는 복구된 날까지 통상 임대료의 2배에 해당하는 금액을 손해배상금으로 지불하여야 한다."
    ],
    "dvAntageous": "2",
    "illdcssBasiss": [
        "임대차계약이 종료된 후에도 임차인이 임차인의 사정으로 임차물을 명도하지 않을 경우 통상 임대료의 2배 혹은 통상 임대료 및 관리유지비의 2배에 해당하는 금액을 손해배상금으로 납부하도록 한 해당 약관조항은 고객에 대하여 부당하게 과중한 손해배상의무를 부담시키는 조항이다. "
    ],
    "relateLaword": [
        "제8조(손해배상액의 예정) \n고객에게 부당하게 과중한 지연 손해금 등의 손해배상 의무를 부담시키는 약관 조항은 무효로 한다."
    ],
    "unfavorableProvision": "2"
}