{
    "clauseField": "2",
    "ftcCnclsns": "1",
    "clauseArticle": [
        "제18조(기타)\n제6항 주택법 시행규칙 제11조 제4항 및 건축법 시행령 제12조 제3항에 의거한 경미한 사항의 변경은 계약자의 동의가 있는 것으로 간주하여 사업주체가 경미한 사항의 변경 인허가를 진행하며, 을은 이에 대하여 어떠한 이의도 제기할 수 없음"
    ],
    "dvAntageous": "2",
    "illdcssBasiss": [
        "경미한 사항의 변경에 대하여 아무런 통보도 하지 않은 채 수분양자들이 동의한 것으로 간주하며, 이에 대해 이의제기를 할 수 없도록 규정하고 있어 관련 법령의 절차 간소화 취지를 왜곡하고 있다. 이는 상당한 이유 없이 수분양자들의 의사표시를 의제하는 조항으로 수분양자에게 부당하게 불리하고, 사업자의 담보책임을 배제하는 조항에 해당한다."
    ],
    "relateLaword": [
        "제6조(일반원칙)\n② 약관의 내용 중 다음 각 호의 어느 하나에 해당하는 내용을 정하고 있는 조항은 공정성을 잃은 것으로 추정된다.\n1. 고객에게 부당하게 불리한 조항",
        "제7조(면책조항의 금지) \n계약 당사자의 책임에 관하여 정하고 있는 약관의 내용 중 다음 각 호의 어느 하나에 해당하는 내용을 정하고 있는 조항은 무효로 한다.\n3. 상당한 이유 없이 사업자의 담보책임을 배제 또는 제한하거나 그 담보책임에 따르는 고객의 권리행사의 요건을 가중하는 조항"
    ],
    "unfavorableProvision": "1"
}