{
    "clauseField": "2",
    "ftcCnclsns": "1",
    "clauseArticle": [
        "제18조(기타)\n제22항 카탈로그 또는 신문광고, 각종 홍보물에 표현된 단지 외부 표현 및 각종 시설(학교, 도로, 공공용지 등)은 허가관청 및 국가시책에 따라 변경될 수 있으며, 이에 대하여 갑은 일체의 책임을 지지 아니함."
    ],
    "dvAntageous": "2",
    "illdcssBasiss": [
        "이에 대하여 갑은 일체의 책임을 지지 않는다. 는 문구를 두어 허위,과장광고로 인한 불법행위책임 등 분양자에게 책임을 돌리 수 있는 사정이 있는 경우까지 분양자의 책임을 배제하는 것으로 해석될 여지가 있으므로 상당한 이유 없이 사업자의 손해배상 범위를 제한하는 조항에 해당한다."
    ],
    "relateLaword": [
        "제7조(면책조항의 금지) \n계약 당사자의 책임에 관하여 정하고 있는 약관의 내용 중 다음 각 호의 어느 하나에 해당하는 내용을 정하고 있는 조항은 무효로 한다.\n2. 상당한 이유 없이 사업자의 손해배상 범위를 제한하거나 사업자가 부담하여야 할 위험을 고객에게 떠넘기는 조항"
    ],
    "unfavorableProvision": "2"
}