{
    "clauseField": "1",
    "ftcCnclsns": "1",
    "clauseArticle": [
        "  (000의 000 가맹계약서) \n제38조 경업금지\n을의 귀책사유에 따라 제36조에 의한 계약 해지로 계약이 종료되는 경우 을은 계약 해지일로부터 1년간 갑의 영업과 동종의 영업을 하지 않는다."
    ],
    "dvAntageous": "2",
    "illdcssBasiss": [
        "간단한 교육만으로 누구나 사업을 시작할 수 있다는 점, 영업상 비밀에 해당할 수 있는 소스 등은 이미 만들어진 상태로 가맹점에 제공된다는 점 등으로 미루어 볼 때, 가맹계약자가 가맹계약으로 인하여 어떤 특수한 영업상의 비밀이나 기술상의 핵심기술 등을 습득하였다고 보기는 어렵다. ",
        "계약이 종료한 후에까지 가맹점사업자의 동종 업종에 대한 경업을 금지하는 것은 가맹점사업자의 직업선택의 자유를 지나치게 침해하는 것이다.",
        "계약 종료 후까지 경업을 금지하는 위 약관조항의 밑줄친 부분은 고객에게 부당하게 불리한 조항이다"
    ],
    "relateLaword": [
        "제6조(일반원칙) \n② 약관의 내용 중 다음 각 호의 어느 하나에 해당하는 내용을 정하고 있는 조항은 공정성을 잃은 것으로 추정된다.\n1. 고객에게 부당하게 불리한 조항"
    ],
    "unfavorableProvision": "1"
}