{
    "clauseField": "2",
    "ftcCnclsns": "1",
    "clauseArticle": [
        "제4조(지체상금)\n제1항 생략\n제2항 갑 이 정한 입주예정기간이  갑 의 귀책사유가 아닌 천재지변, 행정명령, 관계법령의 제정·개정, 000의 기반시설공사지연과 노사분규(연관업체 포함) 기타 불가항력으로 지연될 경우에는  갑 은 이를 통보하여야 하며, \n 을 은 이에 대하여 제1항에서의 지체상금을 요구하거나 하등의 이의를 제기하지 못한다. "
    ],
    "dvAntageous": "2",
    "illdcssBasiss": [
        "실제 분양사업을 수행하는데 지장을 주지 않는 노동쟁의 조정기간이나 파업 이전단계도 매수인에게 노사분규 중이라고 표현되어 인도지연 면책사유로 남용될 우려가 있고, 나아가 위법한 사업자의 직장폐쇄로 인하여 유발된 노사분규까지도 노동쟁의의 정도나 범위, 정당성 유무를 떠나 인도지연 면책사유로 남용될 소지가 있다. ",
        "개념과 범위가 불명확한 사유들을 인도지연 면책사유로 규정하면서도 이에 대하여 고객의 이의제기마저 금지하고 있다. \n약관조항은 사업자가 부담하여야 할 위험을 고객에게 이전시키는 조항이자 법률의 규정에 의한 고객의 항변권 등의 권리를 상당한 이유 없이 배제 또는 제한하는 조항이다. "
    ],
    "relateLaword": [
        "제7조(면책조항의 금지) \n계약 당사자의 책임에 관하여 정하고 있는 약관의 내용 중 다음 각 호의 어느 하나에 해당하는 내용을 정하고 있는 조항은 무효로 한다.\n2. 상당한 이유 없이 사업자의 손해배상 범위를 제한하거나 사업자가 부담하여야 할 위험을 고객에게 떠넘기는 조항"
    ],
    "unfavorableProvision": "2"
}