{
    "clauseField": "2",
    "ftcCnclsns": "1",
    "clauseArticle": [
        "제5조(기타사항)\n 을  다음 각 항에서 규정한 사항을 분명히 인지하였음을 확인하고, 향후 어떠한 이의도 제기하지 아니한다. "
    ],
    "dvAntageous": "2",
    "illdcssBasiss": [
        "약관조항은 고객이 계약에 대하여 향후 어떠한 이의도 제기하지 못하도록 정하고 있다.\n고객에 대하여 부당하게 불리한 조항이자, 법률의 규정에 의한 고객의 항변권, 상계권 등의 권리를 상당한 이유 없이 배제 또는 제한하는 조항이다.  "
    ],
    "relateLaword": [
        "제6조(일반원칙)\n② 약관의 내용 중 다음 각 호의 어느 하나에 해당하는 내용을 정하고 있는 조항은 공정성을 잃은 것으로 추정된다.\n1. 고객에게 부당하게 불리한 조항"
    ],
    "unfavorableProvision": "1"
}