{
    "clauseField": "1",
    "ftcCnclsns": "1",
    "clauseArticle": [
        "  (000의 000 가맹계약서) \n제33조 기타합의사항\n제1항 을은 갑이 장래에 이 계약의 전부 또는 일부를 갑의 관계회사 또는 제3자에게 양도하는 일이 있을 수 있다는 사실을 미리 승낙하기로 한다."
    ],
    "dvAntageous": "2",
    "illdcssBasiss": [
        "통설 및 판례에 의하면 계약인수가 유효하기 위해서는 양도인과 양수인 및 잔류당사자의 동시적인 합의 또는 3인 중 2인의 합의와 나머지 관련자의 동의 내지 승낙에 의해 이루어져야 한다.",
        "가맹본부는 계약 당사자를 양수인으로 변경하기 전에 가맹점사업자의 동의 또는 승낙을 얻는 것이 타당하다.",
        "피심인이 가맹점사업자의 동의 없이 계약당사자의 지위를 양수인에게 이전할 수 있도록 규정한 당해 약관조항이다."
    ],
    "relateLaword": [
        "제12조(의사표시의 의제) \n의사표시에 관하여 정하고 있는 약관의 내용 중 다음 각 호의 어느 하나에 해당하는 내용을 정하고 있는 조항은 무효로 한다.\n3. 고객의 이익에 중대한 영향을 미치는 사업자의 의사표시가 상당한 이유 없이 고객에게 도달된 것으로 보는 조항"
    ],
    "unfavorableProvision": "2"
}