{
    "clauseField": "5",
    "ftcCnclsns": "1",
    "clauseArticle": [
        "제42조(제소전화해)\n1. 홈플러스와 임차인은 이 계약의 이행을 위하여 별도의 제소전화해 조서를 작성하고 쌍방 이를 확인한 다음 제소전 화해를 체결하기로 한다."
    ],
    "dvAntageous": "2",
    "illdcssBasiss": [
        "개별약정 또는 특약 방식이 아니라 모든 계약에 대하여 제소전화해를 체결하도록 하는 약관조항은 임차인에게 제소전화해에 대한 동의를 사실상 강제하는 것이므로 임차인에게 부당하게 불리하게 소제기를 금지하는 조항에 해당한다.\n"
    ],
    "relateLaword": [
        "제14조(소송 제기의 금지 등) \n소송 제기 등과 관련된 약관의 내용 중 다음 각 호의 어느 하나에 해당하는 조항은 무효로 한다.\n1. 고객에게 부당하게 불리한 소송 제기 금지 조항 또는 재판관할의 합의 조항",
        "제6조(일반원칙) \n② 약관의 내용 중 다음 각 호의 어느 하나에 해당하는 내용을 정하고 있는 조항은 공정성을 잃은 것으로 추정된다.\n1. 고객에게 부당하게 불리한 조항"
    ],
    "unfavorableProvision": "1"
}