{
    "clauseField": "1",
    "ftcCnclsns": "1",
    "clauseArticle": [
        "제10조(가맹금 및 수수료), 금액은 모두 부가세별도\n제4항 결제방법 : 을은 고정수수료 및 기타 요금을 갑에게 익월 10일까지 결제한다."
    ],
    "dvAntageous": "2",
    "illdcssBasiss": [
        "물품대금을 현금으로 지급토록 강제하는 당해 약관조항은 고객에게 부당하게 불리한 약관조항이다."
    ],
    "relateLaword": [
        "제6조(일반원칙) \n② 약관의 내용 중 다음 각 호의 어느 하나에 해당하는 내용을 정하고 있는 조항은 공정성을 잃은 것으로 추정된다.\n1. 고객에게 부당하게 불리한 조항"
    ],
    "unfavorableProvision": "1"
}