{
    "clauseField": "2",
    "ftcCnclsns": "1",
    "clauseArticle": [
        "제6조(상품대금의 결제)                                                                                     \n제4항 도매점이 본 조 제1항의 약정에도 불구하고 상품대금의 변제를 지체하였을 경우 해당 지체일로부터 매일 총 금액의 3/1000에 해당하는 지체상금을 부담하며, 회사는 도매점에 대한 상품공급을 중지할 수 있다. 이 경우에도 도매점의 지체상금 부담의무는 면책되지 아니한다.  "
    ],
    "dvAntageous": "2",
    "illdcssBasiss": [
        "사업자는 관련법령 및 거래관행 등 제반사정을 고려하여 약관으로 금전채무불이행에 대한 연체이율을 예정할 수 있다. 다만, 그 연체이율의 수준이 법령의 제한을 넘어서거나 거래관행 등에 비추어 지나치게 고율일 경우 고객에게 부당하게 과중한 지연배상의무를 지우는 불공정한 조항이 된다.",
        "해당조항은 도매점의 상품대금 결제의무불이행에 대하여 지나치게 고율의 지체상금을 예정하고 있다."
    ],
    "relateLaword": [
        "제8조(손해배상액의 예정) \n고객에게 부당하게 과중한 지연 손해금 등의 손해배상 의무를 부담시키는 약관 조항은 무효로 한다."
    ],
    "unfavorableProvision": "2"
}