{
    "clauseField": "5",
    "ftcCnclsns": "1",
    "clauseArticle": [
        "제5조\n임차인은 본 임차권을 저당하거나, 양도하거나, 전대할 경우 또는 어떠한 명목이든 사실상 이와 같은 결과를 낳은 행위를 할 때에는 본 계약은 무조건 즉시 해지된다.",
        "제6조\n임차인은 임차부분이외 간판 등 건물 외벽에 부착한 설치물은 관계기관 허가규격에 맞게 제작하여 임대인의 양해서면을 받고 지정된 장소에 부착한다. 만약 이를 불이행하고 임차인이 자의적으로 시행할 경우는 본 계약은 즉시 무조건 해지된다.",
        "제7조 \n임차인은 임차목적물을 목적 이외의 용도로 사용할 수 없으며, 만약 이와 같은 경우가 발생하면 즉시 본 계약은 무조건 해지된다.",
        "제8조\n임차인은 임대인이 임대차계약 발효 1년 후 건물을 개수하던가 매도 등으로 인하여 임대차 관계를 유지하지 못할 경우에는 즉시 본 계약은 무조건 해지된다."
    ],
    "dvAntageous": "2",
    "illdcssBasiss": [
        "해당 약관조항은 임차인에게 최고절차 없이 계약을 해지할 수 있도록 규정함으로써 해지권의 행사요건을 완화하여 고객에게 부당하게 불이익을 줄 우려가 있다."
    ],
    "relateLaword": [
        "제9조(계약의 해제,해지) \n계약의 해제,해지에 관하여 정하고 있는 약관의 내용 중 다음 각 호의 어느 하나에 해당되는 내용을 정하고 있는 조항은 무효로 한다.\n3. 법률에 따른 사업자의 해제권 또는 해지권의 행사 요건을 완화하여 고객에게 부당하게 불이익을 줄 우려가 있는 조항"
    ],
    "unfavorableProvision": "2"
}