{
    "clauseField": "2",
    "ftcCnclsns": "1",
    "clauseArticle": [
        "제3조 (입주의 제한)\n을은 상기 별도품목에 대한 대금을 입주 전에 완납하여야 하며, 별도품목 분양대금을 미완납시 입주가 제한된다."
    ],
    "dvAntageous": "2",
    "illdcssBasiss": [
        "아파트 옵션상품 공급계약에 기한 고객의 대금지급의무와 동시이행의 관계에 있는 사업자의 의무는 사업자의 아파트 옵션상품 설치 및 공급 의무에 한하고 사업자의 아파트 인도의무는 이에 포함되지 아니한다.",
        "고객이 아파트 옵션상품 대금을 미납하였다 하더라도 사업자가 동시이행항변권 행사의 일환으로 이행을 거절할 수 있는 권능의 범위는 옵션상품의 설치 및 인도와 관련된 의무에 국한될 뿐 고객의 아파트 입주 자체를 거부할 수는 없다."
    ],
    "relateLaword": [
        "제6조(일반원칙)\n② 약관의 내용 중 다음 각 호의 어느 하나에 해당하는 내용을 정하고 있는 조항은 공정성을 잃은 것으로 추정된다.\n1. 고객에게 부당하게 불리한 조항"
    ],
    "unfavorableProvision": "1"
}