{
    "clauseField": "2",
    "ftcCnclsns": "1",
    "clauseArticle": [
        "제4조 (계약의 해제 및 변경 제한)\n본 계약은 분양계약에 부수되는 마감공사 관련으로 소요자재를 선발주하여 미리 확보하여야 하고, 특히 계약 이후에는 계약 해제, 변경시 원상회복, 변경공사 비용 등이 추가로 발생하는 계약의 특수성으로 인하여 계약을 해제 또는 변경할 수 없다. ",
        "단, 을이 부득이한 사유로 갑의 사전 승인이 있는 경우 계약을 해제 또는 변경 할 수 있되, 계약이 해제될 경우 별도품목 대금의 10%는 위약금으로 갑에게 귀속되고, 또한 갑의 실손해금액이 위약금을 초과하는 경우 을은 초과한 실 손해금액을 추가로 부담하여야 한다. 이 경우 을이 갑에게 기납부한 금액이 있을 경우 갑은 그 해당금액을 기납입한 금액에서 공제할 수 있다. 이와 별도로 을은 원상회복에 필요한 일체의 비용을 부담하여야 한다."
    ],
    "dvAntageous": "2",
    "illdcssBasiss": [
        "피심인들의 현행 약관조항은 지나치게 사업자의 이익만을 고려한 채 손해배상예정제도의 취지와 거래관행에 반하여 고객에게 과중한 손해배상의무를 부담시키고 있다.",
        "약관 조항은 고객에게 부당하게 과중한 손해배상의무를 부담시키고 고객에게 부당하게 불리한 약관조항이다"
    ],
    "relateLaword": [
        "제8조(손해배상액의 예정) \n고객에게 부당하게 과중한 지연 손해금 등의 손해배상 의무를 부담시키는 약관 조항은 무효로 한다."
    ],
    "unfavorableProvision": "2"
}