{
    "clauseField": "3",
    "ftcCnclsns": "1",
    "clauseArticle": [
        "제6조(계약의 해제등)\n제2항. 상기 어떠한 경우에도 계약해제시에는 규정 계약금은(분양총액의 20퍼센트) 갑에게 귀속되며 을은 분양금 전액이 완납되기 전까지는 점포 소유권이 갑에게 있음을 인정한다."
    ],
    "dvAntageous": "2",
    "illdcssBasiss": [
        "해약시 분양대금의 20퍼센트를 위약금으로 하고 있는 현행 약관은 통상의 손해를 과도하게 초과하고 있는 것으로 고객에 대하여 부당하게 과중한 손해배상의무를 부담시키는 조항이다."
    ],
    "relateLaword": [
        "제8조(손해배상액의 예정) \n고객에게 부당하게 과중한 지연 손해금 등의 손해배상 의무를 부담시키는 약관 조항은 무효로 한다."
    ],
    "unfavorableProvision": "2"
}