{
    "clauseField": "3",
    "ftcCnclsns": "1",
    "clauseArticle": [
        "제 5 조 (개발비의 사용)\n제1조의 분양대금에는 구좌당 개발비 오천만원이 포함되어 있으며, 갑이 건축공사, 인테리어공사, 광고비 및 상가활성화를 위한 운영경비 등으로 개발비를 사용함에 있어 을은 이에 대한 모든 권한을 갑에게 위임하고 이에 대한 어떠한 민, 형사상의 이의도 제기하지 않기로 합의하고 계약을 체결한다."
    ],
    "dvAntageous": "2",
    "illdcssBasiss": [
        "개발비는 광고비, 인테리어공사비 등 상권활성화를 위해 사용하는 경비로 명시되어 있으나, 사업자 임의로 다른 용도로 개발비를 사용할 경우에도 그에 대한 일체의 이의제기를 금지하고 있는 바, 이는 고객에 대하여 부당하게 불리한 조항이다."
    ],
    "relateLaword": [
        "제6조(일반원칙)\n② 약관의 내용 중 다음 각 호의 어느 하나에 해당하는 내용을 정하고 있는 조항은 공정성을 잃은 것으로 추정된다.\n1. 고객에게 부당하게 불리한 조항"
    ],
    "unfavorableProvision": "1"
}