{
    "clauseField": "3",
    "ftcCnclsns": "1",
    "clauseArticle": [
        "제12조(기타)\n제4항. 본 계약과 관련하여 분쟁이 발생할 경우 관할법원은 갑의 주소지 관할법원으로 한다."
    ],
    "dvAntageous": "2",
    "illdcssBasiss": [
        "갑의 주소지 관할법원을 관할로 함으로써 피고의 주소지소재 관할법원에 관할권을 부여하는 것이 원칙인 민사소송법의 규정보다 고객에게 소제기 및 응소상의 불편을 초래할 우려가 있는 바, 이는 고객에 대하여 부당하게 불리한 재판관할의 합의조항이다."
    ],
    "relateLaword": [
        "14조(소송 제기의 금지 등) \n소송 제기 등과 관련된 약관의 내용 중 다음 각 호의 어느 하나에 해당하는 조항은 무효로 한다."
    ],
    "unfavorableProvision": "2"
}