{
    "clauseField": "1",
    "ftcCnclsns": "1",
    "clauseArticle": [
        " (000)\n제47조(영업의 양도 등)\n제1항 본 계약을 체결한 날로부터 12개월이 경과하기 이전에는 갑이 본 조 제1항의 동의를 거절함에 사유를 필요로 하지 않고, 이후에는 을의 본 계약 위반 또는 그 외 합리적인 사유가 있는 경우에만 동의를 거절할 수 있으며, 이 경우 갑은 사유를 구체적으로 명시하여 을에게 통지하기로 한다."
    ],
    "dvAntageous": "2",
    "illdcssBasiss": [
        "피심인은 정당한 사유 없이도 양도를 거절할 수 있어서 사실상 12개월 전에는 양도를 금지하는 효과가 있어 가맹점사업자에게 부당하게 불리하다. ",
        "영업양도를 거부할 수 있거나 금지하고 있는 당해 약관조항은 가맹점사업자에게 부당하게 불리하므로 약관법 제6조 제2항 제1호에 해당할 여지가 있다"
    ],
    "relateLaword": [
        "제7조(면책조항의 금지) \n계약 당사자의 책임에 관하여 정하고 있는 약관의 내용 중 다음 각 호의 어느 하나에 해당하는 내용을 정하고 있는 조항은 무효로 한다.\n1. 사업자, 이행 보조자 또는 피고용자의 고의 또는 중대한 과실로 인한 법률상의 책임을 배제하는 조항"
    ],
    "unfavorableProvision": "2"
}