{
    "clauseField": "3",
    "ftcCnclsns": "1",
    "clauseArticle": [
        "제21조(관할법원)\n본 계약에 관한 모든 소송은 갑의 소재지를 관할하는 법원으로 한다.\n"
    ],
    "dvAntageous": "2",
    "illdcssBasiss": [
        "당사자간의 개별적이고 명백한 약정에 의한 재판관할의 합의는 부당하다고 할 수는 없으나 현행 약관조항은 고객과의 진정한 합의가 아니라 사업자가 일방적으로 정한 약관의 형식에 의해 재판관할을 정하고 있으며, 갑의 소재지 관할법원을 재판관할로 함으로써 피고의 주소지 소재 관할법원에 관할권을 부여하는 것이 원칙인 민사소송법의 규정보다 고객에게 소제기 및 응소상의 불편을 초래할 우려가 있는 바, 이는 고객에 대하여 부당하게 불리한 재판관할의 합의조항이다."
    ],
    "relateLaword": [
        "제14조(소송 제기의 금지 등) \n소송 제기 등과 관련된 약관의 내용 중 다음 각 호의 어느 하나에 해당하는 조항은 무효로 한다."
    ],
    "unfavorableProvision": "2"
}