{
    "clauseField": "1",
    "ftcCnclsns": "1",
    "clauseArticle": [
        "제4조(계약당사자의 독립)\n제2항 을은 을의 책임과 부담으로  000점을 경영하며, 고객과의 분쟁에 대해서도  을이 을의 책임과 부담으로 이것을 해결하기로 한다."
    ],
    "dvAntageous": "2",
    "illdcssBasiss": [
        "프랜차이즈(도소매업) 표준계약서 제26조 제4항도 ‘가맹본부는 그의 상표를 사용하여 공급한 상품 등의 하자로 인하여 소비자 등 제3자가 입은 손해에 대하여 책임이 있다.’고 규정하고 있다.",
        "고객과의 분쟁의 원인이 무엇인지와 관계없이 가맹점사업자에게 모든 책임을 부담시키고 있으므로 “상당한 이유 없이 사업자가 부담하여야 할 위험을 고객에게 이전시키는 조항이다"
    ],
    "relateLaword": [
        "제7조(면책조항의 금지) \n계약 당사자의 책임에 관하여 정하고 있는 약관의 내용 중 다음 각 호의 어느 하나에 해당하는 내용을 정하고 있는 조항은 무효로 한다.\n1. 사업자, 이행 보조자 또는 피고용자의 고의 또는 중대한 과실로 인한 법률상의 책임을 배제하는 조항"
    ],
    "unfavorableProvision": "2"
}