{
    "clauseField": "3",
    "ftcCnclsns": "1",
    "clauseArticle": [
        "제11조(사후관리)\n제1항. 건물 준공후의 관리는 잔금 납부와 동시에 갑이 지정한 관리업체의 규정에 따라 관리계약을 별도로 체결하며 그 관리기간은 사용검사 후 10년으로 한다.\n제2항. 을 또는 을의 지정인은 입실시 관리예치금 일금 오십만원정을 갑 또는 갑이 지정한 관리인에게 예치한 후 입실하여야 한다."
    ],
    "dvAntageous": "2",
    "illdcssBasiss": [
        "피청구인이 일방적으로 관리업체를 지정하며 구분소유자는 이 관리업체가 정한 제반 관리규정을 준수하도록 하여 구분소유자로서 관리단을 구성할 권리 및 건물의 유지 및 관리를 위해 필요한 업무를 수행할 자를 지정할 수 있는 권리를 침해하고 있는 바,이는 법률의 규정에 의한 고객의 권리를 상당한 이유 없이 배제 또는 제한하는 조항이자 고객이 제3자와 계약을 체결하는 것을 부당하게 제한하는 조항이다."
    ],
    "relateLaword": [
        "제11조(고객의 권익 보호) \n고객의 권익에 관하여 정하고 있는 약관의 내용 중 다음 각 호의 어느 하나에 해당하는 내용을 정하고 있는 조항은 무효로 한다.\n1. 법률에 따른 고객의 항변권, 상계권 등의 권리를 상당한 이유 없이 배제하거나 제한하는 조항"
    ],
    "unfavorableProvision": "2"
}