{
    "clauseField": "3",
    "ftcCnclsns": "1",
    "clauseArticle": [
        "제3조(위약금)\n제2조 제1항 각호의 사유로 본 계약이 해제된 때에는 공급가액 총액의 10퍼센트는 위약금(이는 위약벌로써 손해배상청구와는 별도임)으로 갑 및 병에게 귀속된다."
    ],
    "dvAntageous": "2",
    "illdcssBasiss": [
        "분양대금의 10퍼센트를 위약벌로 정함으로써, 사업자로 하여금 별도의 손해배상청구가 가능하도록 하고 있는 바, 이는 고객에게 부당하게 과중한 지연 손해금 등의 손해배상 의무를 부담시키는 약관 조항이다."
    ],
    "relateLaword": [
        "제8조(손해배상액의 예정) \n고객에게 부당하게 과중한 지연 손해금 등의 손해배상 의무를 부담시키는 약관 조항은 무효로 한다."
    ],
    "unfavorableProvision": "2"
}