{
    "clauseField": "3",
    "ftcCnclsns": "1",
    "clauseArticle": [
        "제13조 (관리계약의 체결)\n제1항. 을은 잔금납부시 본 계약에 따라 분양건물 및 사용물건의 사용관리에 관한 세부사항을 규정하는 별도의 관리계약을 갑또는 갑이 지정하는 관리자와 체결하고 관리계약을 준수하여야 한다.\n제2항. 위 관리계약은 본 계약의 일부를 구성하는 것이며 을이 관리계약을 체결하지 않을 경우 분양물건에 입주할 의사가 없는 것으로 간주한다.",
        "제3항. 분양물건에 대한 관리운영에 대하여는 갑이 별도로 정하는 00000관리규정에 정하는 바에 따른다."
    ],
    "dvAntageous": "2",
    "illdcssBasiss": [
        "수분양자로 하여금 사업자 또는 사업자가 지정한 관리회사와 상가 관리계약을 체결하도록 하고, 동 관리계약을 체결하지 않은 경우 입주를 제한하고 있으며, 사업자가 정하는 관리규정을 일방적으로 따르도록 규정하고 있다. 그러므로 위 조항은 법률의 규정에 의한 고객의 권리를 상당한 이유 없이 배제 또는 제한하는 조항이다."
    ],
    "relateLaword": [
        "제11조(고객의 권익 보호) \n고객의 권익에 관하여 정하고 있는 약관의 내용 중 다음 각 호의 어느 하나에 해당하는 내용을 정하고 있는 조항은 무효로 한다.\n1. 법률에 따른 고객의 항변권, 상계권 등의 권리를 상당한 이유 없이 배제하거나 제한하는 조항"
    ],
    "unfavorableProvision": "2"
}