{
    "clauseField": "5",
    "ftcCnclsns": "1",
    "clauseArticle": [
        "제1조(임대보증금과 월임대료등의 납부)\n제3항 갑은 을이 위 보증금을 제때에 납입하지 않을때는 최고없이 바로 이계약을 해지할 수 있다."
    ],
    "dvAntageous": "2",
    "illdcssBasiss": [
        "통상의 채무에 관해서는 이행지체만으로 해제권이 발생하지 않고, 그밖에 상당한 기간을 정하여 이행을 최고하여도 그 기간내에 이행하지 아니한 때에 비로소 해제할수 있음에도 불구하고 최고없이 계약을 해제할 수 있도록 규정하여 법률의 규정에 의한 해제권의 행사요건을 완하하여 고객에 대하여 부당하게 불이익을 줄 우려가 있는 조항이다. "
    ],
    "relateLaword": [
        "제9조(계약의 해제,해지) \n계약의 해제,해지에 관하여 정하고 있는 약관의 내용 중 다음 각 호의 어느 하나에 해당되는 내용을 정하고 있는 조항은 무효로 한다.\n2. 사업자에게 법률에서 규정하고 있지 아니하는 해제권 또는 해지권을 부여하여 고객에게 부당하게 불이익을 줄 우려가 있는 조항"
    ],
    "unfavorableProvision": "2"
}