{
    "clauseField": "1",
    "ftcCnclsns": "1",
    "clauseArticle": [
        "제43조(실지재고조사의 확정)\n제4항 재차의 실지재고조사를 실시할 경우에 실지재고조사비용은  을 이 부담하는 것으로 한다. "
    ],
    "dvAntageous": "2",
    "illdcssBasiss": [
        "해당조항은 재조사비용을 일률적으로 가맹점사업자에게 부담시키고 있으며, 계약 종료시 실시되는 최종 재고조사의 경우에도 책임의 귀속주체를 고려하지 않고 가맹점사업자에게 일방적으로 조사비용을 부담시키고 있어 가맹점사업자에게 부당하게 불리하다. ",
        "최종 재고조사에서 파악된 재고수량을 가맹본부가 판단하여 타당한 가격으로 산출하도록 하는 것은 편의점의 모든 물품이 정찰제로 계산되는 점에 비추어 타당하지 않고, 가맹본부의 자의적 판단에 따라 재고가치가 달라질 우려가 크므로 불공정하다."
    ],
    "relateLaword": [
        "제6조(일반원칙)\n② 약관의 내용 중 다음 각 호의 어느 하나에 해당하는 내용을 정하고 있는 조항은 공정성을 잃은 것으로 추정된다.\n1. 고객에게 부당하게 불리한 조항"
    ],
    "unfavorableProvision": "1"
}