{
    "clauseField": "3",
    "ftcCnclsns": "1",
    "clauseArticle": [
        "제5조(계약해제)\n제1항. 갑와 을은 본 계약에서 정하는 사항을 위반하거나 아래 각 호에 해당하는 행위를 하였을 경우에는 상호 상당한 기간을 정하여 이행의 최고를 한 후 그 이행이 없을 경우 본 계약을 해제할 수 있다.",
        "제1항 제1호. 중도금을 납부기일로부터 1개월 이상 납부치 않았을 때 14일 이상의 유예기간을 정하여 최고하여도 납부하지 아니한 때\n제1항 제2호. 잔금을 약정일로부터 3개월 이내에 납부하지 아니하였을 때다.\n제1항 제3호. 을이 잔금 납부 전에 갑의 승인없이 사실상의 양도, 임대, 담보설정,기타 제한물권을 설정하였을 때 ",
        "제2항. 을은 계약 기간 중 갑이 화의, 회사정리, 파산의 개시로 인하여 더 이상 계약이행이 불가능하게 된 때에는 계속적인 사업의 진행을 위하여 사업자로서의 권리와 의무는 제3자 등에게 이전될 수 있으며, 이에 대하여 을은 이의를 제기하지 않는다.\n제3항. 상기 사유로 이 계약이 해제된 때에는 기납부한 계약금은 위약금으로 갑에게 귀속된다."
    ],
    "dvAntageous": "2",
    "illdcssBasiss": [
        "고객의 사유로 인한 계약해제 시 임대분양대금의 20퍼센트에 해당하는 계약금을 위약금으로 하는 것은 고객에게 과중한 손해배상의무를 부담시키는 조항이다."
    ],
    "relateLaword": [
        "제8조(손해배상액의 예정) \n고객에게 부당하게 과중한 지연 손해금 등의 손해배상 의무를 부담시키는 약관 조항은 무효로 한다."
    ],
    "unfavorableProvision": "2"
}