{
    "clauseField": "1",
    "ftcCnclsns": "1",
    "clauseArticle": [
        "제52조(해지에 따른 손해배상)\n제49조, 제50조, 제51조에 정한 바에 따라 본 계약이 해제된 경우는  갑 과  을 은 불이익보상(잔존기간에 대한 기회이익 포함)으로서 다음 각항에 정하는 금액을 상대방에게 지불하기로 한다.\n제1항 제49조, 제50조에 의한 합의 해지 및  갑 의 계약해지의 경우는 다음 각 호의 합계액을 손해배상금으로 한다.",
        "제1호  을 의 000의 최종 월을 제외한 직전 12개월분(영업기간이 이에 달하지 못한 경우에는 개점월 및 최종월을 제외한 영업기간분)을 평균한 매출총이익(이하  평균매출총이익 이라 한다.)의 3개월분 상당액과 잔여기간에 대하여 월평균매출총이익의 1%를 합산한 금액손해배상금 =  평균매출총이익 곱하기 3개월 +  평균매출총이익 곱하기 1퍼센트 곱하기 잔여기간(월)",
        "제2호 갑 이  을 의 000 점의 시설 인테리어 등에 투자한 취득가 기준에 의한 제반 비용\n",
        "제3호 장비 및 시설, 인테리어 철거비용 일체(실비정산)\n",
        "제4호  폐점수수료   500,000원(부가세 별도)"
    ],
    "dvAntageous": "2",
    "illdcssBasiss": [
        "손해배상의 예정을 약관으로 둘 경우에는 거래관행에 비추어 통상 예상되는 손해액 상당을 예정하여야 하며, 사업자가 일방적으로 부당하게 과다한 손해배상을 예정한 경우 해당조항이다."
    ],
    "relateLaword": [
        "약관법 제8조\n제8조(손해배상액의 예정)\n고객에게 부당하게 과중한 지연 손해금 등의 손해배상 의무를 부담시키는 약관 조항은 무효로 한다."
    ],
    "unfavorableProvision": "2"
}