{
    "clauseField": "3",
    "ftcCnclsns": "1",
    "clauseArticle": [
        "제4조 (계약의 해제 및 해지)\n갑은 을이 각 호에 해당하는 행위를 하였을 때는 계약이행 최고 후 그 이행이 없을 경우 본 계약을 해제 또는 해지할 수 있다. \n① 을이 본 계약 각 조의 소정의 의무사항을 이행하지 아니하였을 경우\n② 본 계약에 따른 권리의무를 임의로 타인에게 양도 및 승계하거나 제한물권의 목적으로하였을 경우\n③ 중도금 또는 잔금을 연체하여 갑이 14일 이상의 기간을 정하여 서면 등으로 1회 이상 최고하여도 납부하지 않은 경우",
        "④ 소유권이전 등기 전에 임의로 상가의 형상을 변경 증축 또는 훼손하거나 기타행위로  갑 에게 손해를 발생케 하였을 경우\n⑤ 계약 시 지정된 업종을 위반하여 개점을 하였을 경우\n⑥ 공유시설 또는 공유대지를 부당하게 점거 또는 점유하여 사용하였을 경우\n⑦ 을이 상당한 이유없이 입점 예정일내에 입점 개점하지 않을 경우\n⑧ 기타 관리상 갑또는 갑의 지정인 요구에 불응하거나 관리 규정에 위반하였을 경우\n⑨ 기타 상가 관련법규에 위배되는 행위를 하였을 경우"
    ],
    "dvAntageous": "2",
    "illdcssBasiss": [
        "계약을 존속하기 어려운 사유에 해당하지 않는 경미한 의무위반이나 갑의  불합리한 요구에 불응하는 등의 경우에도 계약을 해지할 수 있게 된다.  이는 사업자에게 법률에서 규정하고 있지 아니하는 해지권을 부여하여 고객인 수분양자에게 부당하게 불이익을 줄 우려가 있는 조항이다."
    ],
    "relateLaword": [
        "제9조(계약의 해제,해지) \n계약의 해제,해지에 관하여 정하고 있는 약관의 내용 중 다음 각 호의 어느 하나에 해당되는 내용을 정하고 있는 조항은 무효로 한다.\n2. 사업자에게 법률에서 규정하고 있지 아니하는 해제권 또는 해지권을 부여하여 고객에게 부당하게 불이익을 줄 우려가 있는 조항"
    ],
    "unfavorableProvision": "2"
}