{
    "clauseField": "1",
    "ftcCnclsns": "1",
    "clauseArticle": [
        "제7조(사업장 확보 및 유지)\n제2항 000 사업장의 표준화된 이미지와 시장환경변화에 대응하기 위해 필요(시설환경 표준 변경 등)시 갑은 을에게 시설 및 환경개선을 요구할 수 있으며, 을은 이에 적극 대응해야 한다. ",
        "제54조(계약의 갱신)\n제2항 하기 각 호의 사유가 발생하거나 발생할 우려가 있어 본 계약에 따른 가맹사업의 거래를 지속하기 어려운 경우 본 계약의 갱신을 거절할 수 있다.\n제3항 000 운영에 필요한 사항으로서 을이 본 계약 제2장 사업장 및 서비스수준 등에서 정한 사항을 이행하지 않거나 법령상 필요한 자격 면허 허가의 취득을 하지 못한 경우\n"
    ],
    "dvAntageous": "2",
    "illdcssBasiss": [
        "시설교체에 따른 비용 분담에 관한 협의 절차를 보장하거나 혹은 가맹본부의 지원 내역 등을 명확하게 나타내지도 않으면서, 계약갱신거절을 통해 사실상 시설교체를 강제하고 있는 피심인의 위 약관조항은 고객인 가맹점사업자에게 부당하다"
    ],
    "relateLaword": [
        "제6조(일반원칙)\n② 약관의 내용 중 다음 각 호의 어느 하나에 해당하는 내용을 정하고 있는 조항은 공정성을 잃은 것으로 추정된다.\n1. 고객에게 부당하게 불리한 조항"
    ],
    "unfavorableProvision": "1"
}