{
    "clauseField": "2",
    "ftcCnclsns": "1",
    "clauseArticle": [
        "(구매약정서)\n제8조\n본 약정체결 후 매장 실측 결과에 따라 설치될 세탁 건조 장비의 종류 및 수량에 변화가 생기는 경우 갑과 을은 협의하여 정식 계약에 이를 반영합니다. \n본 조에 규정된 변화의 내용은 갑의 귀책사유가 되지 아니하며 이를 이유로 본 약정의 해제 및 해지를 하는 경우, 을은 약정금의 반환을 청구할 수 없습니다. "
    ],
    "dvAntageous": "2",
    "illdcssBasiss": [
        "심사대상 약관조항은 사업자의 책임 있는 사유로 인하여 고객의 손해가 발생한 경우에는 사업자가 책임을 부담하여야 함에도 갑의 귀책사유가 되지 아니하며 라고 규정하여 자기의 책임이 일방적으로 면책되도록 규정하고 있다. ",
        "또한, 실측의 변경으로 계약이 해제 또는 해지하는 경우 귀책사유에 대한 따짐 없이 고객의 약정금 반환청구권 등을 제한하고 있어 계약의 해제 또는 해지로 인한 원상회복의무를 상당한 이유 없이 고객에게 과중하게 부담시키거나 고객의 원상회복 청구권을 부당하게 포기하도록 하는 조항이다."
    ],
    "relateLaword": [
        "제9조(계약의 해제,해지) \n계약의 해제,해지에 관하여 정하고 있는 약관의 내용 중 다음 각 호의 어느 하나에 해당되는 내용을 정하고 있는 조항은 무효로 한다.\n4. 계약의 해제 또는 해지로 인한 원상회복의무를 상당한 이유 없이 고객에게 과중하게 부담시키거나 고객의 원상회복 청구권을 부당하게 포기하도록 하는 조항"
    ],
    "unfavorableProvision": "2"
}