{
    "clauseField": "2",
    "ftcCnclsns": "1",
    "clauseArticle": [
        "(0000 공급계약서)\n제9조  계약해지\n갑은 다음의 경우에 일방적으로 본 계약을 해지할 수 있으며, 이 경우 갑은 을에게 상표 및 상호사용을 금할 수 있다.\n제1항 을이 인터넷 등 공중매체를 통하여 000 브랜드 이미지를  손상시킨 경우",
        "제2항 을이 갑에게 사전 통지 없이 을의 000 점포를 제3자에게 양도한 경우\n",
        "제3항 을이 업계의 질서를 교란한 경우\n",
        "제4항 을이 관리(청결) 등을 소홀히 하여 갑의 이미지를 손상시킨 경우\n",
        "제5항 을이 갑에게 사전 통지 없이 갑의 타 지점 점주들과 연대형성을 유도할 경우\n"
    ],
    "dvAntageous": "2",
    "illdcssBasiss": [
        "해당 약관조항은 임차인이 계약을 위반하는 경우 각 계약상 의무위반이 이 사건 임대차 계약을 존속시키기 어려운 상태를 초래하는지 여부에 관계없이 즉시 계약을 해지할 수 있도록 하고 있으므로 이는 임대인의  해지권을 부당하게 완화하여 최고 없이 계약해지를 할 수 있도록 함으로써 고객에게 부당하게 불이익을 주는 조항이다.",
        "피심인의 이용약관에는 지나치게 포괄적이고 불분명하게 규정되어 사업자가 자의적이고 일방적인 판단에 의하여 계약을 해지할 소지가 있는 바, 이는 사업자에게 법률에서 규정하고 있지 아니하는 해제권,해지권을 부여하거나 법률의 규정에 의한 해제권,해지권의 행사요건을 완화하여 고객에게 부당하게 불이익을 줄 우려가 있는 조항이다."
    ],
    "relateLaword": [
        "제9조(계약의 해제,해지)\n계약의 해제,해지에 관하여 정하고 있는 약관의 내용 중 다음 각 호의 어느 하나에 해당되는 내용을 정하고 있는 조항은 무효로 한다.\n3. 법률에 따른 사업자의 해제권 또는 해지권의 행사 요건을 완화하여 고객에게 부당하게 불이익을 줄 우려가 있는 조항",
        "제9조(계약의 해제,해지) \n계약의 해제,해지에 관하여 정하고 있는 약관의 내용 중 다음 각 호의 어느 하나에 해당되는 내용을 정하고 있는 조항은 무효로 한다.\n2. 사업자에게 법률에서 규정하고 있지 아니하는 해제권 또는 해지권을 부여하여 고객에게 부당하게 불이익을 줄 우려가 있는 조항"
    ],
    "unfavorableProvision": "2"
}