{
    "clauseField": "1",
    "ftcCnclsns": "1",
    "clauseArticle": [
        "제7조2(경업금지)\n제1항 000 가맹사업의 표준화된 브랜드 이미지 유지 및 고객만족도 제고를 위해 본 가맹계약기간 동안 을은 본 가맹사업과 유사한 업종의 사업을 경업하여서는 아니 된다.\n제2항 본 가맹사업과 유사한 업종이란 타이어 전문점, 보험연계 등 자동차 정비를 주사업으로하는 모든 것을 말하며, 이에 대한 판단 권한은 갑에게 있다. (별표 1. 경업 판단 기준)"
    ],
    "dvAntageous": "2",
    "illdcssBasiss": [
        "경업을 통한 영업비밀 유출이 발생하는 경우 부정경쟁방지 및 영업비밀보호에 관한 법률에 따라 해결할 수 있고, 고객의 개인정보를 부당하게 이용하여 가맹본부에게 손해를 끼친 경우 이를 청구할 수 있음에도 불구하고 범위가 모호한 유사한 업종에 대해서까지 경업금지의무를 부과하는것은 가맹점사업자의 권리를 과도하게 제약하는 것으로서 가맹점사업자에게 부당하게 불리한 조항이다."
    ],
    "relateLaword": [
        "제6조(일반원칙)\n② 약관의 내용 중 다음 각 호의 어느 하나에 해당하는 내용을 정하고 있는 조항은 공정성을 잃은 것으로 추정된다.\n1. 고객에게 부당하게 불리한 조항"
    ],
    "unfavorableProvision": "1"
}