{
    "clauseField": "5",
    "ftcCnclsns": "1",
    "clauseArticle": [
        "제3조(임대보증금)\n제6항 임대차기간의 만료로 계약이 종료되는 때에는 임대인은 임대차 물건 명도일로부터 1개월 이내에 임차인에게 임대보증금을 반환하며 제2조 제2항에 의하여 중도해약할 때에는 임대인은 임대차물건 명도일로부터 3개월 이내에 임차인에게 임대보증금을 반환한다."
    ],
    "dvAntageous": "2",
    "illdcssBasiss": [
        "임대차물건을 명도한 후 1개월 또는 3개월 이내에 임대보증금을 반환한다고 규정하고 있는 위 약관조항은 고객의 동시이행항변권을 상당한 이유없이 배제하는 조항이다.                          "
    ],
    "relateLaword": [
        "제11조(고객의 권익 보호)\n고객의 권익에 관하여 정하고 있는 약관의 내용 중 다음 각 호의 어느 하나에 해당하는 내용을 정하고 있는 조항은 무효로 한다.\n1. 법률에 따른 고객의 항변권, 상계권 등의 권리를 상당한 이유 없이 배제하거나 제한하는 조항"
    ],
    "unfavorableProvision": "2"
}