{
    "clauseField": "2",
    "ftcCnclsns": "1",
    "clauseArticle": [
        "제7조(소유권이전)                                                       \n제6항  계약시 체결된 공유면적은 공부상의 면적과  일치하여야 한다. 다만 법령에 따른 공부정리절차로 인한 차이등   갑 의  귀책사유가 아닌 부득이 한 사유로  인해 공급시 공용면적의 0.3%, 대지지분일 경우  2% 이내의 감 소는  분양가격에 영향을 미치지 않는다.                                  "
    ],
    "dvAntageous": "2",
    "illdcssBasiss": [
        "분양계약의 법적성질은 매매계약이라할  것이고 매매계약에 있어서는 민법 제570조 이하에서 매도인에게  대금감액청구권, 손해배상청구권, 계약해제권  등을 부여하고 있음에도 현행 약관조항은 부득이한 사유로 인해  공급시 공용면적의 0.3퍼센트, 대지지분일  경우 2퍼센트 이내의 감소는 분양가격에 영향을 미치지 않는다고 규정하여 위와 같이 분양예정면적과 공급면적의 차이가 적은 경우에는 담보책임에 따른 정산의 의사가 없음을 명시적으로 밝히고 있으나, ",
        "그 차이가  아무리 과소하다 하더라도 별도의 정산절차를 거쳐야 한다는 것이 사법의 기본정신 및 일반거래통념이다.",
        "위와 같이 그 차이가 근소한 경우에는 정산방법의 다양화(예컨대 노인정이나  놀이터를 만든다든지),또는 일반인이 납득할 수 있을 정도의 입주민 의사수렴절차를 마련해야지 막연히 공용 면적의 0.3퍼센트 대지지분의 2퍼센트의 오차는 거래계에서 말하는 소위 기술상의 한계오차로 불가피하다는 이유만으로 사업자 일방의 편익을 추구하는 현행약관조항은 상당한 이유없이 사업자의 담보책임을 제한하는 조항이다. "
    ],
    "relateLaword": [
        "제7조(면책조항의 금지) \n계약 당사자의 책임에 관하여 정하고 있는 약관의 내용 중 다음 각 호의 어느 하나에 해당하는 내용을 정하고 있는 조항은 무효로 한다.\n  3. 상당한 이유 없이 사업자의 담보책임을 배제 또는 제한하거나 그 담보책임에 따르는 고객의 권리행사의 요건을 가중하는 조항"
    ],
    "unfavorableProvision": "2"
}