{
    "clauseField": "2",
    "ftcCnclsns": "1",
    "clauseArticle": [
        "제15조(기타사항)                                                        \n제5항  본 계약에 관한 소송은  갑 의 본사 소재지 관할법원으로 한다. "
    ],
    "dvAntageous": "2",
    "illdcssBasiss": [
        "당사자 사이의 개별적이고 명백한 재판관할특약은 민사소송법상 허용되고 있으나 그렇지 아니한 일반거래약관속에 민사소송법상의 관할법원규정보다  고객에게 더 불리한 관할법원 조항을 포함시키는 것은 고객에게  응소상의 큰 불편을 초래할 우려가 있는 약관조항이다."
    ],
    "relateLaword": [
        "제14조(소송 제기의 금지 등) \n소송 제기 등과 관련된 약관의 내용 중 다음 각 호의 어느 하나에 해당하는 조항은 무효로 한다.\n1. 고객에게 부당하게 불리한 소송 제기 금지 조항 또는 재판관할의 합의 조항"
    ],
    "unfavorableProvision": "2"
}