{
    "clauseField": "5",
    "ftcCnclsns": "1",
    "clauseArticle": [
        "제4조(임대료)\n제1항 임대료는 본 계약의 잔금납부일까지 선납하는 5년간 장기임대료와 입점개시일 후부터 매월 납부하는 단기임대료로 구분한다. \n제2항 입점개시일후 매월 납부하는 단기임대료는 최초 2년간은 금(     )원(부가가치세별도)으로 한다. 단, 상가활성화 정도에 따라 입점개시후 2년후부터는 갑이 상가운영위원회와의 협의를 거쳐 매년 임대료를 인상할 수 있다."
    ],
    "dvAntageous": "2",
    "illdcssBasiss": [
        "위 약관 제4조제2항의 단서조항은 차임 등의 인상요인을 종합적으로 고려하지 않고 상가활성화정도에 따른다는 추상적이며 포괄적인 이유로 피심인이 상가운영위원회(입주후 임차인의 합의체로 구성되지 아니하고 피심인이나 피심인이 위임한 자가 일방적으로 구성한 상가운영위원회)와 협의하여 입점일로부터 2년후 매년 임대료를 인상 가능토록 하면서도 임차인 을의 차임감액청구권(예  IMF 경우)을 규정하지 아니하고 있는 바,",
        "이는 상당한 이유 없이 급부의 내용을 입점일로부터 2년후 매년 피심인측이 인상만 할 수 있도록 권한을 부여하는 조항이다. "
    ],
    "relateLaword": [
        "제10조(채무의 이행) \n채무의 이행에 관하여 정하고 있는 약관의 내용 중 다음 각 호의 어느 하나에 해당하는 내용을 정하고 있는 조항은 무효로 한다.\n1. 상당한 이유 없이 급부의 내용을 사업자가 일방적으로 결정하거나 변경할 수 있도록 권한을 부여하는 조항"
    ],
    "unfavorableProvision": "2"
}