{
    "clauseField": "1",
    "ftcCnclsns": "1",
    "clauseArticle": [
        "제16조(제품 공급 및 대금결제 등)\n제3항 갑은 을의 주문 제품을 공급할 때 물류의 효율화를 위하여 적정금액 (20만원  회) 이상이 되었을 때 공급하는 것을 원칙으로 하며, 을의 주문을 접수한 날로부터 7일 이내 제품 공급을 원칙으로 한다. (이하 생략)"
    ],
    "dvAntageous": "2",
    "illdcssBasiss": [
        "피심인은 단순히 물류의 효율화를 이유로 일정 금액 이상의 물품을 구입하도록 강제하고 있어 경우에 따라서는 가맹점사업자는 자신의 가맹점 경영에 필요한 양을 넘는 상품 또는 원재료를 구입하여야 할 가능성이 있다. \n",
        "고객인 가맹점사업자에게 부당하게 불리한 조항이다."
    ],
    "relateLaword": [
        "제6조(일반원칙)\n② 약관의 내용 중 다음 각 호의 어느 하나에 해당하는 내용을 정하고 있는 조항은 공정성을 잃은 것으로 추정된다.\n1. 고객에게 부당하게 불리한 조항"
    ],
    "unfavorableProvision": "1"
}