{
    "clauseField": "2",
    "ftcCnclsns": "1",
    "clauseArticle": [
        "제1조(품명 및 수량)\n3항 을은 다음의 각호의 경우를 감안하여 갑에게 공급하는 00000 총 수량을 증감할 수 있다.\n1호 을의 생산여건\n2호 국내수송여건  \n3호 시장여건 또는 공정거래유지\n4호 갑의 판매능력"
    ],
    "dvAntageous": "2",
    "illdcssBasiss": [
        "시멘트공급업자는 원자재의 품귀등 불가항력적이거나 합리적인 사유가 발생하였을 경우 당초 약정한 공급량보다 감량하여 공급하는 것은 허용될 수 있으나, 공급업자가 생산이나 수송여건이 늘어난다고 당초 약정한 물량 이상을 고객의 주문없이 임의로 공급할 수는 없는 바, 현행 약관조항에 의하면 시멘트공급업자인 피심인이 자신의 생산이나 수송여건에 따라 당초 약정한 물량보다 임의로 증량하여 공급할 수도 있으므로, 이는 고객에 대하여 부당하게 불리한 조항이다."
    ],
    "relateLaword": [
        "제6조(일반원칙)\n② 약관의 내용 중 다음 각 호의 어느 하나에 해당하는 내용을 정하고 있는 조항은 공정성을 잃은 것으로 추정된다.\n1. 고객에게 부당하게 불리한 조항"
    ],
    "unfavorableProvision": "1"
}