{
    "clauseField": "5",
    "ftcCnclsns": "1",
    "clauseArticle": [
        "제10조(을의 제세공과금 부담)\n제1항 을이 사용하는 면적(공용면적포함)과 을이 신설 또는 부설한 시설물, 설비 등에 부과되는 각종 조세, 공과금, 공공요금등은 허가의 신청 또는 신고명의 여하를 불구하고 을의 부담으로 한다.\n제2항 입점후 본 건물에 부과되는 각종 공과금 등 건물의 사용 및 관리유지에 소요되는 제부담금 등은 을이 부담하기로 한다."
    ],
    "dvAntageous": "2",
    "illdcssBasiss": [
        "각종 조세, 공과금, 공공요금 등을 허가의 신청 또는 신고명의 여하에 불구하고 입점일 전후 발생 여부와 무관하게 구분 없이 전부 임차인 을의 부담으로 하고 있는바, 이는 고객에 대하여 부당하게 불리한 조항이다."
    ],
    "relateLaword": [
        "제6조(일반원칙)\n② 약관의 내용 중 다음 각 호의 어느 하나에 해당하는 내용을 정하고 있는 조항은 공정성을 잃은 것으로 추정된다.\n1. 고객에게 부당하게 불리한 조항"
    ],
    "unfavorableProvision": "1"
}