{
    "clauseField": "1",
    "ftcCnclsns": "1",
    "clauseArticle": [
        "제29조(계약의 해석 및 합의법원)\n제2항 본 계약서와 관련하여 분쟁 발생시 1차적으로 당사자간의 합의에 노력을 하며 미합의 시 갑의 소재지 관할 법원을 제1심으로 하여 소송을 진행한다."
    ],
    "dvAntageous": "2",
    "illdcssBasiss": [
        "당사자 간의 재판관할 합의의유효성은 당사자 사이의 개별적이고 명백한 특약이 있는 경우에 한하고, 이러한 당사자 간의 합의가 성립하지 않은 경우에는 동법 제2조에 따라 피고의 주소지가 있는 곳의 법원이 관할법원이 된다.",
        "피심인의 약관조항은 가맹본부가 일방적으로 관할법원을 정하는 것으로서 가맹점사업자에게 응소상 불편을 제공하며, 경우에 따라서는 소제기 가능성 자체를 배제할 우려도 있는 바이다."
    ],
    "relateLaword": [
        "제14조(소송 제기의 금지 등)\n소송 제기 등과 관련된 약관의 내용 중 다음 각 호의 어느 하나에 해당하는 조항은 무효로 한다.\n1. 고객에게 부당하게 불리한 소송 제기 금지 조항 또는 재판관할의 합의 조항\n2. 상당한 이유 없이 고객에게 입증책임을 부담시키는 약관 조항"
    ],
    "unfavorableProvision": "2"
}