{
    "clauseField": "2",
    "ftcCnclsns": "1",
    "clauseArticle": [
        "제9조(계약의 해지)\n1항 을은 다음 각호의 경우 본 계약 기간중에 본 계약을 해지할 수 있으며, 을의 서면 통고일로부터 효력을 발생한다.",
        "제9조 \n1항 3호 갑의 판매실적이 저조하거나 판매능력이 미약하다고 판단될 때",
        "제9조 \n1항 4호 갑이 고의로 을의 명예를 훼손 또는 재산상 손해를 입혔다고 인정될 때",
        "제9조 \n1항 5호 갑이 시장질서를 교란시키거나 또는 을과 사전협의없이 을의 제품성가에 손상을 줄 수 있는 타사제품을 사용할 경우",
        "제9조 \n1항 6호 기타 위 각호에 준하는 갑의 행위가 있을 때"
    ],
    "dvAntageous": "2",
    "illdcssBasiss": [
        "현행 약관조항은 갑의 판매실적이 저조하거나 판매능력이 미약하다고 판단될 때, 재산상 손해를 입혔다고 인정될 때, 기타 위 각호에 준하는 갑의 행위가 있을 때 등 포괄적이고 불분명한 사유를 해지사유로 규정하여 사업자가 자의적으로 계약 해지권을 행사할 수 있도록 허용하고 있으므로, ",
        "이는 사업자에게 법률에서 규정하고 있지 아니하는 해제권,해지권을 부여하거나 법률의 규정에 의한 해제권,해지권의 행사요건을 완화하여 고객에 대하여 부당하게 불이익을 줄 우려가 있는 조항이다."
    ],
    "relateLaword": [
        "제9조(계약의 해제,해지) \n계약의 해제,해지에 관하여 정하고 있는 약관의 내용 중 다음 각 호의 어느 하나에 해당되는 내용을 정하고 있는 조항은 무효로 한다.\n  2. 사업자에게 법률에서 규정하고 있지 아니하는 해제권 또는 해지권을 부여하여 고객에게 부당하게 불이익을 줄 우려가 있는 조항"
    ],
    "unfavorableProvision": "2"
}