{
    "clauseField": "5",
    "ftcCnclsns": "1",
    "clauseArticle": [
        "제15조\n제7항 본 아파트의 분양전환시 당해 주택에 대한 갑의 보수ᆞ수선의 범위는 입주자모집당시 공 고한 내용에 따른다."
    ],
    "dvAntageous": "2",
    "illdcssBasiss": [
        "분양전환시 피심인의 보수책임을 외부도장에 한정하고 있으며, 그 외의 것에 대해서는 임차인 을의 귀책유무를 고려하지도 아니하면서 그 수선 등의 책임을 임차인 을에게 전가하고 있는 바, 이는 상당한 이유 없이 사업자가 부담하여야 할 위험을 고객에게 이전시키는 조항이다. "
    ],
    "relateLaword": [
        "제7조(면책조항의 금지) \n계약 당사자의 책임에 관하여 정하고 있는 약관의 내용 중 다음 각 호의 어느 하나에 해당하는 내용을 정하고 있는 조항은 무효로 한다.\n2. 상당한 이유 없이 사업자의 손해배상 범위를 제한하거나 사업자가 부담하여야 할 위험을 고객에게 떠넘기는 조항"
    ],
    "unfavorableProvision": "2"
}