{
    "clauseField": "1",
    "ftcCnclsns": "1",
    "clauseArticle": [
        "제26조(권리소멸)\n제2항 을은 전 항에 의거하여 가맹점 운영권이 소멸된 후에는 여하한 경우에도 가맹점과 동일 혹은 유사하여 혼동이 생길 수 있다고 생각되는 영업행위를 하여서는 아니된다. "
    ],
    "dvAntageous": "2",
    "illdcssBasiss": [
        "계약이 종료된 후 여하한 경우에도 가맹점사업자가 가맹점과 동일 혹은 유사하여 혼동이 생길 수 다고 생각되는 영업행위를 할 수 없다고 정한 위 경업금지규정은 그 기간과 지역범위에 대해 전혀 제한을 두지 않고 있으며, 업무범위도 동일 혹은 유사한 것으로서 지나치게 광범위하여 고객인 가맹점사업자에게 부당하게 불리한 것이다."
    ],
    "relateLaword": [
        "제6조(일반원칙)\n② 약관의 내용 중 다음 각 호의 어느 하나에 해당하는 내용을 정하고 있는 조항은 공정성을 잃은 것으로 추정된다.\n1. 고객에게 부당하게 불리한 조항"
    ],
    "unfavorableProvision": "1"
}