{
    "clauseField": "5",
    "ftcCnclsns": "1",
    "clauseArticle": [
        "제15조 (임대차 등기)\n을은 갑에 대하여 위 주택의 임대차 등기는 본 계약서외에 별도로 하지 아니한다."
    ],
    "dvAntageous": "2",
    "illdcssBasiss": [
        "개별약정이 아닌 약관의 형태로 법률규정보다 더 당사자에게 불리하게 정하고 있음은 법률의 규정에 의한 고객의 권리를 상당한 이유 없이 배제하는 약관조항이다."
    ],
    "relateLaword": [
        "제11조(고객의 권익 보호) \n고객의 권익에 관하여 정하고 있는 약관의 내용 중 다음 각 호의 어느 하나에 해당하는 내용을 정하고 있는 조항은 무효로 한다.\n1. 법률에 따른 고객의 항변권, 상계권 등의 권리를 상당한 이유 없이 배제하거나 제한하는 조항"
    ],
    "unfavorableProvision": "2"
}