{
    "clauseField": "5",
    "ftcCnclsns": "1",
    "clauseArticle": [
        "제3조(관리비등 제비용의 징수 승낙)\n월 일반관리비, 전기료, 수도료, 제세공과 손실청구금 등이 발생되었을 시 을은 납부하여야 하며 이를 위약 시 갑은 을의 보증금에서 상쇄하여도 을은 이의를 제기치 않는다."
    ],
    "dvAntageous": "2",
    "illdcssBasiss": [
        "일률적으로 임대인이 부담해야 될 제세공과금까지도 임차인에게 전가시키고 이에 대해 이의를 제기치 못하게 하는 현행 약관조항은 고객에게 부당하게 불리한 조항 및 법률의 규정에 의한 고객의 항변권 등의 권리를 상당한 이유없이 배제 또는 제한하는 조항이다."
    ],
    "relateLaword": [
        "제6조(일반원칙)\n② 약관의 내용 중 다음 각 호의 어느 하나에 해당하는 내용을 정하고 있는 조항은 공정성을 잃은 것으로 추정된다.\n1. 고객에게 부당하게 불리한 조항",
        "제11조(고객의 권익 보호) \n고객의 권익에 관하여 정하고 있는 약관의 내용 중 다음 각 호의 어느 하나에 해당하는 내용을 정하고 있는 조항은 무효로 한다.\n1. 법률에 따른 고객의 항변권, 상계권 등의 권리를 상당한 이유 없이 배제하거나 제한하는 조항"
    ],
    "unfavorableProvision": "1"
}