{
    "clauseField": "3",
    "ftcCnclsns": "1",
    "clauseArticle": [
        "제8조(시설물의 유지관리)\n갑은 단지 여건변동에 따른 필요한 경우 분양후라도 입주자의 동의없이 출입구의 위치등 단지배치상의 변경을 할 수 있으며, 을은 이에 대하여 손해배상의 청구, 기타 이의를 제기할 수 없다. "
    ],
    "dvAntageous": "2",
    "illdcssBasiss": [
        "상가분양계약에 있어서 상가 출입구의 위치 등은 고객이 당해상가를 선택하고 계약을 체결함에 있어 고려할 매우 중요한 사항인 바, 분양후에도 사업자가 고객의 동의없이 여건변동에 따른 필요한 경우라는 막연한 사유로 출입구 등을 임의로 변경할수 있도록 규정하였음은 고객에게 부당하게 불이익을 초래할 수 있는 조항일 뿐아니라,",
        "이를 변경할 경우에도 고객이 이의를 제기할 수 없게 한 것은 상당한 이유없이 사후에 급부의 내용을 사업자가 일방적으로 결정하거나 변경할 수 있도록 권한을 부여하는 조항이다."
    ],
    "relateLaword": [
        "제6조(일반원칙)\n② 약관의 내용 중 다음 각 호의 어느 하나에 해당하는 내용을 정하고 있는 조항은 공정성을 잃은 것으로 추정된다.\n1. 고객에게 부당하게 불리한 조항"
    ],
    "unfavorableProvision": "1"
}