{
    "clauseField": "3",
    "ftcCnclsns": "1",
    "clauseArticle": [
        "제10조(기타)\n공용면적 증감이나 공유대지면적의 증감으로 인하여 분양가격은 변동되지 않는다."
    ],
    "dvAntageous": "2",
    "illdcssBasiss": [
        "공용면적의 증감이나 공유대지면적의 증감에 따라 별도 정산없이 당초의 분양가격에 의하고 있어, 공급면적이 감소한 경우에도 고객이 이에 대하여 분양가격의 정산을 요구하거나 이의제기를 할수 없도록 하는것은 민법상 고객에게 인정되는 손해배상청구권, 대금감액청구권 등의 권리를 배제하는 것으로서 상당한 이유없이 사업자의 담보책임을 배제 또는 제한하는 조항일 뿐아니라, 급부의 내용인 공급면적을 사업자가 일방적으로 결정하거나 변경할 수 있도록 권한을 부여하는 조항이다"
    ],
    "relateLaword": [
        "제7조(면책조항의 금지) \n계약 당사자의 책임에 관하여 정하고 있는 약관의 내용 중 다음 각 호의 어느 하나에 해당하는 내용을 정하고 있는 조항은 무효로 한다.\n3. 상당한 이유 없이 사업자의 담보책임을 배제 또는 제한하거나 그 담보책임에 따르는 고객의 권리행사의 요건을 가중하는 조항"
    ],
    "unfavorableProvision": "2"
}