{
    "clauseField": "5",
    "ftcCnclsns": "1",
    "clauseArticle": [
        "제4조(특약사항)\n제1항 을은 갑에 대하여 이 계약서 표시 제2항의 임대보증금 이외에 을은 개발비용, 기타 청약금등 일체의 반환청구권이 없는 것으로 한다.\n제6조\n본 상가의 임대차계약 시 보증금(갑에 입금액) 이외의 금액(예:활성화비, , 알선수수료, 개발비등)에 대하여 본 계약만료 시 갑 혹은 신규입점자에게 반환을 요구할 수 없다."
    ],
    "dvAntageous": "2",
    "illdcssBasiss": [
        "임대인의 채무불이행으로 임대차 계약이 중도 해지되는 경우 및 상가시설의 활성․홍보 등을 위해 사용되지 아니한 경우에도 임차인은 개발비 등에 대한 반환청구를 할 수 없도록 규정하고 있는 바, 결국 위 조항은 임차인의 부당이득반환청구권 등의 권리를 정당한 이유 없이 배제 또는 제한하는 조항이다. "
    ],
    "relateLaword": [
        "제11조(고객의 권익 보호) \n고객의 권익에 관하여 정하고 있는 약관의 내용 중 다음 각 호의 어느 하나에 해당하는 내용을 정하고 있는 조항은 무효로 한다.\n1. 법률에 따른 고객의 항변권, 상계권 등의 권리를 상당한 이유 없이 배제하거나 제한하는 조항"
    ],
    "unfavorableProvision": "2"
}