{
    "clauseField": "3",
    "ftcCnclsns": "1",
    "clauseArticle": [
        "제8조제6항(계약의 해제)\n이 계약이 해제되었을 때에는 을은 표시주택에 대한 유익비 또는 필요비를 청구하지 아니한다."
    ],
    "dvAntageous": "2",
    "illdcssBasiss": [
        "점유물을 반환할 때에는 회복자에 대하여 점유물을 보존 또는 개량하기 위하여 지출한 필요비, 유익비의 반환을 청구할 수 있도록 하고 있음에 비추어 볼 때 필요비, 유익비의 반환을 청구할 수 없도록 하고 있는 현행 약관조항은 계약의 해제 또는 해지로 인한 사업자의 원상회복의무를 부당하게 경감하는 조항이다. "
    ],
    "relateLaword": [
        "제9조(계약의 해제,해지) \n계약의 해제,해지에 관하여 정하고 있는 약관의 내용 중 다음 각 호의 어느 하나에 해당되는 내용을 정하고 있는 조항은 무효로 한다.\n4. 계약의 해제 또는 해지로 인한 원상회복의무를 상당한 이유 없이 고객에게 과중하게 부담시키거나 고객의 원상회복 청구권을 부당하게 포기하도록 하는 조항"
    ],
    "unfavorableProvision": "2"
}