{
    "clauseField": "3",
    "ftcCnclsns": "1",
    "clauseArticle": [
        "제5조 (시설물의 유지 관리)\n갑은 단지 관리상 필요하다고 인정할 때에는 을에게 사전 통보후 출입구의 위치등 단지배치상의 변경이나 추가시설을 할 수 있다."
    ],
    "dvAntageous": "2",
    "illdcssBasiss": [
        "단지 출입구의 위치변경등은 고객의 이해관계에 크게 영향을 미치는 점을 감안하지 않을 수 없음에도  단지관리상 필요하다고 인정할 때 에는 언제든지 일방적으로 단지배치 등을 변경할 수 있게 함은 고객에게 불측의 손해를 입힐 수도 있는 바, 이러한 약관조항은 상당히 이유없이 급부의 내용을 사업자가 일방적으로 결정하거나 변경할 수 있도록 권한을 부여하는 조항이다."
    ],
    "relateLaword": [
        "제10조(채무의 이행) \n채무의 이행에 관하여 정하고 있는 약관의 내용 중 다음 각 호의 어느 하나에 해당하는 내용을 정하고 있는 조항은 무효로 한다.\n1. 상당한 이유 없이 급부의 내용을 사업자가 일방적으로 결정하거나 변경할 수 있도록 권한을 부여하는 조항"
    ],
    "unfavorableProvision": "2"
}