{
    "clauseField": "3",
    "ftcCnclsns": "1",
    "clauseArticle": [
        "제4조 (해제)\n갑은 이 계약이 해제되었을 때 을이 기불입한 전납금, 융자금에 대한 상환원금 및 이자, 동연체료등에서 제2항의 위약금과 주택가격의 연 100분의 10에 해당하는 금액에 사용일 수를 일할 계산한 주택사용료, 원상복구비 및 관리비등 체납액을 공제하고 불할 수 있다."
    ],
    "dvAntageous": "2",
    "illdcssBasiss": [
        "당사자 일방이 계약을 해제한 때에는 각 당사자는 그 상대방에 대하여 원상회복의 의무가 있고, 그에 따라 반환하여야 할 것이 금전인 경우 그 받은 날로부터 이자를 가하여야 한다는 것이 민법 제548조 제1,2항의 내용일 뿐만 아니라 계약해제의 기본법리인데도 현행 약과 조항은 계약해제로 인한 원상회복시 반환하여야 할 기본금원으로 기불입 전납금, 융자금에 대한 상환원금 및 이자, 동 연체료로 한정하고 있어",
        "자칫 위 금원들에 대한 이자를 배제할 가능성이 있는바, 이러한 약관조항은 계약의 해제 또는 해지로 인한 사업자의 원상회복 의무를 부당하게 경감하는 조항이다."
    ],
    "relateLaword": [
        "제9조(계약의 해제,해지) \n계약의 해제,해지에 관하여 정하고 있는 약관의 내용 중 다음 각 호의 어느 하나에 해당되는 내용을 정하고 있는 조항은 무효로 한다.\n4. 계약의 해제 또는 해지로 인한 원상회복의무를 상당한 이유 없이 고객에게 과중하게 부담시키거나 고객의 원상회복 청구권을 부당하게 포기하도록 하는 조항"
    ],
    "unfavorableProvision": "2"
}