{
    "clauseField": "5",
    "ftcCnclsns": "1",
    "clauseArticle": [
        "제5조 임대료 및 관리비\n3. 연료비와 주차요금은 임차인의 부담이다.(차량반납시 연료초과분은 환불이 불가하다.)"
    ],
    "dvAntageous": "2",
    "illdcssBasiss": [
        "000는 고객이 대여자동차를 이용완료하고 렌트카 업체들에게 반납할 때, 렌트카 이용 중 고객의 부담으로 주입한 연료가 당초 이용개시시에 받은 연료를 초과하는 경우 그 초과분에 대하여는 환불하지 않는다는 약관조항을 마련하여 사용하고 있는데, 이러한 약관조항은 현행 렌트카 분야 표준약관의 규정 취지, 연료 초과분 자체의 성격 등에 비추어 볼 때 고객에게 부당하게 불리한 조항이다. "
    ],
    "relateLaword": [
        "제6조(일반원칙)\n② 약관의 내용 중 다음 각 호의 어느 하나에 해당하는 내용을 정하고 있는 조항은 공정성을 잃은 것으로 추정된다.\n1. 고객에게 부당하게 불리한 조항"
    ],
    "unfavorableProvision": "1"
}