{
    "clauseField": "1",
    "ftcCnclsns": "1",
    "clauseArticle": [
        "제5조(EXPENSE) \n제1항 가맹료\n을은 000에 의한 매장 운영 Knowhow 전수 등의 대가로 갑에게 일금   원(부가세 별도)을 본 계약 체결과 동시에 지불하여야 하며, 개점 전에 을이 교육을 이수한 후에는 본 가맹료는 반환되지 않는다.",
        "제1호 을이 교육 이수 후 본 계약을 해지할 경우 가맹료는 위약금으로 갑에게 귀속되는 것으로 한다."
    ],
    "dvAntageous": "2",
    "illdcssBasiss": [
        "해당 약관조항의 가맹료는 매장 운영 know-how전수 등의 대가로서 가맹점사업자가 계약 체결 당시 일시불로 납부하는 것이나, 계약기간 중 노하우 전수를 대가로 지급하는 금원이므로 계약 기간에 비례하여 존속하는 금원이라 할 것이다.",
        "가맹점사업자의 귀책사유 및 그 금원의 성격을 불문하고 교육이수 후 계약을 해지하는 경우 그 금원 일체 반환하지 않는 것으로 규정하는 것은 계약해지에 따른 피청구인의 원상회복의무를 부당하게 경감시키는 조항이다."
    ],
    "relateLaword": [
        "제9조(계약의 해제ㆍ해지) \n계약의 해제ㆍ해지에 관하여 정하고 있는 약관의 내용 중 다음 각 호의 어느 하나에 해당되는 내용을 정하고 있는 조항은 무효로 한다.\n5. 계약의 해제 또는 해지로 인한 사업자의 원상회복의무나 손해배상의무를 부당하게 경감하는 조항"
    ],
    "unfavorableProvision": "2"
}