{
    "clauseField": "3",
    "ftcCnclsns": "1",
    "clauseArticle": [
        "제6조 (매매계약체결 및 대금정산)\n지적공부정리결과 매매계약 체결시의택지공급면적에 증감이 있을 경우에는 매매계약 체결시의 제곱미터당 단가에 의하여 소유권 이전시 정산한다. 이 경우 정산금에 대한 이자는 상호 계상하지 아니한다.",
        "제7조 (면적기준 및 정산)\n표시용지의 면적은 개산면적이며 지적공부정리결과 면적의 증감이 발생하여도 을은 이의를 제기하지 않으며, 증감면적에 대하여는 계약시의 제곱미터당 단가에 의하여 소유권 이전시까지 정산하되 쌍방간에 이자는 부과하지 아니한다."
    ],
    "dvAntageous": "2",
    "illdcssBasiss": [
        "계약면적과 공급면적과의 차이에 따라 정산하는 방식을 사용하고 있어계약면적에 비하여 공급면적이 감소한 경우에는 사업자가 감소된 면적분에 해당하는 대금만큼 과다선수한 것이므로 잔금을 받은 시점부터 정산할 때까지의 이자를 부가하여야 하는 바, 쌍방이 이자를 부가하지 않기로 규정하고 있는 현행 약관조항은 반환정산금의 선수에 따른 이자발생분을 사업자의 부당이득이 되게 하므로 고객에게 부당하게 불리한 약관조항이다."
    ],
    "relateLaword": [
        "제6조(일반원칙)\n② 약관의 내용 중 다음 각 호의 어느 하나에 해당하는 내용을 정하고 있는 조항은 공정성을 잃은 것으로 추정된다.\n1. 고객에게 부당하게 불리한 조항"
    ],
    "unfavorableProvision": "1"
}