{
    "clauseField": "3",
    "ftcCnclsns": "1",
    "clauseArticle": [
        "제17조(협약의 해제)\n1. 갑이 제1항에 의하여 이 협약을 해제한 경우에는 을로부터 납부받은 선수금에서 제3항에 의한 위약금을 공제한 나머지 금액을 을에게 반환하며, 이 경우 갑이 을에게 반환하는 금액에는 이자를 계상하지 아니한다.",
        "2. 제1항에 의하여 계약을 해제하였을 때에는 갑은 을로부터 납부받은 분양가격에서 제10조의 원상복구비와 제2항의 위약금 및 제3항의 원상회복에 필요한 비용을 각각 공제한 나머지 금액을 을에게 반환하며, 이 경우 갑이 을에게 반환하는 금액에는 이자를 부과하지 아니한다."
    ],
    "dvAntageous": "2",
    "illdcssBasiss": [
        "당사자 일방이 계약을 해제한 때에는 각 당사자는 그 상대방에 대하여 원상회복의 의무가 있고 그에 따라 반환할 금전에는 그 받은 날로부터 이자를 부가하여야 한다는 것이 계약해제시의 기본법리라고 할 것임에도 현행 약관조항은 반환하는 금액에 대하여 이자를 부가하지 아니한다라고 규정하고 있는 바, 이는 계약의 해제로 인한 사업자의 원상회복의무를 부당하게 경감하는 조항이다. "
    ],
    "relateLaword": [
        "제9조(계약의 해제,해지) \n계약의 해제,해지에 관하여 정하고 있는 약관의 내용 중 다음 각 호의 어느 하나에 해당되는 내용을 정하고 있는 조항은 무효로 한다.\n4. 계약의 해제 또는 해지로 인한 원상회복의무를 상당한 이유 없이 고객에게 과중하게 부담시키거나 고객의 원상회복 청구권을 부당하게 포기하도록 하는 조항"
    ],
    "unfavorableProvision": "2"
}