{
    "clauseField": "3",
    "ftcCnclsns": "1",
    "clauseArticle": [
        "제12조 (공유지분의 분할 처분금지)\n갑은 본 건물의 취득 후에도 공유지분권자 상호간의 공동이익을 확보하기 위하여 본인에게 귀속되는 공유지분에 저당권, 담보권 및 용역권 등을 설정할 수 없다."
    ],
    "dvAntageous": "2",
    "illdcssBasiss": [
        "공유자는 그 지분을 처분할 수 있는 바, 지분권에 담보를 설정하는 행위는 지분권 처분행위에 속하고 지분권에 담보물권을 설정하더라도 그 효과는 당해 지분권에 한정되어 다른 공유자의 권리가 침해된다고 할 수 없고 지분권의 양도와 달리 취급하여야 할 이유가 없음에도 이를 제한하는 현행 약관조항은 고객이 제3자와 계약을 체결하는 것을 부당하게 제한하는 조항이다."
    ],
    "relateLaword": [
        "제11조(고객의 권익 보호) \n고객의 권익에 관하여 정하고 있는 약관의 내용 중 다음 각 호의 어느 하나에 해당하는 내용을 정하고 있는 조항은 무효로 한다.\n3. 고객이 제3자와 계약을 체결하는 것을 부당하게 제한하는 조항"
    ],
    "unfavorableProvision": "2"
}