{
    "clauseField": "2",
    "ftcCnclsns": "1",
    "clauseArticle": [
        "제7조(하자 등)\n6항.  을 은 발코니 확장공사 후 외부 온도차이에 의한 결로 등이 발생될 수 있음을 인지하였으며, 만약 결로 등이 발생할 경우  을 은  갑 에게 그 책임을 물을 수 없다."
    ],
    "dvAntageous": "2",
    "illdcssBasiss": [
        "을은 발코니 확장공사 후  결로  등이 발생한 경우, 그것이 시공상의 하자나 부주의에 의해 발생할 가능성이 있음에도 불구하고, 위 약관조항은 사업자에게 그 책임을 물을 수 없도록 하고 있다. 따라서, 위 약관조항은 상당한 이유 없이 사업자의 담보책임을 배제 또는 제한하는 조항이다."
    ],
    "relateLaword": [
        "제7조(면책조항의 금지) \n계약 당사자의 책임에 관하여 정하고 있는 약관의 내용 중 다음 각 호의 어느 하나에 해당하는 내용을 정하고 있는 조항은 무효로 한다.\n3. 상당한 이유 없이 사업자의 담보책임을 배제 또는 제한하거나 그 담보책임에 따르는 고객의 권리행사의 요건을 가중하는 조항"
    ],
    "unfavorableProvision": "2"
}