{
    "clauseField": "2",
    "ftcCnclsns": "1",
    "clauseArticle": [
        "제6조(소유권 이전)\n1항 갑 등 은 본 건물의 사용승인일 이후 일정기간 내 소유권 보존등기를 하여야 한다. 다만, 관계기관의 인허가 및 조합의 이전고시 등 사업일정에 의해 부득이하게 지연될 수 있다. ",
        "제19조(유의사항)\n2항 보존등기 및 소유권이전등기는 입점지정일과 관계없이 지연될 수 있으므로 특히 영업허가(중개사사무소등)를 득해야 하는 업종은 유의하시기 바라며 보존등기 및 소유권이전등기의 지연을 사유로  갑 등 에게 계약의 해제를 요구할 수 없다."
    ],
    "dvAntageous": "2",
    "illdcssBasiss": [
        "심사대상 약관조항은 법률에 따른 고객의 해제권을 배제하거나 그 행사를 제한하는 조항이자, 법률에 따른 고객의 항변권, 상계권 등의 권리를 상당한 이유 없이 배제하거나 제한하는 조항이다. "
    ],
    "relateLaword": [
        "제9조(계약의 해제,해지) \n계약의 해제,해지에 관하여 정하고 있는 약관의 내용 중 다음 각 호의 어느 하나에 해당되는 내용을 정하고 있는 조항은 무효로 한다.\n1. 법률에 따른 고객의 해제권 또는 해지권을 배제하거나 그 행사를 제한하는 조항"
    ],
    "unfavorableProvision": "1"
}