{
    "clauseField": "5",
    "ftcCnclsns": "1",
    "clauseArticle": [
        "제17조(특약)\n제1항 기본사항\n제2호 본 임대차계약은 입주지정 기간 내에 입주하는 임차인에 한하여 임대차계약 시작일 1년 후부터 보증금 및 임대료가 각각 매년 연 3% 이내로 조정된다."
    ],
    "dvAntageous": "2",
    "illdcssBasiss": [
        "임대료 인상과 관련하여 민간임대주택법이나 공공주택특별법에 규정되어 있는 임차인의 권리를 상당한 이유 없이 배제하는 조항이다. "
    ],
    "relateLaword": [
        "제11조(고객의 권익 보호) \n고객의 권익에 관하여 정하고 있는 약관의 내용 중 다음 각 호의 어느 하나에 해당하는 내용을 정하고 있는 조항은 무효로 한다.\n1. 법률에 따른 고객의 항변권, 상계권 등의 권리를 상당한 이유 없이 배제하거나 제한하는 조항"
    ],
    "unfavorableProvision": "2"
}