{
    "clauseField": "1",
    "ftcCnclsns": "1",
    "clauseArticle": [
        "제26조 \n집행비용 가맹본부가 본 계약상의 권리를 확보 및 보호하거나, 본 계약의 조건을 집행하기 위해 가맹점사업자에 대해 소송을 제기하는 경우, 가맹본부는 승소판정에 의하여 인정된 권리 이외에 변호사 비용을 포함하여 법원이 합당하다고 인정하는 범위의 소송비용을 회수할 권리를 갖는다."
    ],
    "dvAntageous": "2",
    "illdcssBasiss": [
        "맹점사업자와의 소송에서 승소한 경우라도 법원의 판단에 따라 소송비용 부담 주체가 달라질 수 있음에도 당연히 가맹본부는 소송비용을 회수할 권리가 있음을 규정하고 있는 심사대상 약관조항은 고객에게 부당하게 과중한 손해배상의무를 부담시키는 조항이다."
    ],
    "relateLaword": [
        "제8조(손해배상액의 예정) \n고객에게 부당하게 과중한 지연 손해금 등의 손해배상 의무를 부담시키는 약관 조항은 무효로 한다."
    ],
    "unfavorableProvision": "2"
}