{
    "clauseField": "2",
    "ftcCnclsns": "1",
    "clauseArticle": [
        "제 8 조 (계약 기간)\nㅁ 입주예정일은 2016년 2월이다.\n(조합 사업일정, 공정에 따라 변경될 수 있으며, 을은 일정지연에 따른 지연이자 또는 여하한 이의를 제기할 수 없다. 단, 이 경우 갑은 사전에 을에게 서면 통지하는 것으로 한다.)"
    ],
    "dvAntageous": "2",
    "illdcssBasiss": [
        "아파트 공급계약에 있어서 입주예정일은 계약의 중요내용에 해당하는 것으로 입주예정일이 지연되는 경우에는 지연의 정도에 따라 소비자에게 계약해제권 내지 손해배상청구권이 발생하게 된다.\n심사대상 약관조항은 법률에 따른 고객의 해제권 또는 손해배상청구권을 상당한 이유 없이 배제하는 조항이다. "
    ],
    "relateLaword": [
        "제9조(계약의 해제,해지) \n계약의 해제,해지에 관하여 정하고 있는 약관의 내용 중 다음 각 호의 어느 하나에 해당되는 내용을 정하고 있는 조항은 무효로 한다.\n1. 법률에 따른 고객의 해제권 또는 해지권을 배제하거나 그 행사를 제한하는 조항"
    ],
    "unfavorableProvision": "2"
}