{
    "clauseField": "5",
    "ftcCnclsns": "1",
    "clauseArticle": [
        "제17조(특약)\n제7항 원상복구\n제2호 퇴거를 위한 시설점검 후 원상복구가 완료되지 않았거나 원상복구 비용의 예측이 불가한 경우 보증금의 일부(5백만원)를 우선 공제한 후 검증 결과에 따라 정산하여 지급한다."
    ],
    "dvAntageous": "2",
    "illdcssBasiss": [
        "심사대상 약관조항 중 000 11개사가 사용하고 있는 일률적으로 5백만원을 유보한다는 조항은 유보시킬 수 있는 임대보증금의 수준은 목적물 원상회복의 경중에 따라 합리적으로 고려되어야 한다는 점에서 고객에게 부당하게 불리한 조항이다. "
    ],
    "relateLaword": [
        "제6조(일반원칙) \n② 약관의 내용 중 다음 각 호의 어느 하나에 해당하는 내용을 정하고 있는 조항은 공정성을 잃은 것으로 추정된다.\n1. 고객에게 부당하게 불리한 조항"
    ],
    "unfavorableProvision": "1"
}