{
    "clauseField": "2",
    "ftcCnclsns": "1",
    "clauseArticle": [
        "(000)\n제4조 (위약금)\n제2항 갑은 을의 귀책사유로 본 계약이 해제되어, 자재의 제작, 설치, 철거 등이 발생될 경우 기 납부한 금액에서 비용을 공제할 수 있으며 추가비용에 대한 손해배상청구를 을에게 할 수 있다."
    ],
    "dvAntageous": "2",
    "illdcssBasiss": [
        "현행 약관조항은 지나치게 사업자의 이익만을 고려한 채 손해배상예정제도의 취지와 거래관행에 반하여 고객에게 과중한 손해배상의무를 부담시키고 있다.",
        "고객에게 부당하게 과중한 손해배상의무를 부담시키고 고객에게 부당하게 불리한 약관조항이다."
    ],
    "relateLaword": [
        "제8조(손해배상액의 예정) \n고객에게 부당하게 과중한 지연 손해금 등의 손해배상 의무를 부담시키는 약관 조항은 무효로 한다.",
        "제6조(일반원칙) \n  ② 약관의 내용 중 다음 각 호의 어느 하나에 해당하는 내용을 정하고 있는 조항은 공정성을 잃은 것으로 추정된다.\n  1. 고객에게 부당하게 불리한 조항"
    ],
    "unfavorableProvision": "2"
}