{
    "clauseField": "1",
    "ftcCnclsns": "1",
    "clauseArticle": [
        "제21조(가맹점의 의무 및 금지행위) \n제6항 을은 갑의 가맹점 기본 운영방침에 위배되는 행위를 할 수 없고, 갑이 공급하는 상품 이외의 상품을 판매할 수 없다. \n\"\n",
        "제25조(상품공급의 중단) \n갑은 아래의 사유에 해당하는 경우 1주일 전에 서면으로 예고한 후 가맹계약자에 대한 상품의 공급을 중단할 수 있다. 이 경우 재공급 조건을 지체없이 을에게 통지하여야 한다. 다만 사호의 경우에는 상품 공급을 즉시 중단할 수 있다.\n사. 을이 갑이 공급하는 상품 이외의 상품을 판매한 경우"
    ],
    "dvAntageous": "2",
    "illdcssBasiss": [
        "가맹본부가 가맹점사업자의 상품판매와 거래상대방을 제한하기 위해서는 그 내용을 미리 정보공개서를 통하여 가맹점사업자에게 알리고 가맹점사업자와 계약을 체결하거나 가맹점사업자의 동의를 얻어야 한다.",
        "가맹사업거래에있어서의정보공개서표준양식에관한고시(제2005-14호)에 따르면 가맹본부가 가맹점사업자의 상품판매 및 거래상대방을 제한할 경우 상품명, 제작사, 제한내용 및 조건 등을 구체적으로 명기하도록 되어 있음",
        "상표권 보호나 상품의 동일성 확보와 관련이 없는 상품까지도 피청구인으로부터만 구입하도록 강제한 것이므로 고객에게 일방적으로 불리한 조항이다."
    ],
    "relateLaword": [
        "제6조(일반원칙) \n② 약관의 내용 중 다음 각 호의 어느 하나에 해당하는 내용을 정하고 있는 조항은 공정성을 잃은 것으로 추정된다.\n1. 고객에게 부당하게 불리한 조항"
    ],
    "unfavorableProvision": "1"
}