{
    "clauseField": "2",
    "ftcCnclsns": "1",
    "clauseArticle": [
        "000\n 시스템에어컨 옵션품목 계약서\n(계약 약관)\n잔금은 지정일까지 완납하여야 하며, 미납시 입주가 제한됩니다.\n"
    ],
    "dvAntageous": "2",
    "illdcssBasiss": [
        "아파트 공급 계약과 아파트 옵션상품 공급계약은 엄연히 별도의 계약서를 작성하여 거래가 이루어지는 별개의 계약에 해당한다.",
        "고객이 아파트 옵션상품 대금을 미납하였다 하더라도 사업자가 동시이행항변권 행사의 일환으로 이행을 거절할 수 있는 권능의 범위는 옵션상품의 설치 및 인도와 관련된 의무에 국한될 뿐 고객의 아파트 입주 자체를 거부할 수는 없다.",
        "고객에게 부당하게 불리한 조항이다."
    ],
    "relateLaword": [
        "제6조(일반원칙) \n  ② 약관의 내용 중 다음 각 호의 어느 하나에 해당하는 내용을 정하고 있는 조항은 공정성을 잃은 것으로 추정된다.\n  1. 고객에게 부당하게 불리한 조항"
    ],
    "unfavorableProvision": "1"
}