{
    "clauseField": "2",
    "ftcCnclsns": "1",
    "clauseArticle": [
        "제4조 (위약금)\n2항 을의 귀책사유로 인하여 계약이 해제된 때에는 을은 이미 진행된 건축공정에 의한 공사비와 설치품목 해체비 및 원상복구비용, 공정지체비용 등 갑에게 발생한 일체의 손실에 대한 금액을 상기 위약금과 별도로 갑에게 지급하여야 한다. 단, 을이 이미 납부한 금액이 있을 경우 갑은 그 해당 금액을 기납입한 금액에서 공제할 수 있다."
    ],
    "dvAntageous": "2",
    "illdcssBasiss": [
        "약관 조항은 고객에게 부당하게 과중한 손해배상의무를 부담시키고 고객에게 부당하게 불리한 약관조항이다."
    ],
    "relateLaword": [
        "제8조(손해배상액의 예정) \n고객에게 부당하게 과중한 지연 손해금 등의 손해배상 의무를 부담시키는 약관 조항은 무효로 한다."
    ],
    "unfavorableProvision": "2"
}