{
    "clauseField": "5",
    "ftcCnclsns": "1",
    "clauseArticle": [
        "제12조(계약의 해제 또는 해지)\n제1항 계약일반조건 제10조 각 호의 사유 의외에도 다음 각 호에 해당하는 사유가 발생한 때에는 임대인은 임차인에 대한 서면통지로 이 계약을 해제·해지하거나 임대차계약의 갱신을 거절할 수 있다.\n제4호 미풍양속을 해하고 다른 임차인을 위해하거나 무고하는 등 공동생활을 현저히 저해하는 경우"
    ],
    "dvAntageous": "2",
    "illdcssBasiss": [
        "피조사인들의 자의적인 판단에 따라 계약해지 여부를 결정할 수 있고 임차인들의 해지 사유의 치유 기회를 부여하지 않고 계약해지가 가능하도록 하는 것으로 사업자에게 법률에서 규정하고 있지 아니한 해제권 또는 해지권을 부여하여 고객에게 부당하게 불이익을 줄 우려가 있는 조항이다. "
    ],
    "relateLaword": [
        "제9조(계약의 해제,해지) \n계약의 해제,해지에 관하여 정하고 있는 약관의 내용 중 다음 각 호의 어느 하나에 해당되는 내용을 정하고 있는 조항은 무효로 한다.\n2. 사업자에게 법률에서 규정하고 있지 아니하는 해제권 또는 해지권을 부여하여 고객에게 부당하게 불이익을 줄 우려가 있는 조항"
    ],
    "unfavorableProvision": "2"
}