{
    "clauseField": "1",
    "ftcCnclsns": "1",
    "clauseArticle": [
        "(000)\n제20조(공급상의 면책)\n제1항 다음 각호에서 정한 사유가 발생한 경우 을은 갑에게 공급지연으로 인한 책임을 묻지 아니한다.\n제2호 파업, 정전, 기계의 고장, 원료수급의 차질, 도로사정, 기타 거래관행상 인정될 수 있는 경우와 갑의 귀책사유로 돌릴 수 없거나 불가항력적인 사유에 의한 공급불능"
    ],
    "dvAntageous": "2",
    "illdcssBasiss": [
        "해당 약관조항은 피심인의 과실여부를 불문하고 위 사유들이 발생하기만 하면 피심인의 책임이 배제되는 것으로 규정하고 있다. 그러므로 당해 약관조항은 피심인의 귀책사유에 의한 사유의 경우에도 책임을 배제하는 한 상당한 이유 없이 사업자의 손해배상범위를 제한하는 조항이다."
    ],
    "relateLaword": [
        "제7조(면책조항의 금지) \n계약 당사자의 책임에 관하여 정하고 있는 약관의 내용 중 다음 각 호의 어느 하나에 해당하는 내용을 정하고 있는 조항은 무효로 한다.\n2. 상당한 이유 없이 사업자의 손해배상 범위를 제한하거나 사업자가 부담하여야 할 위험을 고객에게 떠넘기는 조항"
    ],
    "unfavorableProvision": "2"
}