{
    "clauseField": "5",
    "ftcCnclsns": "1",
    "clauseArticle": [
        "제12조(계약의 해제 또는 해지)\n제1항 계약일반조건 제10조 및 다음 각 호에 해당하는 사유가 발생한 때에는 갑은 을에 대한 서면통지로 이 계약을 해제·해지할 수 있다.\n제1호 을이 임대인의 사전동의 없이 이 계약상의 권리를 양도하거나 전세권, 저당권, 질권설정 등 기타 담보로 제공하는 경우"
    ],
    "dvAntageous": "2",
    "illdcssBasiss": [
        "임차인이 임대차보증금을 담보로 하여 자금융통을 받더라도 임대인에게는 별다른 금전적 손해가 발생하지 않음에도 임대인의 사전 동의 없이 전세권, 저당권, 질권설정 등 기타 담보로 제공하는 경우 계약해지 사유로 규정하고 있는 바, 이는 사업자에게 법률에서 규정하고 있지 아니한 해제권 또는 해지권을 부여하여 고객에게 부당하게 불이익을 줄 우려가 있는 조항이다.  "
    ],
    "relateLaword": [
        "제9조(계약의 해제,해지) \n계약의 해제,해지에 관하여 정하고 있는 약관의 내용 중 다음 각 호의 어느 하나에 해당되는 내용을 정하고 있는 조항은 무효로 한다.\n2. 사업자에게 법률에서 규정하고 있지 아니하는 해제권 또는 해지권을 부여하여 고객에게 부당하게 불이익을 줄 우려가 있는 조항"
    ],
    "unfavorableProvision": "2"
}