{
    "clauseField": "1",
    "ftcCnclsns": "1",
    "clauseArticle": [
        "(000)\n제26조(기타 사항)\n제2항 본 계약에 관한 소송의 관할 법원은 (서울) 지방법원으로 한다."
    ],
    "dvAntageous": "2",
    "illdcssBasiss": [
        "특정 법원을 관할 법원으로 정하게 되면 피심인에게는 유리할지언정 원거리에 사는 경제적 약자인 고객에게는 제소 및 응소에 큰 불편을 초래할 우려가 있다.",
        "해당 약관조항은 고객에 대하여 불리한 재판관할 합의조항으로 약관법 제14조에 해당한다."
    ],
    "relateLaword": [
        "제14조(소송 제기의 금지 등)\n소송 제기 등과 관련된 약관의 내용 중 다음 각 호의 어느 하나에 해당하는 조항은 무효로 한다.\n1. 고객에게 부당하게 불리한 소송 제기 금지 조항 또는 재판관할의 합의 조항\n2. 상당한 이유 없이 고객에게 입증책임을 부담시키는 약관 조항"
    ],
    "unfavorableProvision": "2"
}