{
    "clauseField": "3",
    "ftcCnclsns": "1",
    "clauseArticle": [
        "제10조 (건축허가 변경)\n계약면적, 대지지분 및 부대시설의 면적과 위치는 단지내 시설의 편익증진을 위한 건축허가 변경에 의하여 일부 변경될 수 있다."
    ],
    "dvAntageous": "2",
    "illdcssBasiss": [
        "계약시 체결된 건물의 공급면적 및 대지의 공유지분은 공부정리 절차등의 부득이한 경우에 한해 법령이 허용하는 오차 범위내에서 증감이 있을 수 있으나 증감이 있을 때에는 계약서와 등기부상의 면적차이에 대하여 분양당시 가격을 기준으로 계산하여 소유권 등기시까지 상호정산하여야 할것임에도 계약면적, 대지지분 및 부대시설의 면적과 위치의 변경이 있을 경우",
        "객관적인 근거 기준없이 사업자가 일방적으로 이를 조정할 수 있도록 규정하고 있는 규정은 상당한 이유없이 급부의 내용을 사업자가 일방적으로 결정하거나 변경할 수 있도록 하는 조항이다."
    ],
    "relateLaword": [
        "제10조(채무의 이행) 채무의 이행에 관하여 정하고 있는 약관의 내용 중 다음 각 호의 어느 하나에 해당하는 내용을 정하고 있는 조항은 무효로 한다.\n1. 상당한 이유 없이 급부의 내용을 사업자가 일방적으로 결정하거나 변경할 수 있도록 권한을 부여하는 조항"
    ],
    "unfavorableProvision": "2"
}