{
    "clauseField": "1",
    "ftcCnclsns": "1",
    "clauseArticle": [
        " (000)\n제27조(을의 준수사항)\n제10항 가맹계약 기간 중 가맹본부와 동일한 업종을 영위하여서는 아니되며, 갑의 경쟁 가맹사업자의 점포를 개설하여서는 아니된다."
    ],
    "dvAntageous": "2",
    "illdcssBasiss": [
        "가맹점사업자가 다른 업종의 가맹점을 경업하더라도 영업방식이나 노하우가 달라서 가맹본부의 영업비밀 누설 가능성이 거의 없다. 그럼에도 당해 약관조항 밑줄 친 부분은 경쟁사업자의 점포이기만 하면 동종업종․이종업종을 불문하고 개설할 수 없도록 하여 가맹점사업자의 직업선택의 자유를 지나치게 제한하고 있다고 할 수 있다.",
        "약관조항 밑줄 친 부분은 고객에게 부당하게 불리한 약관조항이다."
    ],
    "relateLaword": [
        "제6조(일반원칙)\n② 약관의 내용 중 다음 각 호의 어느 하나에 해당하는 내용을 정하고 있는 조항은 공정성을 잃은 것으로 추정된다.\n1. 고객에게 부당하게 불리한 조항"
    ],
    "unfavorableProvision": "1"
}