{
    "clauseField": "5",
    "ftcCnclsns": "1",
    "clauseArticle": [
        "제16조(임대차 등기 등)\n제2항 을은 추가로 설치하는 시설물에 대하여 그 비용상환을 청구할 수 없다."
    ],
    "dvAntageous": "2",
    "illdcssBasiss": [
        "심사대상 약관조항은 추가로 설치하는 시설물 중 법률에 따른 임차인의 필요비,유익비 상환청구권을 원천적으로 배제하고 있으므로 법률에 따른 고객의 권리를 상당한 이유 없이 배제하는 조항이다. "
    ],
    "relateLaword": [
        "제11조(고객의 권익 보호) \n고객의 권익에 관하여 정하고 있는 약관의 내용 중 다음 각 호의 어느 하나에 해당하는 내용을 정하고 있는 조항은 무효로 한다.\n1. 법률에 따른 고객의 항변권, 상계권 등의 권리를 상당한 이유 없이 배제하거나 제한하는 조항"
    ],
    "unfavorableProvision": "2"
}