{
    "clauseField": "3",
    "ftcCnclsns": "1",
    "clauseArticle": [
        "제11조 (관할합의)(상가분양계약서 제19조)\n이 계약에 관련된 모든 소송은 서울지방법원 또는 서울남부지원의 전속관할로 한다."
    ],
    "dvAntageous": "2",
    "illdcssBasiss": [
        "분쟁발생을 예상하여 재판관할을 당사자간의 특약 또는 개별약정으로 정할 수 있으나, 사업자와 고객간의 거래에 이용되는 약관상에 사업자의 주소지를 관할하는 법원을 재판적으로 하고 있는 위 약관조항은 민사소송법상의 규정보다 고객의 응소상 불이익을 초래할 우려가 있기 때문에 동 조항은 고객에 대하여 부당하게 불리한 재판관할 합의조항이다."
    ],
    "relateLaword": [
        "제14조(소송 제기의 금지 등) 소송 제기 등과 관련된 약관의 내용 중 다음 각 호의 어느 하나에 해당하는 조항은 무효로 한다.\n1. 고객에게 부당하게 불리한 소송 제기 금지 조항 또는 재판관할의 합의 조항"
    ],
    "unfavorableProvision": "2"
}