{
    "clauseField": "3",
    "ftcCnclsns": "1",
    "clauseArticle": [
        "제2조 (계약의 해제)\n2. 을은 갑의 귀책사유로 인하여 입주가 당초 입주 예정일로부터 3개월을 초과하여 지연된 경우 또는 계약기간 중 갑의 계약이행이 불가능하게 된 때에는 갑과 을이 협의하여 결정한다."
    ],
    "dvAntageous": "2",
    "illdcssBasiss": [
        "갑의 귀책사유로 인하여 입주가 3개월을 초과하여 지연되는 경우 또는 갑의 계약이행이 불가능하게 되는 경우에도 갑과을이 협의하여 해제․해지권을 행사 하도록 규정하고 있는 바, 이는 법률의 규정에 의한 고객의 해제권 또는 해지권을 배제하거나 그 행사를 제한하는 조항이다."
    ],
    "relateLaword": [
        "제9조(계약의 해제,해지) 계약의 해제,해지에 관하여 정하고 있는 약관의 내용 중 다음 각 호의 어느 하나에 해당되는 내용을 정하고 있는 조항은 무효로 한다.\n1. 법률에 따른 고객의 해제권 또는 해지권을 배제하거나 그 행사를 제한하는 조항"
    ],
    "unfavorableProvision": "2"
}