{
    "clauseField": "3",
    "ftcCnclsns": "1",
    "clauseArticle": [
        "제12조 (기타)\n5. 본 계약에 관한 분쟁발생시 소송의 관할지는 부산지방법원으로 한다."
    ],
    "dvAntageous": "2",
    "illdcssBasiss": [
        "당사자간 합의하여 관할법원을 정할 수 있도록 규정하고 있음에도 당사자간의 구체적이고 명백한 개별약정이 아닌 약관의 형태로 고객에 대하여 민사소송법의 관할법원 규정보다 더 불리하게 규정하는 것은 경제적 약자인 고객에게는 응소상의 큰 불편을 초래할 우려가 있기 때문에 동 약관조항은 고객에 대하여 부당하게 불리한 조항이다."
    ],
    "relateLaword": [
        "제14조(소송 제기의 금지 등) 소송 제기 등과 관련된 약관의 내용 중 다음 각 호의 어느 하나에 해당하는 조항은 무효로 한다.\n1. 고객에게 부당하게 불리한 소송 제기 금지 조항 또는 재판관할의 합의 조항"
    ],
    "unfavorableProvision": "2"
}