{
    "clauseField": "1",
    "ftcCnclsns": "1",
    "clauseArticle": [
        " (000)\n제32조(반품 및 케익, 선물류 등 인정반품)\n제4항 갑은 전항 각호의 규정에도 불구하고 특별한 행사(크리스마스, 연말연시, 가정의 달 등)에 출시되는 제품, 상품류 중 갑이 지정하는 일정품목에 대하여 반품률을 별도로 정할 수 있다. \n이 경우 자세한 대상행사 및 품목, 반품률 등 반품관련 사항은 갑이 정하여 을에게 공지한다."
    ],
    "dvAntageous": "2",
    "illdcssBasiss": [
        "피심인이 별도로 정한 반품률은 적어도 가맹점사업자가 주문을 하는 시점에는 가맹점사업자에게 고지되어야 가맹점사업자는 이를 고려하여 감당할 수 있는 주문량을 정할 수 있다. ",
        "당해 약관조항에는 피심인에게 반품률을 가맹점사업자에게 고지하여야 할 의무만 부과하고 그 시점에 대하여는 명확히 규정하고 있지 않다.",
        "약관조항은 고객에게 부당하게 불리한 약관조항이다."
    ],
    "relateLaword": [
        "제6조(일반원칙)\n② 약관의 내용 중 다음 각 호의 어느 하나에 해당하는 내용을 정하고 있는 조항은 공정성을 잃은 것으로 추정된다.\n1. 고객에게 부당하게 불리한 조항"
    ],
    "unfavorableProvision": "1"
}