{
    "clauseField": "5",
    "ftcCnclsns": "1",
    "clauseArticle": [
        "제8조 (변경합의 해제 등)\n제1항 다음 각 호의 경우 갑은 본 합의를 해제(해지)할 수 있으며, 본 합의가 해제(해지)되는 경우, 을은 자신의 임대 기간 동안 그 지급이 유예되었던 임대료 전액을 갑에게 즉시 지급하여야 한다.\n제1호 을이 본 합의 조건을 위반하는 경우\n제2호 을이 지정된 분양전환지정기간 동안 분양전환을 받지 않거나, 분양전환 조건을 충족하지 못한 경우",
        "제2항 위 제①항 제2호의 경우, 갑은 자신의 선택에 따라 본 합의를 유지하거나 또는 최초 임대차 계약과 동일한 내용으로 환원하여 을과의 임대차 계약을 갱신할 수 있으며(다만, 다른 임차인들에 대한 보증금 및 임차료가 증액된 경우, 을에 대하여 갱신되는 임대차계약에도 증액된 보증금 및 임차료를 적용한다), 임대차 계약을 갱신하지 않고 을과의 임대차계약을 해지할 수도 있다."
    ],
    "dvAntageous": "2",
    "illdcssBasiss": [
        "해당 조항은 해제 또는 해지 사유가 발생하였을 때 상당한 기간을 정하여 최고하고 시정할 기회를 부여하는 절차 없이 계약을 해제 또는 해지할 수 있는 것으로 규정하고 있다. 따라서 법률의 규정에 의한 해지권의 행사요건을 완화하여 고객에 대하여 부당하게 불이익을 줄 우려가 있으며, 고객에게 부당하게 불리한 조항이다."
    ],
    "relateLaword": [
        "제9조(계약의 해제,해지) \n계약의 해제,해지에 관하여 정하고 있는 약관의 내용 중 다음 각 호의 어느 하나에 해당되는 내용을 정하고 있는 조항은 무효로 한다.\n3. 법률에 따른 사업자의 해제권 또는 해지권의 행사 요건을 완화하여 고객에게 부당하게 불이익을 줄 우려가 있는 조항",
        "제6조(일반원칙) \n② 약관의 내용 중 다음 각 호의 어느 하나에 해당하는 내용을 정하고 있는 조항은 공정성을 잃은 것으로 추정된다.\n1. 고객에게 부당하게 불리한 조항"
    ],
    "unfavorableProvision": "2"
}