{
    "clauseField": "1",
    "ftcCnclsns": "1",
    "clauseArticle": [
        " (000)\n제38조(손해배상)\n제1항 제37조 제1항, 제2항 규정에 의하여 을의 귀책사유로 본 계약이 해지되는 경우, 갑은 을에게 다음 각호에 해당하는 금액을 위약금으로 청구할 수 있다.\n제1호 계약 해지일(갑의 해지 통지일)로부터 직전 1년간 을이 갑으로부터 매입한 ‘제품 등’매입대금 및 용역제공비의 합계의 10%에 상당하는 금액 ",
        "제2호 점포 운영 기간이 1년 미만인 점포는 점포 운영 기간 동안 발생한 금액을 기준으로 12개월로 환산하여 계산한  제품 등 매입대금 및 용역제공비의 합계의 10%에 상당하는 금액\n"
    ],
    "dvAntageous": "2",
    "illdcssBasiss": [
        "통상 중도해지의 경우 손해배상액의 예정은 총 거래대금의 10퍼센트 상당으로 함이 거래관행인데, 해당 위약금은 이를 훨씬 상회한다.",
        "피심인은 계약을 임의 해지하려는 가맹점사업자의 잔여 계약기간이 얼마 남았는지를 고려하지 않고 일정한 위약금을 부과하고 있다. 그러나 잔여 계약기간이 줄어들수록 피심인이 계약 해지로 입는 손해는 줄어들 것이다. 따라서 잔여 계약기간이 얼마 남지 않은 가맹점사업자에게는 당해 약관조항에 의한 위약금이 더욱 부당하게 과다하다고 할 수 있다.",
        "약관조항은 고객에 대하여 부당하게 과중한 지연손해금등의 손해배상의무를 부담시키는 약관조항이다. "
    ],
    "relateLaword": [
        "제8조(손해배상액의 예정)\n고객에게 부당하게 과중한 지연 손해금 등의 손해배상 의무를 부담시키는 약관 조항은 무효로 한다."
    ],
    "unfavorableProvision": "2"
}