{
    "clauseField": "2",
    "ftcCnclsns": "1",
    "clauseArticle": [
        "제5조 (설치시기 및 입주)\n갑은 계약서에 달리 정하지 않는 한 분양시 정한 입주지정일까지 시스템에어컨시공의 설치를 완료하여야 하며 을은 입주전에 반드시 공급대금을 완납하고 갑으로부터 입주증을 발급받아 정해진 날짜에 따라 입주하여야 한다. (단, 미납시에는 입주 불가함)"
    ],
    "dvAntageous": "2",
    "illdcssBasiss": [
        "아파트 공급 계약과 아파트 옵션상품 공급계약은 엄연히 별도의 계약서를 작성하여 거래가 이루어지는 별개의 계약에 해당한다.",
        "고객이 아파트 옵션상품 대금을 미납하였다 하더라도 고객의 아파트 입주 자체를 거부할 수는 없다.",
        "고객에게 부당하게 불리한 조항이다."
    ],
    "relateLaword": [
        "제6조(일반원칙) \n  ② 약관의 내용 중 다음 각 호의 어느 하나에 해당하는 내용을 정하고 있는 조항은 공정성을 잃은 것으로 추정된다.\n  1. 고객에게 부당하게 불리한 조항"
    ],
    "unfavorableProvision": "1"
}