{
    "clauseField": "1",
    "ftcCnclsns": "1",
    "clauseArticle": [
        " (000)                                                                                \n제10조(제품, 상품의 주문 및 공급)\n제3항 을은 책임있는 판매량을 예측하여 갑이 정한 시간 내에 주문하여야 한다. 단, 신제품 및 기획제품의 공급은 사전에 을에게 공지하여야 하며, 공급 단위 및 수량은 갑이 정책적으로 정하여 공급한다."
    ],
    "dvAntageous": "2",
    "illdcssBasiss": [
        "신제품 공급을 피심인이 일방적으로 결정할 수 있는 당해 약관조항은 상당한 이유 없이 급부의 내용을 사업자가 일방적으로 결정할 수 있는 권한을 부여하는 조항이다."
    ],
    "relateLaword": [
        "제10조(채무의 이행)\n채무의 이행에 관하여 정하고 있는 약관의 내용 중 다음 각 호의 어느 하나에 해당하는 내용을 정하고 있는 조항은 무효로 한다.\n1. 상당한 이유 없이 급부(給付)의 내용을 사업자가 일방적으로 결정하거나 변경할 수 있도록 권한을 부여하는 조항"
    ],
    "unfavorableProvision": "2"
}