{
    "clauseField": "2",
    "ftcCnclsns": "1",
    "clauseArticle": [
        "제20조(유의사항)\n다음의 유의사항을 반드시 확인하고 숙지하시기 바라며, 미확인에 따른 이의를 제기할 수 없음"
    ],
    "dvAntageous": "2",
    "illdcssBasiss": [
        "법률의 규정에 의한 고객의 권리를 상당한 이유없이 배제 또는 제한하는 조항이며, 상당한 이유없이 급부의 내용을 사업자가 일방적으로 결정하거나 변경할 수 있도록 하는 고객에게 부당하게 불리한 조항이다."
    ],
    "relateLaword": [
        "제6조(일반원칙) \n② 약관의 내용 중 다음 각 호의 어느 하나에 해당하는 내용을 정하고 있는 조항은 공정성을 잃은 것으로 추정된다.\n  1. 고객에게 부당하게 불리한 조항"
    ],
    "unfavorableProvision": "1"
}