{
    "clauseField": "2",
    "ftcCnclsns": "1",
    "clauseArticle": [
        "(000)\n제21조(기타사항)\n을은 다음 각 항의 사항을 충분히 인지하고 이에 동의한다.\n제7항 일부 세대는 공사 시행 중에 고품질 시공을 위하여 Mock up(현장 내 실물 크기의 모형)세대로 시공될 수 있다."
    ],
    "dvAntageous": "2",
    "illdcssBasiss": [
        "해당 약관조항은 일부세대에 대해 샘플세대로 사용될 수 있다고 규정하고 있음에도 샘플세대에 대한 정의가 계약서상 명확히 표기되지 않아 고객이 충분히 이해하기 어렵다.  ",
        "또한 일부세대에 대해 샘플세대로 사용될 수 있다고 규정하고 있음에도 샘플세대에 대한 정의가 계약서상 명확히 표기되지 않아 고객이 충분히 이해하기 어려울 뿐더러 샘플세대로 사용한 이후에 사업자가 원상복구를 하거나 사후 관리 등에 관한 규정을 두고 있지 않다.",
        "해당 약관조항은 법률의 규정에 의한 고객의 권리를 상당한 이유없이 배제 또는 제한하는 조항이며, 상당한 이유없이 급부의 내용을 사업자가 일방적으로 결정하거나 변경할 수 있도록 하는 고객에게 부당하게 불리한 조항이다."
    ],
    "relateLaword": [
        "제6조(일반원칙) \n② 약관의 내용 중 다음 각 호의 어느 하나에 해당하는 내용을 정하고 있는 조항은 공정성을 잃은 것으로 추정된다.\n  1. 고객에게 부당하게 불리한 조항",
        "제10조(채무의 이행) \n채무의 이행에 관하여 정하고 있는 약관의 내용 중 다음 각 호의 어느 하나에 해당하는 내용을 정하고 있는 조항은 무효로 한다.\n  1. 상당한 이유 없이 급부의 내용을 사업자가 일방적으로 결정하거나 변경할 수 있도록 권한을 부여하는 조항",
        "제11조(고객의 권익 보호) \n고객의 권익에 관하여 정하고 있는 약관의 내용 중 다음 각 호의 어느 하나에 해당하는 내용을 정하고 있는 조항은 무효로 한다.\n  1. 법률에 따른 고객의 항변권, 상계권 등의 권리를 상당한 이유 없이 배제하거나 제한하는 조항"
    ],
    "unfavorableProvision": "1"
}