{
    "clauseField": "2",
    "ftcCnclsns": "1",
    "clauseArticle": [
        "계약서 제9조(기타)\n본 계약에 명시되지 않은 사항은  갑 이 결정되는 바에 따른다.  갑 과 육가공업체간 계약시 담보  및 신용보증보험증서를 확보치 못할 경우와 지불보증금의 한도를 초과하는 경우에 대하여 육가공업체의 사고시  갑 은 그 책임을 지지 않는다."
    ],
    "dvAntageous": "2",
    "illdcssBasiss": [
        " 지불보증금의 초과여부는 야로농협이 알 수 있음에도 지불보증금을 초과하여 납품한 경우 책임을지지 않는 다고 되어 있는 동 약관규정은 자기의 책임을 생산농가에 전가하는 조항으로서 부당하고 동 약관조항은 자기의 책임인 담보확보책임을 상당한 이유없이 그 거래상대방인 고객(생산농가)에게 지우는 것이다."
    ],
    "relateLaword": [
        "제7조(면책조항의 금지) \n계약 당사자의 책임에 관하여 정하고 있는 약관의 내용 중 다음 각 호의 어느 하나에 해당하는 내용을 정하고 있는 조항은 무효로 한다.\n3. 상당한 이유 없이 사업자의 담보책임을 배제 또는 제한하거나 그 담보책임에 따르는 고객의 권리행사의 요건을 가중하는 조항"
    ],
    "unfavorableProvision": "2"
}