{
    "clauseField": "1",
    "ftcCnclsns": "1",
    "clauseArticle": [
        "제15조(중도계약해제 및 계약해제) \n③ 계약종료 후 경업금지조항 및 과도한 손해배상액의 예정“을”은 제3자에게 양도를 하는데 있어서 제3자와 “갑”이 정상적으로 계약이 체결되지 않았을 경우 제3자가 2년간 동일 장소에서 동종 영업을 할 수 없으며 제3자가 2년간 동일 장소에서 동종 영업을 할 경우 \\500,000에 운영일수를 곱한 금액을 손해배상금으로 지불해야할 책임이 있다."
    ],
    "dvAntageous": "2",
    "illdcssBasiss": [
        "계약종료 후 동종 혹은 유사한 업종에의 종사금지 조항이나 이에 위반한 경우 과다한 손해배상액을 예정한 조항은 고객인 가맹점사업자에게 부당하게 불리한 조항이다"
    ],
    "relateLaword": [
        "제6조(일반원칙)\n② 약관의 내용 중 다음 각 호의 어느 하나에 해당하는 내용을 정하고 있는 조항은 공정성을 잃은 것으로 추정된다.\n1. 고객에게 부당하게 불리한 조항"
    ],
    "unfavorableProvision": "1"
}