{
    "clauseField": "1",
    "ftcCnclsns": "1",
    "clauseArticle": [
        "제9조 \n제7항  을 은 제3자에게 양도를 하는데 있어서 제3자와 갑이 정상적으로 계약이 체결되지 않았을 경우 제3자가 2년간 동일 장소에서 동종 영업을 할 수 없으며 제3자가 2년간 동일 장소에서 동종 영업을 할 경우 50만원에 운영일수를 곱한 금액을 손해배상금으로 지불해야할 책임이 있다.",
        "제9조 \n제8항 을 은 본인 또는 제3자의 이름으로 동일장소나 타 매장에서 동종 또는 유사한 업종으로 2년간 영업할 수 없으며 이를 어길 경우 그 매장의 개점일을 기준으로 \\500,000에 운영일수를 곱한 금액을 손해배상금으로 \n 갑 에게 지불해야 하며, 복수의 매장을 운영할 경우에도 \\500,000×운영일수×매장수에 달하는 금액을 손해배상금으로  갑 에게 지불해야 한다.",
        "제14조 \n제6항  을 의 계약 종료나  갑 의 귀책사유로 인하여 체인계약이 해지 되었을 경우에도 2년간은 동일 장소나 타 지역에서 동종 또는 유사의 영업행위를 금지하여 이를 어길 경우 영업개시일을 기준으로 \\500,000에 영업일수를 곱한 금액을  갑 에게 배상해야 한다. "
    ],
    "dvAntageous": "2",
    "illdcssBasiss": [
        "합리적인 범위를 벗어난 경업금지의무는 영업활동의 자유에 대한 지나친 제약으로 간주되고, 단순히 경쟁자를 배제하거나 억제함을 목적으로 하는 경우에는 사회질서에 반하여 무효이다.",
        "당해 약관은 영업을 양수한 제3자와 계약당사자인 “을”이 계약 종료후 2년 동안 동일 장소에서 동종 영업뿐만 아니라 유사한 업종까지 종사할 수 없도록 정하고 있는데 이는 경업금지의무가 부과되는 업무 범위를 지나치게 넓게 획정하고 있다.",
        "뿐만 아니라 갑”의 귀책사유로 체인계약이 해지되는 경우에도 2년간 동일 장소나 타 지역에서 동종 또는 유사의 영업행위를 금지하고 있는데, 가맹본부의 귀책사유로 계약이 해지되는 경우에도 가맹점사업자는 즉석 떡볶이를 비롯한 각종 분식업을 영위할 수 없게 되는바 이는 직업선택의 자유에 대한 매우 과도한 제한이다.",
        "당해 약관은 경업금지의무를 위반한 가맹점사업자에게 운영일수×500,000원×(매장수)를 손해배상금으로 지급하도록 정하고 있는데, 이는 가맹점사업자가 입게 되는 손해에 비해 과도한 금액이다.",
        "계약종료 후 동종 혹은 유사한 업종에의 종사금지 조항이나 이에 위반한 경우 과다한 손해배상액을 예정한 조항은 고객인 가맹점사업자에게 부당하게 불리한 조항이다."
    ],
    "relateLaword": [
        "제6조(일반원칙)\n② 약관의 내용 중 다음 각 호의 어느 하나에 해당하는 내용을 정하고 있는 조항은 공정성을 잃은 것으로 추정된다.\n  1. 고객에게 부당하게 불리한 조항",
        "제8조(손해배상액의 예정) 고객에게 부당하게 과중한 지연 손해금 등의 손해배상 의무를 부담시키는 약관 조항은 무효로 한다."
    ],
    "unfavorableProvision": "1"
}