{
    "clauseField": "1",
    "ftcCnclsns": "1",
    "clauseArticle": [
        "제29조 (손해배상)\n제3항 을은 다음 각 호의 규정을 위반한 경우 각 호의 규정에 따라 갑에게 손해배상예정으로 위약금을 지급하여야 하며 갑은 별도의 손해배상액을 입증할 필요는 없다.\n제1호 을이 본 계약기간 중 일방적으로 계약을 해지하거나 영업을 중단하는 경우 잔여 계약기간이 2년 이상인 경우 3,000만 원, 1년 이상인 경우 2,000만 원, 1년 미만인 경우 1,000만 원의 위약금을 갑에게 지급하여야 한다."
    ],
    "dvAntageous": "2",
    "illdcssBasiss": [
        "가맹계약이 중도 해지된 후 새로운 가맹점을 유치하여 가맹수수료 및 물품공급을 통한 수익을 다시 얻게 되는 시기 이후의 기간은 수익 보전이 필요한 기간으로 보기 어렵다고 할 것이므로 최소 10개월에서 최대 30개월의 가맹수수료 및 물품공급을 통한 수익의 합계액에 해당하는 위약금은 해당 가맹점에게 과도하다.",
        "해당 조항은 고객에게 부당하게 과중한 지연 손해금 등의 손해배상의무를 부담시키는 조항이다."
    ],
    "relateLaword": [
        "제8조(손해배상액의 예정) 고객에게 부당하게 과중한 지연 손해금 등의 손해배상 의무를 부담시키는 약관 조항은 무효로 한다."
    ],
    "unfavorableProvision": "2"
}