{
    "clauseField": "5",
    "ftcCnclsns": "1",
    "clauseArticle": [
        "제13조 계약의 해지\n을이 다음 각항의 1호에 해당할 때는 갑은 최고등 다른 법적 절차없이 본계약을 해지하고 명도를 집행하여도 이의를 제기하지 않으며, 이로 인하여 갑이 손해를 입었을 때는 을은 손해를 배상하여야 한다.\n제5항 가압류 가처분 강제집행 파산 해산 또는 금치산의 선고가 있었을 때"
    ],
    "dvAntageous": "2",
    "illdcssBasiss": [
        "타 채무로 인하여 임대보증금에 대한 가압류, 가처분 결정을 받았다고 하여 계약을 해지할 수 있도록 하는 현행 약관조항은 법률의 규정에 의하지 않은 해제권,해지권을 사업자에게 부여하는 조항이다. "
    ],
    "relateLaword": [
        "제9조(계약의 해제, 해지) \n계약의 해제, 해지에 관하여 정하고 있는 약관의 내용 중 다음 각 호의 어느 하나에 해당되는 내용을 정하고 있는 조항은 무효로 한다.\n2. 사업자에게 법률에서 규정하고 있지 아니하는 해제권 또는 해지권을 부여하여 고객에게 부당하게 불이익을 줄 우려가 있는 조항"
    ],
    "unfavorableProvision": "2"
}