{
    "clauseField": "1",
    "ftcCnclsns": "1",
    "clauseArticle": [
        "제22조 (계약 해지사유)\n8항 계약서 제22조에서 정한 사유로 계약이 파기된 경우 을은 그 지역에 동종업종 및  갑 의 메뉴로 신규개설을 할 수 없다.",
        "제24조 (계약종료 후 을의 도덕적 의무) \n1항 계약종료 후 을이 아래 각호의 행위를 하는 경우 을은 부정경쟁방지법 및 영업비밀 보호 의무에 의거하여 위반시 그에 따른 적법한 조치에 따를 것을 약속한다.",
        "제24조 1항 4호\n계약종결 후 3년간, 동종업종이나 갑의 메뉴로 영업금지"
    ],
    "dvAntageous": "2",
    "illdcssBasiss": [
        "가맹계약에서 경업금지의무는 영업비밀 보호 및 부정경쟁을 방지할 목적으로 가맹본부가 가맹점사업자에게 동종업종을 경업하는 행위를 금지하는 약정을 의미하며, (가맹사업거래의 공정화에 관한 법률)  제6조 제10호는 가맹점사업자의 준수사항 중 하나로 가맹계약기간 중 가맹본부와 동일한 업종을 영위하는 행위를 금지하고 있다. ",
        "그러나 경업금지약정은 그 필요성이 인정된다 하더라도 가맹점사업자의 헌법상 기본권인 직업선택의 자유를 제한하는 결과를 초래하므로 양당사자의 이익수준의 형평을 고려하여 인정될 필요성이 있다.",
        "법률이 허용하는 한도를 초과하는 경업금지의무를 약관조항으로 둘 경우에는 가맹사업의 종류, 가맹사업 영위 과정에서 가맹본부의 역할 및 비중, 계약종료 이후 가맹점사업자에 의한 영업비밀 유출 위험 등 제반사정을 종합하여 가맹점사업자의 기본권을 제한할 정도로 보호가치 있는 가맹본부의 이익이 있는지 여부를 판단하여야 할 것이다. ",
        " 이 사건 가맹사업은 매운 떡볶이를 전문으로 하는 분식점 사업으로 가맹본부는 가맹점사업자에게 점포운영 노하우, 메뉴별 조리실습, 서비스 교육 등을 실시하고 메뉴 조리에 필요한 양념 및 주·부재료를 공급하는 역할을 한다. 이 과정에서 가맹점사업자는 가맹본부의 특수한 조리법 등을 전수받아 영업을 하게 되나 조리의 핵심이라고 할 수 있는 각종 양념은 이미 만들어진 상태에서 제공되므로 가맹점사업자에 의한 영업비밀 유출 위험이 높다고 보기 어렵다. ",
        " 사건 가맹점에서 판매되는 떡볶이, 김밥, 튀김, 어묵 등의 분식은 남녀노소 누구나 즐겨먹는 매우 보편적이고 대중적인 음식으로 이 사건 가맹본부가 그 메뉴 자체를 독창적으로 개발하였다고 볼 수 없다. 심사대상 약관조항은 가맹점사업자에게 3년간 동일지역에서 동종업종은 물론 가맹본부의 메뉴로 영업하는 행위를 금지하고 있어 제한되는 기간이나 범위가 광범위하여 보호해야할 가맹본부의 이익에 비하여 침해되는 가맹점사업자의 불이익이 현저히 큰 것으로 판단된다.  "
    ],
    "relateLaword": [
        "제6조(일반원칙)\n  ② 약관의 내용 중 다음 각 호의 어느 하나에 해당하는 내용을 정하고 있는 조항은 공정성을 잃은 것으로 추정된다.\n  1. 고객에게 부당하게 불리한 조항"
    ],
    "unfavorableProvision": "1"
}