{
    "clauseField": "2",
    "ftcCnclsns": "1",
    "clauseArticle": [
        "제6조(상가개발비)\n상가활성화를 위한 개발비의 적용 및 진행내역은 다음 각 호와 같다.\n5항 개발비는 위 1.2.3.4항 등의 명목으로 시행사가 수령 즉시 집행되므로 매수인은 상기 분양계약을 해지할 경우라도 개발비의 환불을 요구할 수 없다.",
        "제16조(계약해지)\n을의 귀책사유로 인하여 분양계약이 해지되는 경우에는 계약금과 개발비는 위약금으로서 갑에게 귀속되며  갑 은 받은 금원에서 을의 귀책사유로 인한 갑의 손해액을 공제한 금원을 90일 이내에을에게 반환한다."
    ],
    "dvAntageous": "2",
    "illdcssBasiss": [
        "개발비는 광고,홍보비, 공통 인테리어 공사비, 모집수수료 등 상권 활성화를 위해 사용하는 경비로 명시되어 있으나, 동 개발비의 내역에는 원래 점포공급주체가 부담하여야 할 상가조성비용을 수분양자가 부담하는 경우가 있을 수 있다.",
        "수분양자가 부담할 성격이 아닌 개발비에 대해서는 계약의 해제 또는 해지시 수분양자에게 반환하여야 함이 타당함에도 사업자와 고객 사이에 이용되는 일반거래약관 속에 계약해지시 계약금 외에 개발비까지 위약금으로 처리하여 그 환불을 요구할 수 없도록 하고 있는 위 약관조항은 고객에 대하여 부당하게 불리한 조항이다."
    ],
    "relateLaword": [
        "제6조(일반원칙) \n② 약관의 내용 중 다음 각 호의 어느 하나에 해당하는 내용을 정하고 있는 조항은 공정성을 잃은 것으로 추정된다.\n1. 고객에게 부당하게 불리한 조항"
    ],
    "unfavorableProvision": "1"
}