{
    "clauseField": "2",
    "ftcCnclsns": "1",
    "clauseArticle": [
        "제10조(관리)\n1항. 입점 후 상가의 관리는 초기의 질서유지관리 및 운영관리방법과 제도정착 등을 위하여 갑또는 갑이 지정하는 관리권자가 수임관리하며 이와 관련하여 갑 또는 관리자가 조직하는 단체에 을은 의무적으로 가입한다.\n2항. 을 은 잔금납부시 본 계약에 따른 분양물건의 사용관리에 관한 세부사항을 규정하는 별도의 관리계약(관리규칙 및 운영규칙)을갑 또는 갑이 지정하는 관리권자와 의무적으로 체결하고 반드시 이를 준수한다.",
        "제12조(임대 및 재임대)\n1항. 을이 분양물건을 임대할 경우 또는 을로부터 임차인이 분양건물을 재임대할 경우 그 구체적인 임대, 재임대 조건을 제8조 제1항의 관리권자가 정한 기준에 따른다. 단, 관리권자가 선임되기까지는 갑이 정한 기준에 따른다.\n2항. 을이 분양물건을 임대하거나 그 임차인이 재임대하는 경우, 관련 임대계약(또는 재임대 계약)에 반드시 전항의 관리권자 또는 갑이 정한 재임대기준을 따르도록 명시하여야 한다.",
        "제18조(점포관리 계약의 체결)\n을은 잔금납부시갑또는 갑이 지정하는 관리인과 별도의 점포 관리계약을 체결하여야 하며 위 관리계약을 체결하지 않는 경우을은 점포에 입주할 의사가 없는 것으로 간주한다."
    ],
    "dvAntageous": "2",
    "illdcssBasiss": [
        "당사자간의 개별약정이 아닌 약관에 의하여 사업자 또는 사업자가 일방적으로 정한 관리인이 조직하는 단체에 의무적으로 가입하도록 하고 있으며, 사업자 또는 사업자가 지정한 관리인이 일방적으로 정한 제반 관리규정을 준수하도록 하여 입점상인이 구분소유자로서 관리단을 구성할 권리 또는 입점상인이 대규모점포 유지 및 관리를 위해 필요한 업무를 수행할 자를 지정할 수 있는 권리를 침해하고 있는 바, ",
        "법률의 규정에 의한 고객의 권리를 상당한 이유 없이 배제 또는 제한하는 조항이자 고객이 제3자와 계약을 체결하는 것을 부당하게 제한하는 조항이다."
    ],
    "relateLaword": [
        "제11조(고객의 권익 보호)\n 고객의 권익에 관하여 정하고 있는 약관의 내용 중 다음 각 호의 어느 하나에 해당하는 내용을 정하고 있는 조항은 무효로 한다.\n1. 법률에 따른 고객의 항변권, 상계권 등의 권리를 상당한 이유 없이 배제하거나 제한하는 조항",
        "제11조(고객의 권익 보호) \n고객의 권익에 관하여 정하고 있는 약관의 내용 중 다음 각 호의 어느 하나에 해당하는 내용을 정하고 있는 조항은 무효로 한다.\n3. 고객이 제3자와 계약을 체결하는 것을 부당하게 제한하는 조항"
    ],
    "unfavorableProvision": "2"
}