{
    "clauseField": "1",
    "ftcCnclsns": "1",
    "clauseArticle": [
        "제5조(기술이전, 기술유츨금지)\n제1항 가맹점( 을 )은  갑 에게서 배운 모든 기술적인 내용을 그 누구에게도 발설해서는 안되며 기술이전 또한 해서는 안된다. 만약 기술이전을 하거나 기술을 타인에게 유출하였을 경우 가맹점( 을 )은  갑 에게 금 10억원(1,000,000,000)의 손해배상을 해야 하고 가맹점( 을 )은 이에 대해 이의를 제기할 수 없다. "
    ],
    "dvAntageous": "2",
    "illdcssBasiss": [
        "관련자료나 감정·평가 관련자료 등 이 사건 방울기정떡 제조기술의 금전적 가치를 입증할만한 객관적 자료가 확인되지 않는 점 등을 고려할 때, 기술유출 시 금 10억원의 손해배상액을 예정하고 있다",
        "가맹점사업자에게 부당하게 과중한 손해배상의무를 부담시키는 것이다."
    ],
    "relateLaword": [
        "제8조(손해배상액의 예정) 고객에게 부당하게 과중한 지연 손해금 등의 손해배상 의무를 부담시키는 약관 조항은 무효로 한다."
    ],
    "unfavorableProvision": "2"
}