{
    "clauseField": "2",
    "ftcCnclsns": "1",
    "clauseArticle": [
        "제4조(면적 및 조건변경)\n2항 건축물의 설계변경 또는 허가조건의 변동 등으로 분양물의 위치, 면적 및 구조, 경관 등이 변경될 수 있다."
    ],
    "dvAntageous": "2",
    "illdcssBasiss": [
        "불가피한 사정으로 계약내용대로 이행하는 것이 곤란한 경우 계약상대방과의 협의 등을 통해 계약내용이 변경될 수는 있을 것이나, 이 경우에도 변경사유가 객관적이고 명확하여 상당성이 인정되어야 할 것이고, 그러나 위 약관조항은 사업자가 일방적으로 설계 등을 변경하여 계약내용(분양물의 위치, 면적, 구조 등)이 변경될 수 있도록 정하고 있으므로 이는 상당한 이유없이 급부의 내을 사업자가 일방적으로 변경할 수 있도록 권한을 부여하고 있는 조항이다."
    ],
    "relateLaword": [
        "제10조(채무의 이행)\n채무의 이행에 관하여 정하고 있는 약관의 내용 중 다음 각 호의 어느 하나에 해당하는 내용을 정하고 있는 조항은 무효로 한다.\n  1. 상당한 이유 없이 급부의 내용을 사업자가 일방적으로 결정하거나 변경할 수 있도록 권한을 부여하는 조항"
    ],
    "unfavorableProvision": "2"
}