{
    "clauseField": "1",
    "ftcCnclsns": "1",
    "clauseArticle": [
        "제7조(계약의 해제)\n제1항 가맹점( 을 )이 다음의 행위를 하였을 때  갑 은 일정 기간을 두고 그 시정을 최고하여도 이를 이행하지 않을 때  갑 은 본 계약을 해약할 수 있다.",
        "제1호 계약상의 대금지불이 이루어지지 않았을 경우\n",
        "제2호 가맹점( 을 )이  갑 의 신용을 현저히 떨어뜨리는 행위를 하였을 때\n",
        "제3호 가맹점( 을 )이  갑 의 지시나 담당직원의 지시를 위반하거나 이행하지 않았을 때\n",
        "제4호 계약상의 각 사항에 대한 위반 행위가 있을 때\n"
    ],
    "dvAntageous": "2",
    "illdcssBasiss": [
        "매매계약을 해제하려면, 당해 채무가 매매계약의 목적 달성에 있어 필요불가결하고 이를 이행하지 아니하면 매매계약의 목적이 달성되지 아니하여 매도인이 매매계약을 체결하지 아니하였을 것이라고 여겨질 정도의 주된 채무이어야 한다",
        "이는 가맹본부에 법률에서 규정하고 있지 아니한 해제권을 부여하여 가맹점사업자에게 부당하게 불이익을 줄 우려가 있는 조항이다."
    ],
    "relateLaword": [
        "제9조(계약의 해제ㆍ해지) \n계약의 해제ㆍ해지에 관하여 정하고 있는 약관의 내용 중 다음 각 호의 어느 하나에 해당되는 내용을 정하고 있는 조항은 무효로 한다.\n   2. 사업자에게 법률에서 규정하고 있지 아니하는 해제권 또는 해지권을 부여하여 고객에게 부당하게 불이익을 줄 우려가 있는 조항"
    ],
    "unfavorableProvision": "2"
}