{
    "clauseField": "5",
    "ftcCnclsns": "1",
    "clauseArticle": [
        "제9조(입점절차)\n제4항 정부정책과 갑의 영업계획 및 전체상권의 활성화를 위하여 용산민자역사 시설(상업시설 및 역무시설)의 설계, 외관, 면적, 용도(업종, 용도, 취급품목을 포함), 기능, 내장시설 등에 변경이 있는 경우, 을은 이를 수인하고 계약해지를 포함한 일체의 이의를 제기하지 아니하며, 제26조에 의한 정산만을 갑에게 청구할 수 있다. 또한 갑은 이와 관련하여 일체의 민․형사상 책임을 지지 아니한다.\n제5항 갑이 본 계약서에 정한 입점예정일 전",
        "에 을의 입점을 요청하는 경우에는 을은 임대차보증금 잔금을 갑에게 납입하고 입점하기로 한다. 이때 임대차개시일은 갑이 을에게요청한 입점지정일로 한다."
    ],
    "dvAntageous": "2",
    "illdcssBasiss": [
        "상당한 이유없이 급부의 내용을 사업자가 일방적으로 결정하거나 변경할 수 있도록 권한을 부여하는 조항이며, 법률의 규정에 의한 고객의 항변권 등의 권리를 상당한 이유없이 제한하는 조항이다. ",
        "임대차계약서에서 정한 입점예정일 또는 임대보증금 잔금 납입시기를 앞당길 경우에는 피심인은 임차인의 동의를 얻어야 할 것임에도 피심인은 임의로 입점예정일을 앞당기는 한편, 피심인이 입점을 조기요청한 날에 임차인이 임대차보증금 잔금을 납입하도록 정한 것은 고객에게 부당하게 불리한 약관조항이며 또한 고객에게 부여된 기한의 이익을 상당한 이유없이 박탈하는 조항이다."
    ],
    "relateLaword": [
        "제6조(일반원칙) \n② 약관의 내용 중 다음 각 호의 어느 하나에 해당하는 내용을 정하고 있는 조항은 공정성을 잃은 것으로 추정된다.\n1. 고객에게 부당하게 불리한 조항",
        "제10조(채무의 이행) \n채무의 이행에 관하여 정하고 있는 약관의 내용 중 다음 각 호의 어느 하나에 해당하는 내용을 정하고 있는 조항은 무효로 한다.\n1. 상당한 이유 없이 급부의 내용을 사업자가 일방적으로 결정하거나 변경할 수 있도록 권한을 부여하는 조항",
        "제11조(고객의 권익 보호) \n고객의 권익에 관하여 정하고 있는 약관의 내용 중 다음 각 호의 어느 하나에 해당하는 내용을 정하고 있는 조항은 무효로 한다.\n1. 법률에 따른 고객의 항변권, 상계권 등의 권리를 상당한 이유 없이 배제하거나 제한하는 조항",
        "2. 고객에게 주어진 기한의 이익을 상당한 이유 없이 박탈하는 조항"
    ],
    "unfavorableProvision": "2"
}