{
    "clauseField": "2",
    "ftcCnclsns": "1",
    "clauseArticle": [
        "제9조(위약금)\n2항 제8조3항에 해당하는 사유로 이 계약이 해제된 때에는갑은 을에게 공급대금 총액의 10%를 위약금으로 지급한다.\n3항 제1항 또는 제2항의 경우에 갑은 을이 이미 납부한 대금에 대하여 그 받은 날로부터 반환일까지에 대한 이자는 없는 것으로 한다. "
    ],
    "dvAntageous": "2",
    "illdcssBasiss": [
        "계약이 해제,해지되면 쌍방당사자는 계약의 존속을 전제로 하여 상대방으로부터 받은 급부를 원상회복함으로써 계약관계를 청산하여야 한다.\n",
        "피청구인은 고객의 귀책사유로 인한 계약해지시 10%의 위약금을 부과하는 반면 사업자의 귀책사유에 대해서는 이자를 제외한 원금만 상환하도록 규정하고 있다.",
        "임의법규에 반하는 약관조항은 상당한 이유가 없는 한 무효에 해당되며 이 사건에서 상당한 이유를 발견할 수 없음을 감안할 때 동 조항은 고객에게 부당하게 불리한 조항이다."
    ],
    "relateLaword": [
        "제9조(계약의 해제,해지) \n계약의 해제,해지에 관하여 정하고 있는 약관의 내용 중 다음 각 호의 어느 하나에 해당되는 내용을 정하고 있는 조항은 무효로 한다.\n3. 법률에 따른 사업자의 해제권 또는 해지권의 행사 요건을 완화하여 고객에게 부당하게 불이익을 줄 우려가 있는 조항"
    ],
    "unfavorableProvision": "2"
}