{
    "clauseField": "2",
    "ftcCnclsns": "1",
    "clauseArticle": [
        "제10조(관리)\n2항 입점일 또는 최초입점지정일 이후 발생되는 모든 관리비는 을의 부담으로 한다."
    ],
    "dvAntageous": "2",
    "illdcssBasiss": [
        "사업자는 동 조항을 상가분양 표준약관 8조 2항에 근거하였다고 주장하고 있으나 표준약관에서는 수분양자의 실제 관리의무가 시작되는 입점일 이후 발생하는 관리비를  을 이 부담하도록 규정하고 있어, 최초입점지정일 이후에도 관리비를 부담할 수 있도록 하는 사업자의 약관조항과는 차이가 있다. 따라서 최초입정지정일부터 수분양자의 관리의무가 발생하는 것으로 판단하여 관리비를 수분양자가 부담하도록 하는 것은 고객에게 부당하게 불리한 조항이다."
    ],
    "relateLaword": [
        "제6조(일반원칙) \n② 약관의 내용 중 다음 각 호의 어느 하나에 해당하는 내용을 정하고 있는 조항은 공정성을 잃은 것으로 추정된다.\n1. 고객에게 부당하게 불리한 조항"
    ],
    "unfavorableProvision": "1"
}