{
    "clauseField": "1",
    "ftcCnclsns": "1",
    "clauseArticle": [
        "제9조(관할법원)\n본 계약서의 쟁송사건을 해결키 위한 재판청구 등 법률행위는  갑 의 소재지의 관할 법원으로 한다. "
    ],
    "dvAntageous": "2",
    "illdcssBasiss": [
        "계약관련 쟁송사건의 관할을 피청구인 소재지의 관할 법원으로 정하고 있다. 이는 소재지 관할 법원이 다른 일부 가맹점사업자들에게는 소제기 또는 응소에 큰 불편을 초래하여 소송을 포기하게 하는 결과를 초래할 수도 있다."
    ],
    "relateLaword": [
        "제14조(소송 제기의 금지 등) 소송 제기 등과 관련된 약관의 내용 중 다음 각 호의 어느 하나에 해당하는 조항은 무효로 한다.\n1. 고객에게 부당하게 불리한 소송 제기 금지 조항 또는 재판관할의 합의 조항"
    ],
    "unfavorableProvision": "2"
}