{
    "clauseField": "2",
    "ftcCnclsns": "1",
    "clauseArticle": [
        "제5조(하자보수)\n을의 사용관리상의 하자를 제외한 시공 및 설치상 하자에 있어서 갑은 설치 후 1년간 하자보수의무를 갖는다."
    ],
    "dvAntageous": "2",
    "illdcssBasiss": [
        "하자담보책임기간을 1년으로 규정한 피심인 약관은 고객에게 부당하게 불리한 약관조항이자 상당한 이유없이 사업자의 담보책임을 배제 또는 제한하는 조항이다."
    ],
    "relateLaword": [
        "제6조(일반원칙) \n② 약관의 내용 중 다음 각 호의 어느 하나에 해당하는 내용을 정하고 있는 조항은 공정성을 잃은 것으로 추정된다.\n  1. 고객에게 부당하게 불리한 조항"
    ],
    "unfavorableProvision": "1"
}