{
    "clauseField": "2",
    "ftcCnclsns": "1",
    "clauseArticle": [
        "제6조(제품의 주문 및 최소 주문 단위)\n6항 을에게 공급하는 본건 제품의 수량은 을의 주문에 의하여 갑이 결정한다. 다만, 다음 각 호의 경우 을이 주문한 제품의 일부 또는 전부를 공급하지 아니할 수 있다. ",
        "제6조 \n제6항 제1호 천재지변 등 불가항력적인 사유가 발생한 때 \n",
        "제6조 \n제6항 제2호 갑의 생산능력의 한계, 생산계획 또는 유통정책의 변경으로 인해 출고조정 또는 제한이 불가피한 경우",
        "제6조 \n제6항 제3호 을의 판매능력이나 신용상태에 비추어 부당하게 많은 물품을 주문한 경우 ",
        "제6조 \n제6항 제4호 을이 제품 대금을 출고 전 선입금 하지 않은 경우 ",
        "제6조 \n제6항 제5호 을이 본 계약의 규정을 성실히 이행하지 아니한 경우 ",
        "제6조\n제6항의 규정에 의하여 물품의 일부 또는 전부가 공급되지 아니하여 ‘을’에게 손해가 발생한 경우에도 ‘갑’은 ‘을’에게 그 손해를 배상할 책임이 없다."
    ],
    "dvAntageous": "2",
    "illdcssBasiss": [
        "공급자의 물품공급의무가 계속적 물품공급계약의 가장 본질적인 부분이라는 점을 고려할 때, 위와 같이 공급자의 자의적인 판단에 따라 물품공급의 일부 또는 전부가 중단될 수 있도록 한 약관조항은 상당한 이유 없이 사업자가 이행하여야 할 급부를 일방적으로 중지할 수 있게 한 조항이다."
    ],
    "relateLaword": [
        "제10조(채무의 이행) \n채무의 이행에 관하여 정하고 있는 약관의 내용 중 다음 각 호의 어느 하나에 해당하는 내용을 정하고 있는 조항은 무효로 한다.\n2. 상당한 이유 없이 사업자가 이행하여야 할 급부를 일방적으로 중지할 수 있게 하거나 제3자에게 대행할 수 있게 하는 조항"
    ],
    "unfavorableProvision": "2"
}