{
    "clauseField": "1",
    "ftcCnclsns": "1",
    "clauseArticle": [
        "제11조(계약의 해석) \n본 계약에서 정하지 않은 사항 또는 본 계약조항의 해석상 의문이 있을 경우에는 갑의 해석을 따르기로 한다.\n"
    ],
    "dvAntageous": "2",
    "illdcssBasiss": [
        "약관이란 사업자에 의해 일방적으로 사전에 작성된 계약조건이기 때문에 대부분 사업자에게 유리하게 작성되는 문제점이 있다. 이러한 약관의 특성 때문에 약관조항의 의미가 명확하지 않을 경우 신의성실의 원칙에 따라 공정하고 객관적으로 해석되어야 하고, 작성자 불이익의 원칙에 따라 가맹점 모집인에게 유리하게 해석되어야 한다. ",
        "명확하게 해석되지 않는 약관조항이 있을 경우에는 당사자가 합의하여 결정하되, 만일 합의가 되지 않을 경우에는 관계법령 및 일반관례에 따르거나 고객의 이익에 유리하게 해석되어야 한다. 그러나, 피청구인들의 해당 약관조항은 계약서에서 정하고 있지 아니하거나 해석상 이의가 있는 경우 사업자의 해석에 따르도록 정하고 있다. "
    ],
    "relateLaword": [
        "제6조(일반원칙) \n  ② 약관의 내용 중 다음 각 호의 어느 하나에 해당하는 내용을 정하고 있는 조항은 공정성을 잃은 것으로 추정된다.\n  1. 고객에게 부당하게 불리한 조항"
    ],
    "unfavorableProvision": "1"
}