{
    "clauseField": "1",
    "ftcCnclsns": "1",
    "clauseArticle": [
        "000카드\n제7조(계약의 해지) \n갑은 다음 각 호의 사유가 발생한 경우 별도 통지 없이 본 계약을 해지하거나 수수료 지급을 유예할 수 있다.\n제5항 을이 제5조의 준수사항을 위반한 경우 \n  제5조(준수사항)\n  가맹점 신청자 본인여부 확인 \n  사업장 방문을 통한 영업여부 확인\n  가입신청서 원본 제출 및 스티커 교부"
    ],
    "dvAntageous": "2",
    "illdcssBasiss": [
        "계약당사자의 책임있는 사유로 인하여 계약을 해지하는 경우 상당한 기간을 정하여 그 이행을 최고하고 이행이 없을 때 비로소 계약을 해지할 수 있음이 원칙이다. 그러므로, 최고 없이 즉시 계약을 해지할 수 있는 사유는 계약관계를 더 이상 존속시키기 어려운 사유로 한정하여야 할 것이다.",
        "피청구인들의 해당 약관조항은 가맹점이 준수사항을 위반하는 경우 이 사건 가맹점 모집인 계약을 존속시키기 어려운 상태를 초래하는지 여부에 관계없이 즉시 계약을 해지할 수 있도록 하고 있다.",
        "해당 약관조항은 피청구인들의 해지권을 부당하게 완화하여 최고 없이 계약해지를 할 수 있도록 함으로써 고객에게 부당하게 불이익을 줄 우려가 있는 조항이다."
    ],
    "relateLaword": [
        "제9조(계약의 해제ㆍ해지) \n계약의 해제ㆍ해지에 관하여 정하고 있는 약관의 내용 중 다음 각 호의 어느 하나에 해당되는 내용을 정하고 있는 조항은 무효로 한다.\n  3. 법률에 따른 사업자의 해제권 또는 해지권의 행사 요건을 완화하여 고객에게 부당하게 불이익을 줄 우려가 있는 조항"
    ],
    "unfavorableProvision": "2"
}