{
    "clauseField": "5",
    "ftcCnclsns": "1",
    "clauseArticle": [
        "제3조(임대조건 등의 변경)\n제2항 갑은 임대차기간 기산일로부터 1년이 경과한 날로부터 매 1년 단위로 임대보증금 및 임대료를 5%까지 증액할 수 있으며, (생략)"
    ],
    "dvAntageous": "2",
    "illdcssBasiss": [
        "임대료 인상과 관련하여 민간임대주택법이나 공공주택특별법에 규정되어 있는 임차인의 권리를 상당한 이유 없이 배제하는 조항이다. "
    ],
    "relateLaword": [
        "제11조(고객의 권익 보호) \n고객의 권익에 관하여 정하고 있는 약관의 내용 중 다음 각 호의 어느 하나에 해당하는 내용을 정하고 있는 조항은 무효로 한다.\n1. 법률에 따른 고객의 항변권, 상계권 등의 권리를 상당한 이유 없이 배제하거나 제한하는 조항"
    ],
    "unfavorableProvision": "2"
}