{
    "clauseField": "1",
    "ftcCnclsns": "1",
    "clauseArticle": [
        "제10조(계약기간에 관한 사항)\n제1항 계약기간은 계약체결일로부터 (3년)으로 한다.\n제2항 계약갱신시 계약기간은 (1년)씩 연장된다."
    ],
    "dvAntageous": "2",
    "illdcssBasiss": [
        "해당 약관조항은 계약이 갱신되는 경우 계약기간을 최초 계약기간(3년)과 달리 1년씩 연장된다고 규정함으로써 계약갱신의 효과를 제한하고 있다.",
        " 해당 약관조항은 가맹점사업자에게 부당하게 불리한 조항이다."
    ],
    "relateLaword": [
        "제6조(일반원칙) \n  ② 약관의 내용 중 다음 각 호의 어느 하나에 해당하는 내용을 정하고 있는 조항은 공정성을 잃은 것으로 추정된다.\n  1. 고객에게 부당하게 불리한 조항"
    ],
    "unfavorableProvision": "1"
}