{
    "clauseField": "5",
    "ftcCnclsns": "1",
    "clauseArticle": [
        "제17조(유의사항)\n제1항 을은 임대주택을 사용·수익하는 이외의 갑이 인정하는 경우를 제외한 연고권 주장이나 어떠한 목적의 권리도 설정할 수 없다.\n제2항 임대차계약의 해제(해지)시 을의 위 주택에 대한 모든 임차권에 대한 권리가 상실되며, 어떠한 경우에도 임차권에 대한 권리를 주장할 수 없다."
    ],
    "dvAntageous": "2",
    "illdcssBasiss": [
        "임대차계약의 해제(해지)시 임차권에 대한 권리는 상실되지만, 임대인의 보증금 반환 의무 또는 법률에 위배되는 해제(해지)원인이 있을 경우 이에 대한 임차인의 이의 제기권은 여전히 존재한다고 볼 수 있음에도 위 조항에서는 일체의 권리가 인정되지 않고 있다. 고객에게 부당한 조항이다."
    ],
    "relateLaword": [
        "제6조(일반원칙) \n② 약관의 내용 중 다음 각 호의 어느 하나에 해당하는 내용을 정하고 있는 조항은 공정성을 잃은 것으로 추정된다.\n1. 고객에게 부당하게 불리한 조항"
    ],
    "unfavorableProvision": "1"
}