{
    "clauseField": "2",
    "ftcCnclsns": "1",
    "clauseArticle": [
        "제13조(계약해지)\n1항. 다음 각 호에 해당하는 경우 갑응 을에 대한 제품의 공급을 중단하거나 상당한 기간을 정하여 이행을 최고한 후 본 계약을 해지할 수 있다. \n2항. 을의 재산에 대하여 보전처분 또는 강제집행이 행하여지거나 행하여질 우려가 있는 경우"
    ],
    "dvAntageous": "2",
    "illdcssBasiss": [
        "채무자의 심문 없이 채권자의 일방적 소명에 의존하여 내려지는 것이어서 채무자가 억울하게 자신의 재산처분에 제약을 받는 경우도 종종 발생하고, 채무자는 이의신청 또는 이의의 소를 통해 보전처분에 불복할 수 있다. 따라서 권리관계가 확정된 것이 아닌 보전처분을 이유로 제품공급중단 또는 계약해지가 가능하도록 하는 조항은 법률에 따른 사업자의 해지권 행사 요건을 완화하여 고객에게 부당하게 불이익을 줄 우려가 있는 조항이다."
    ],
    "relateLaword": [
        "제9조(계약의 해제,해지) \n계약의 해제,해지에 관하여 정하고 있는 약관의 내용 중 다음 각 호의 어느 하나에 해당되는 내용을 정하고 있는 조항은 무효로 한다.\n3. 법률에 따른 사업자의 해제권 또는 해지권의 행사 요건을 완화하여 고객에게 부당하게 불이익을 줄 우려가 있는 조항"
    ],
    "unfavorableProvision": "2"
}