{
    "clauseField": "1",
    "ftcCnclsns": "1",
    "clauseArticle": [
        "제16조(을의 계약해지)\n2항 계약해지 시에는 제반비용 및 세무부분의 비용을 제한 금액(총 금액의 15%를 말함)을 해지 통보 6개월 후 말일 날 정산한다."
    ],
    "dvAntageous": "2",
    "illdcssBasiss": [
        "계약의 해지 시 각 당사자는 그 상대방에 대하여 원상회복의 의무가 있음에도 특별한 이유 없이 계약해지를 통보하고 6개월 후 말일 날 정산한다고 약관상에 규정한 것은 계약의 해제ㆍ해지로 인한 사업자의 원상회복의무를 부당하게 경감하고 있는 조항이다."
    ],
    "relateLaword": [
        "제9조(계약의 해제ㆍ해지) \n계약의 해제ㆍ해지에 관하여 정하고 있는 약관의 내용 중 다음 각 호의 어느 하나에 해당되는 내용을 정하고 있는 조항은 무효로 한다.\n4. 계약의 해제 또는 해지로 인한 원상회복의무를 상당한 이유 없이 고객에게 과중하게 부담시키거나 고객의 원상회복 청구권을 부당하게 포기하도록 하는 조항"
    ],
    "unfavorableProvision": "2"
}