{
    "clauseField": "5",
    "ftcCnclsns": "1",
    "clauseArticle": [
        "제14조(명도와 원상복구)\n제2항 계약기간이 완료된 후에도 계속 점유하여 사용 할 경우 시행위탁사는 단수, 단전, 출입문의 폐쇄 등의 조치를 취할 수 있으며, 계약만료일로부터 실제의 명도일까지 통상 임차료와 관리비의 2배에 해당하는 금액을 배상하여야 하며 위와 같은 일련의 조치에 관하여 임차인은 하등의 이의를 제기할 수 없다."
    ],
    "dvAntageous": "2",
    "illdcssBasiss": [
        "임대차계약이 종료된 후에 임차인이 자기 소유의 물건을 반출하지 아니하거나 임대차물건을 원상으로 복구하여 명도하지 않을 경우 임대인에게 통상 임대료와 관리비의 2배에 해당하는 금액을 손해배상금으로 지급하도록 한 해당 약관조항은 고객에 대하여 부당하게 과중한 손해배상의무를 부담시키는 조항이다."
    ],
    "relateLaword": [
        "제8조(손해배상액의 예정) \n고객에게 부당하게 과중한 지연 손해금 등의 손해배상 의무를 부담시키는 약관 조항은 무효로 한다."
    ],
    "unfavorableProvision": "2"
}