{
    "clauseField": "5",
    "ftcCnclsns": "1",
    "clauseArticle": [
        "제3조(임대보증금)\n제3항 을은 임대보증금으로 임대료등의 부담금 지급액에 대체할 수 없으며, 임대보증금 반환청구권을 타인에게 양도하거나 질권, 기타 담보로 제공할 수 없다."
    ],
    "dvAntageous": "2",
    "illdcssBasiss": [
        "임차인은 이를 양도하거나 질권설정의 방법으로 담보제공함으로써 자금융통을 할 수 있음에도 현행 약관조항은 임차인의 보증금반환청구권을 타인에게 양도하거나 질권설정등 기타 담보제공을 할수 없도록 규정하고 있는 바, 이는 법률의 규정에 의한 고객의 권리를 상당한 이유없이 배제 또는 제한하는 조항이다."
    ],
    "relateLaword": [
        "제11조(고객의 권익 보호) \n고객의 권익에 관하여 정하고 있는 약관의 내용 중 다음 각 호의 어느 하나에 해당하는 내용을 정하고 있는 조항은 무효로 한다.\n1. 법률에 따른 고객의 항변권, 상계권 등의 권리를 상당한 이유 없이 배제하거나 제한하는 조항"
    ],
    "unfavorableProvision": "2"
}