{
    "clauseField": "1",
    "ftcCnclsns": "1",
    "clauseArticle": [
        "제47조(영업의 양도 등)\n1항  본 계약을 체결한 날로부터 12개월이 경과하기 이전에는 갑이 본 조 제1항의 동의를 거절함에 사유를 필요로 하지 않고, 이후에는 을의 본 계약 위반 또는 그 외 합리적인 사유가 있는 경우에만 동의를 거절할 수 있으며, 이 경우 갑은 사유를 구체적으로 명시하여 을에게 통지하기로 한다"
    ],
    "dvAntageous": "2",
    "illdcssBasiss": [
        "입법예고 중인 상법개정안에도 가맹본부는 정당한 사유가 없으면 양도를 승인하여야 한다고 규정하고 있다. 그러므로 영업양도를 거부할 수 있거나 금지하고 있는 당해 약관조항은 가맹점사업자에게 부당하게 불리한 조항이다."
    ],
    "relateLaword": [
        "제6조(일반원칙) \n  ② 약관의 내용 중 다음 각 호의 어느 하나에 해당하는 내용을 정하고 있는 조항은 공정성을 잃은 것으로 추정된다.\n  1. 고객에게 부당하게 불리한 조항"
    ],
    "unfavorableProvision": "1"
}