{
    "clauseField": "1",
    "ftcCnclsns": "1",
    "clauseArticle": [
        "제14조 (가맹비) \n3항 본 계약 기간 내에 계약이 해지된 경우  갑 은  을 로부터 지급받은 가맹비에 대하여 각호 1의 규정에 따라 반환한다.",
        "제14조 \n3항 1호 가맹사업 개시 이전에 계약이 해지된 경우  갑 은  을 에게 인도된 제품 및 제공된 서비스(노하우 및 정보제공의 대가 등)의 비용을 제외한 금액을 반환한다.",
        "제14조 \n3항2호 가맹사업 개시 후 계약이 해지된 경우 가맹비는  을 이 000 가맹사업에 가맹점으로 참여하기 위하여 최초 발생하는 소멸성 비용으로서 가맹사업 개시 후에는 반환되지 않는다.\n"
    ],
    "dvAntageous": "2",
    "illdcssBasiss": [
        "가맹사업거래의 공정화에 관한 법률은 가맹본부가 가맹점사업자에게 정보공개서를 교부하지 않는 등 법 위반행위가 있는 경우에는 가맹사업을 개시하였더라도 가맹금을 반환할 의무들을 부과하고 있음. 그럼에도 수정 전  후에는 가맹금을 일체 반환하지 않는다고 명시하고 있어 법위반 여지가 있었다."
    ],
    "relateLaword": [
        "제10조(채무의 이행) 채무의 이행에 관하여 정하고 있는 약관의 내용 중 다음 각 호의 어느 하나에 해당하는 내용을 정하고 있는 조항은 무효로 한다.\n  1. 상당한 이유 없이 급부(給付)의 내용을 사업자가 일방적으로 결정하거나 변경할 수 있도록 권한을 부여하는 조항\n  2. 상당한 이유 없이 사업자가 이행하여야 할 급부를 일방적으로 중지할 수 있게 하거나 제3자에게 대행할 수 있게 하는 조항"
    ],
    "unfavorableProvision": "2"
}