{
    "clauseField": "1",
    "ftcCnclsns": "1",
    "clauseArticle": [
        "제7조(준수사항)\n6항 가맹점이 폐업 시 반드시 회사에 통보하여 자동이체 수수료의 출금해지 요청을 하여야 하며 이를 위반하여 \n 갑 이 기출금한 자동이체 수수료에 대하여 반환요청을 할 수 없습니다."
    ],
    "dvAntageous": "2",
    "illdcssBasiss": [
        "가맹점이 자동이체 출금해지 요청을 소홀히 하여 착오로 피청구인에게 지급된 자동이체 수수료 일체에 대하여 반환요청을 할 수 없도록 하는 해당 약관조항은 고객이 계약의 거래형태 등 제반사정에 비추어 예상하기 어려운 조항으로 고객에 대하여 부당하게 불리한 조항이다."
    ],
    "relateLaword": [
        "제6조(일반원칙) \n  ② 약관의 내용 중 다음 각 호의 어느 하나에 해당하는 내용을 정하고 있는 조항은 공정성을 잃은 것으로 추정된다.\n  1. 고객에게 부당하게 불리한 조항"
    ],
    "unfavorableProvision": "1"
}