{
    "clauseField": "5",
    "ftcCnclsns": "1",
    "clauseArticle": [
        "제18조(유익비 청구 및 인수금지) \n을은 해약시 영업허가증 권리금을 포함한 일체의 유익비를 갑 또는 제3자에게 청구할 수 없으며을 소유물 및 종업원에 대하여 갑 또는 제3자에게 인수를 요구할 수 없다."
    ],
    "dvAntageous": "2",
    "illdcssBasiss": [
        "당사자간의 특약이나 개별약정이 아닌 임대인이 사전에 다수 상대방과 계약을 체결하기 위하여 일정한 형식에 의하여 미리 마련한 계약의 내용이 되는 일반거래약관의 형태로서 유익비 청구권을 포기하도록 규정하고 있는 바, 이는 법률의 규정에 의한 고객의 항변권, 상계권등의 권리를 상당한 이유없이 상당한 이유없이 배제하는 조항이다."
    ],
    "relateLaword": [
        "제11조(고객의 권익 보호) \n고객의 권익에 관하여 정하고 있는 약관의 내용 중 다음 각 호의 어느 하나에 해당하는 내용을 정하고 있는 조항은 무효로 한다.\n  1. 법률에 따른 고객의 항변권, 상계권 등의 권리를 상당한 이유 없이 배제하거나 제한하는 조항"
    ],
    "unfavorableProvision": "2"
}