{
    "clauseField": "1",
    "ftcCnclsns": "1",
    "clauseArticle": [
        "제16조 (가맹점 거래정지 및 계약해지)\n1 갑은 을이 다음 각호에 해당하는 행위를 하였을 때는 최고등 법적절차없이 일방적으로 해약할 수 있으며 을은 이를 이유로 어떠한 이의도 제기치 아니한다."
    ],
    "dvAntageous": "2",
    "illdcssBasiss": [
        "사업자의 자의적 판단에 의해 계약해제권을 행사토록 하는 것은 법률의 규정에 의한 해제권,해지권의 행사요건을 완화하여 고객에 대하여 부당하게 불이익을 줄 우려가 있는 조항이다."
    ],
    "relateLaword": [
        "제9조(계약의 해제,해지) \n계약의 해제,해지에 관하여 정하고 있는 약관의 내용 중 다음 각 호의 어느 하나에 해당되는 내용을 정하고 있는 조항은 무효로 한다.  \n2. 사업자에게 법률에서 규정하고 있지 아니하는 해제권 또는 해지권을 부여하여 고객에게 부당하게 불이익을 줄 우려가 있는 조항"
    ],
    "unfavorableProvision": "2"
}