{
    "clauseField": "5",
    "ftcCnclsns": "1",
    "clauseArticle": [
        "제17조(갑의 면책사유)\n제3항 을은 목적건물내에서 발생한 모든 사고에 대해서 대외적으로 책임을 지며, 이에 갑은 책임을 부담하지 아니한다.\n제23조(손해배상)\n제3항 을의 재산에 대한 적정한 안전단속은 을의 단독책임이며, 임차 장소내에서 손해가 발생하였을 때라도 갑은 하등의 책임을지지 않는다."
    ],
    "dvAntageous": "2",
    "illdcssBasiss": [
        "사업자의 귀책사유로 발생한 사고는 과실책임의 원칙상 당연히 사업자가 부담하여야 하는 것이나, 위 조항에 의하면 사업자측의 고의 또는 중대한 과실로 발생한 사고에 대해서도 법률상의 책임을 배제할 수 있다. "
    ],
    "relateLaword": [
        "제7조(면책조항의 금지) \n계약 당사자의 책임에 관하여 정하고 있는 약관의 내용 중 다음 각 호의 어느 하나에 해당하는 내용을 정하고 있는 조항은 무효로 한다.\n  1. 사업자, 이행 보조자 또는 피고용자의 고의 또는 중대한 과실로 인한 법률상의 책임을 배제하는 조항"
    ],
    "unfavorableProvision": "2"
}