{
    "clauseField": "5",
    "ftcCnclsns": "1",
    "clauseArticle": [
        "제5조\n사용료 결정 또는 계약기간 만료시 감정평가, 공개경쟁입찰 등 우리공사에서 시행하는 방법에 따르며, 이의제기 및 권리주장을 할 수 없다."
    ],
    "dvAntageous": "2",
    "illdcssBasiss": [
        "사용료의 결정 또는 계약기간 만료시 감정평가, 공개경쟁입찰 등은 사업자가 관련법령이나 사업가 정하는 방법에 의할 것이라 할지라도 사용료 결정이나 감정평가 입찰방식 등이 사업자의 일방적이고 부당한 방법에 의해 결정되었다면 고객에게 이의제기나 권리주장이 인정되어야 할 것임에도 이의제기나 권리주장을 할 수 없도록 하는 목적외사용 부대조건 제5조는 고객에게 부당하게 불리한 조항이다."
    ],
    "relateLaword": [
        "제6조(일반원칙) \n  ② 약관의 내용 중 다음 각 호의 어느 하나에 해당하는 내용을 정하고 있는 조항은 공정성을 잃은 것으로 추정된다.\n  1. 고객에게 부당하게 불리한 조항"
    ],
    "unfavorableProvision": "1"
}