{
    "clauseField": "1",
    "ftcCnclsns": "1",
    "clauseArticle": [
        "제17조(가맹금)\n3항 을은 갑의 사전 승인을 득하고 영업의 양도를 할 수 있으며, 양수인은 신규가맹계약에 준하여 갑에게 가맹금을 납입하여야 하고 계약기간은 새로운 계약기간이 체결된 것으로 간주하여 최초 3년으로 한다. 이 경우 을은 신규가맹계약의 체을 위하여 최대한 협력한다."
    ],
    "dvAntageous": "2",
    "illdcssBasiss": [
        "양수인에 대한 교육훈련비용 등 양도인으로부터 지급받은 것으로는 충당되지 않아서 가맹본부가 새로이 지출하여야 하는 비용은 양수인이 지급할 필요가 있다고 판단된다.이를 종합하여 볼 때, 가맹점의 양수인에게 가입비 전부의 지\n급의무를 부과하고 있는 위 약관조항은 고객에게 부당하게 불리한 조항이다."
    ],
    "relateLaword": [
        "제6조(일반원칙) \n  ② 약관의 내용 중 다음 각 호의 어느 하나에 해당하는 내용을 정하고 있는 조항은 공정성을 잃은 것으로 추정된다.\n  1. 고객에게 부당하게 불리한 조항"
    ],
    "unfavorableProvision": "1"
}