{
    "clauseField": "1",
    "ftcCnclsns": "1",
    "clauseArticle": [
        "제12조(상품,자재의 검사와 하자)\n1항 을은 상품, 자재를 공급받는 당일 수향 및 품질을 검사한 후 그 하자가 있을 경우 서면으로 갑에게 통지하여야 하며 하자 통지가 없을 경우 하자가 없는 것으로 간주한다. 다만, 상품,자재의 성질상 수령 즉시 하자를 발견할 수 없는 경우 3개월 이내에 이를 발견하여 통지하고 완전물로 교환을 청구할 수 있다."
    ],
    "dvAntageous": "2",
    "illdcssBasiss": [
        "상인간 매매에서 매매 목적물에 즉시 발견할 수 없는 하자가 있는 경우 매수인이 6월내에 이를 발견하여 즉시 매도인에게 통지하면 계약의 해제, 대금감액 또는 손해배상을 청구할 수 있다. 그런데 당해 약관조항에 따라 피심인은 합리적인 사유없이 위 상법규정보다 짧은 기한안에 통지를 하여야만 위와 같은 책임을 진다. 그러므로 가맹본부의 하자담보책임의 범위를 상법보다 좁혀 놓은 위 약관조항들은 고객에게 부당하게 불리한 약관조항이다."
    ],
    "relateLaword": [
        "제6조(일반원칙) \n  ② 약관의 내용 중 다음 각 호의 어느 하나에 해당하는 내용을 정하고 있는 조항은 공정성을 잃은 것으로 추정된다.\n  1. 고객에게 부당하게 불리한 조항"
    ],
    "unfavorableProvision": "1"
}