{
    "clauseField": "1",
    "ftcCnclsns": "1",
    "clauseArticle": [
        "제6조 (계약의 변경)\n본 계약은 갑이 필요시 변경하여 재체결할 수 있다."
    ],
    "dvAntageous": "2",
    "illdcssBasiss": [
        "약관조항 제6조는 갑의 일방적인 의사에 의하여 계약의 내용을 변경할 수 있는 권한을 갑 에게 부여하고 있다. 라서 동 조항은 상당한 이유 없이 급부의 내용을 사업자가 일방적으로 결정하거나 변경할 수 있도록 권한을 부여하는 조항이다."
    ],
    "relateLaword": [
        "제10조(채무의 이행) 채무의 이행에 관하여 정하고 있는 약관의 내용 중 다음 각 호의 어느 하나에 해당하는 내용을 정하고 있는 조항은 무효로 한다.\n  1. 상당한 이유 없이 급부의 내용을 사업자가 일방적으로 결정하거나 변경할 수 있도록 권한을 부여하는 조항"
    ],
    "unfavorableProvision": "2"
}