{
    "clauseField": "1",
    "ftcCnclsns": "1",
    "clauseArticle": [
        "제8조 (계약의 해석)\n본 계약의 내용에 대하여 해석상에 이의가 있을 경우 상호 신뢰를 바탕으로 원만히 해결하되, 그럼에도 불구하고 합의되지 않을 경우갑의 해석에 따른다."
    ],
    "dvAntageous": "2",
    "illdcssBasiss": [
        "계약의 내용에 대하여 해석상 다툼이 있는 경우 당사자 간의 합의가 이루어지지 않으면 최종적으로  갑 의 해석에 따르는 것으로 규정하고 있다. 한편 약관법 제5조는 약관의 해석과 관련하여 약관은 신의성실의 원칙에 따라 공정하게 해석되어야 하며, 약관의 뜻이 명백하지 아니한 경우에는 고객에게 유리하게 해석되어야 한다고 규정하고 있다.",
        "제5조는 약관의 해석과 관련하여 약관은 신의성실의 원칙에 따라 공정하게 해석되어야 하며, 약관의 뜻이 명백하지 아니한 경우에는 고객에게 유리하게 해석되어야 한다고 규정하고 있다."
    ],
    "relateLaword": [
        "제6조(일반원칙) \n  ② 약관의 내용 중 다음 각 호의 어느 하나에 해당하는 내용을 정하고 있는 조항은 공정성을 잃은 것으로 추정된다.\n  1. 고객에게 부당하게 불리한 조항"
    ],
    "unfavorableProvision": "1"
}