{
    "clauseField": "5",
    "ftcCnclsns": "1",
    "clauseArticle": [
        "제12조(재산보호)\n제2항 임대차목적물 중 을이 전용부분에서 발생하는 화재, 도난 등 모든 사고 및 손실에 대하여 갑은 어떠한 책임을 지지 아니한다."
    ],
    "dvAntageous": "2",
    "illdcssBasiss": [
        "임대차목적물에서 발생한 사고 등이 임대인의 귀책이라면 이에 대한 책임이 있음에도 전용부분에서 발생한 화재, 도난 등의 사고에 대해서 임대인은 일체의 손해를 부담하지 않겠다는 것은 사업자의 고의 또는 중대한 과실로 인한 법률상의 책임을 배제하는 조항이다."
    ],
    "relateLaword": [
        "제7조(면책조항의 금지) \n계약 당사자의 책임에 관하여 정하고 있는 약관의 내용 중 다음 각 호의 어느 하나에 해당하는 내용을 정하고 있는 조항은 무효로 한다.\n  1. 사업자, 이행 보조자 또는 피고용자의 고의 또는 중대한 과실로 인한 법률상의 책임을 배제하는 조항"
    ],
    "unfavorableProvision": "2"
}