{
    "clauseField": "5",
    "ftcCnclsns": "1",
    "clauseArticle": [
        "제14조(점포명도 등)\n제2항 점포명도시 을은 다음 각 호에 따라야 한다.\n제3호 임대차 목적물 내에 있는 을의 소유물을 을이 지정한 기한내에 반출치 아니할 때에는 갑은 이의 반출, 보관 등 적절한 조치를 취할 수 있으며 그 비용은 을이 부담한다.\n제4호 제3항의 경우 이를 갑이 임의로 처분하고 그 대금은 을의 체납된 임대료, 관리비, 기타 비용에 우선 충당한다."
    ],
    "dvAntageous": "2",
    "illdcssBasiss": [
        "임대인이 법원에 공탁하거나 법원의 허가를 받아 공매할 수는 있으나, 임대인이 임의로 처분하여 대금을 상계 처리하는 것은 임대인에게 과도한 권한을 부여함으로써 임차인에게 부당하게 불리한 불공정 약관조항이다. "
    ],
    "relateLaword": [
        "제6조(일반원칙) \n  ② 약관의 내용 중 다음 각 호의 어느 하나에 해당하는 내용을 정하고 있는 조항은 공정성을 잃은 것으로 추정된다.\n  1. 고객에게 부당하게 불리한 조항"
    ],
    "unfavorableProvision": "1"
}