{
    "clauseField": "5",
    "ftcCnclsns": "1",
    "clauseArticle": [
        "제9조(사고예방)\n제2항 임대시설물에 도난사고가 발생하였을 때에는 을은 공사에 변상을 요구할 수 없다."
    ],
    "dvAntageous": "2",
    "illdcssBasiss": [
        "피심인의 이용약관에는 임대인은 임차목적물에서 발생한 화재나 도난 등 사고에 대하여 사업자의 귀책유무를 따짐이 없이 임차인에게 책임을 돌리고 임대인은 면책되는 것으로 규정하고 있다. 위 약관조항은 사업자의 고의 또는 중대한 과실로 인한 법률상의 책임을 배제하는 조항이다."
    ],
    "relateLaword": [
        "제7조(면책조항의 금지) \n계약 당사자의 책임에 관하여 정하고 있는 약관의 내용 중 다음 각 호의 어느 하나에 해당하는 내용을 정하고 있는 조항은 무효로 한다.\n  1. 사업자, 이행 보조자 또는 피고용자의 고의 또는 중대한 과실로 인한 법률상의 책임을 배제하는 조항"
    ],
    "unfavorableProvision": "2"
}