{
    "clauseField": "5",
    "ftcCnclsns": "1",
    "clauseArticle": [
        "제27조\n제6항 이 계약서 각 조항의 해석상 이의가 있을 경우에는 갑의 해석하는 바에 따른다."
    ],
    "dvAntageous": "2",
    "illdcssBasiss": [
        "쌍방 간에 해석을 달리하거나 합의가 되지 않는 경우 사업자의 해석에 따르도록 정하여 사업자에게 유리하게 자의적인 해석이 가능하도록 되어 있어 이는 고객에게 부당하게 불리한 조항이다.  "
    ],
    "relateLaword": [
        "제6조(일반원칙) \n   ② 약관의 내용 중 다음 각 호의 어느 하나에 해당하는 내용을 정하고 있는 조항은 공정성을 잃은 것으로 추정된다.\n  1. 고객에게 부당하게 불리한 조항"
    ],
    "unfavorableProvision": "1"
}