{
    "clauseField": "5",
    "ftcCnclsns": "1",
    "clauseArticle": [
        "제1조(전세금의 변제충당 불가)\n 임대인 은 어떠한 경우라도 본 계약에 의한 임대보증금 중에서 ‘점포운영자’의 임대료, 관리비 및 기타 제반비용을 상계 처리할 수 없다."
    ],
    "dvAntageous": "2",
    "illdcssBasiss": [
        "이행보증금만으로는 임대인의 관리비 청구권, 계약기간 종료 후 무단점거로 인한 부당이득반환청구권, 기타 임대차관계에서 발생하는 손해배상청구권을 충분히 담보하지 못하게 된다.",
        "법률에 따른 고객의 상계권을 상당한 이유 없이 배제하는 조항이다. "
    ],
    "relateLaword": [
        "제11조(고객의 권익 보호) \n고객의 권익에 관하여 정하고 있는 약관의 내용 중 다음 각 호의 어느 하나에 해당하는 내용을 정하고 있는 조항은 무효로 한다.\n  1. 법률에 따른 고객의 항변권, 상계권 등의 권리를 상당한 이유 없이 배제하거나 제한하는 조항"
    ],
    "unfavorableProvision": "2"
}