{
    "clauseField": "5",
    "ftcCnclsns": "1",
    "clauseArticle": [
        "제18조\n월세금은 매월 말일로 지불하되, 만일 10일 이상 체납될 경우에는 월 1.5%의 연체료를 가산하여 보증금에서 갑이 임의로 공제할 것을 을이 승낙하고 을이 갑의 명도 청구에 응치 않을 시에는 임대목적물에 비치한 을의 집기 등을 갑이 임의로 실외로 반출하고 폐문 하여도 을은 민ㆍ형사 및 기타 등 이유로 하등 이의치 못하기로 확약한다."
    ],
    "dvAntageous": "2",
    "illdcssBasiss": [
        "법률에 따른 고객의 항변권 등의 권리를 상당한 이유 없이 배제하거나 제한하는 조항에 해당하므로 에 따라 무효이다. "
    ],
    "relateLaword": [
        "제11조(고객의 권익 보호) \n고객의 권익에 관하여 정하고 있는 약관의 내용 중 다음 각 호의 어느 하나에 해당하는 내용을 정하고 있는 조항은 무효로 한다.\n  1. 법률에 따른 고객의 항변권, 상계권 등의 권리를 상당한 이유 없이 배제하거나 제한하는 조항"
    ],
    "unfavorableProvision": "2"
}