{
    "clauseField": "5",
    "ftcCnclsns": "1",
    "clauseArticle": [
        "제19조(기타)\n제5항 본 계약의 조항의 해석상 이의가 있을 경우에는 갑의 해석하는바에 의한다."
    ],
    "dvAntageous": "2",
    "illdcssBasiss": [
        "해석상 이의가 있는 경우 임대인이 해석하는 바에 의하도록 규정한 동 약관조항은 고객에게 부당하게 불리한 조항이다. "
    ],
    "relateLaword": [
        "제6조(일반원칙) \n  ② 약관의 내용 중 다음 각 호의 어느 하나에 해당하는 내용을 정하고 있는 조항은 공정성을 잃은 것으로 추정된다.\n  1. 고객에게 부당하게 불리한 조항"
    ],
    "unfavorableProvision": "1"
}