{
    "clauseField": "5",
    "ftcCnclsns": "1",
    "clauseArticle": [
        "제6조\n제2항 을이  납부기일을 경과하여 납부할 시는 월  5부에 해당하는 연체 료를 일수계산하여 납부하여야  하며 3개월 경과 후에는 단전 및 출입금지 등 폐문조치하여도 을은 이의를 제기치 못한다. \n제15조\n제2항 해약통고후 지정기일까지 을이  명도치 않을 경우에는 갑은 하시 라도 제17조에 의한 조치를 취하여도 이의를 제기할 수 없다.\n제17조\n본 계약은 다음 사항에  해당되는 경우에는 민사상절차를 거치지 않고 임의로 갑은 임대점포에 대하여 명도 ",
        "또는 영업정지처분을 할수 있으며 을이 본 처분에  불응할 때에는 갑은 단전 또는 을 및 을의 사용인에 대하여 점포내 출입을 금지하고 폐문조치하여도 하 등의 이의를 제기할 수 없다.\n제1항 갑·을에 약정된 임대료 및  제공과금의 납부를 3개월 이상 지체 할 경우\n제2항 을 또는 을의 사용인이 갑의 정당한 지시에 불응하였을 시\n제3항 을이 갑의 명예와 신용을 훼손하였을 경우\n제4항 가격표시제를 이행치 않을 경우 및 법령을 위반하였을 때\n제5항 을 및 을의 전차인과 그 사용인이 이 계약을 어겼을 때\n제6항 기타 갑이 금지하는 사항을 위반하였을 시"
    ],
    "dvAntageous": "2",
    "illdcssBasiss": [
        "임대인에게 일방적으로  단전, 출입금지, 영업정지처분 또는 폐문조치 등의 실력행사를 허용하고 이에 대하여 임차인은 이의를 제기하지 못하도록 규정한 동 약관조항은 고객에  대하여 부당하게 불리한 조항인 동시에 법률의 규정에 의한 고객의 항변권, 상계권 등의 권리를 상당한 이유없이 배제하는 조항이다"
    ],
    "relateLaword": [
        "제6조(일반원칙) \n  ② 약관의 내용 중 다음 각 호의 어느 하나에 해당하는 내용을 정하고 있는 조항은 공정성을 잃은 것으로 추정된다.\n  1. 고객에게 부당하게 불리한 조항",
        "제11조(고객의 권익 보호) \n고객의 권익에 관하여 정하고 있는 약관의 내용 중 다음 각 호의 어느 하나에 해당하는 내용을 정하고 있는 조항은 무효로 한다.\n  1. 법률에 따른 고객의 항변권, 상계권 등의 권리를 상당한 이유 없이 배제하거나 제한하는 조항"
    ],
    "unfavorableProvision": "2"
}