{
    "clauseField": "5",
    "ftcCnclsns": "1",
    "clauseArticle": [
        "제6조(월임대료, 관리비의 납부지연)\n을이 임대차계약에 의거 갑에게 지급하여야 할 월 임대료 및 관리비를 납기일까지 완납하지 아니한 때에는 월연체료를 가산하여 납부하여야 하며 공과금 및 관리비는 매월 일로 정하여 연체시에는 건물 총 공과금의 연체이자 연25%를 납부하여야 하며 임대료의 연체시에는 월임대료를 전세금으로 환산하고 보증금과 합하여 총전세금의 연25%를 연체이자로 납부하여야 한다."
    ],
    "dvAntageous": "2",
    "illdcssBasiss": [
        "공과금 및 관리비를 연체하였다 하여 건물의 일부를 임차하여 사용하고 있는 임차인에게 자신이 사용하고 있는 임차물 부분이 아닌 건물 전체의 공과금에 대하여 연체이자율을 적용하는 것은 임차인에 부당하게 불리한 약관조항이다. ",
        "위와 같이 계산방식에 따른 금액상의 차이에도 불구하고 피심인의 현행 약관조항은 납부해야할 원금인 월임대료에서 연체이자율을 적용하는 것이 아니라 월임대료를 전세금으로 환산하고 그것을 보증금과 합한 총전세금에서 연25퍼센트의 연체이자로 납부하도록 하는 바, 이는 고객인 임차인에 부당하게 불리한 연체료 부과방식을 통해 부당하게 과중한 지연손해금등 손해배상의무를 부과하는 조항이다. "
    ],
    "relateLaword": [
        "제6조(일반원칙)\n② 약관의 내용 중 다음 각 호의 어느 하나에 해당하는 내용을 정하고 있는 조항은 공정성을 잃은 것으로 추정된다.\n1. 고객에게 부당하게 불리한 조항",
        "제8조(손해배상액의 예정) \n고객에게 부당하게 과중한 지연 손해금 등의 손해배상 의무를 부담시키는 약관 조항은 무효로 한다."
    ],
    "unfavorableProvision": "2"
}