{
    "clauseField": "5",
    "ftcCnclsns": "1",
    "clauseArticle": [
        "제18조(강제명도)\n임대차기간 만료후에나 혹은 임대기간 중에라도 임대계약을 해약할 사유가 발생했을 경우 을이 갑의 허락없이 사무실을 폐문하고 전화, 우편 등 연락이 두절되는 경우에는 갑은 을에게 별도의 최고서나 명도 소송절차없이 을의 사무실 내에 있는 집기등 모든 물건을 갑의 임의대로 즉시 폐기처분 하여도 을은 이에 대한 민형사상의 아무런 이의를 제기하지 않기로 약속한다."
    ],
    "dvAntageous": "2",
    "illdcssBasiss": [
        "사법상의 권리실현에 있어서 권리자의 자력구제는 원칙적으로 금지되고 민사소송법상의 절차에 의하여 자신의 권리를 실현하는 것이 법절차상의 기본원칙이므로 사업자에 의한 임차인 소유 물건의 반출, 철거, 폐기처분 등은 임차인의 동의나 민사소송절차에 따른 강제집행절차에 의하여야 함에도 불구하고 임대인이 임의로 그것들을 폐기처분 하여도 이에 대한 민형사상의 이의를 제기하지 못하도록 하는 바, 이는 고객에 대하여 부당하게 불리한 조항이다. "
    ],
    "relateLaword": [
        "제6조(일반원칙)\n② 약관의 내용 중 다음 각 호의 어느 하나에 해당하는 내용을 정하고 있는 조항은 공정성을 잃은 것으로 추정된다.\n1. 고객에게 부당하게 불리한 조항"
    ],
    "unfavorableProvision": "2"
}