{
    "clauseField": "5",
    "ftcCnclsns": "1",
    "clauseArticle": [
        "제21조(해석)\n임대차계약서 각 조항의 해석상 갑을간에 이의가 발생할 경우에는 갑이 해석하는 바에 따른다."
    ],
    "dvAntageous": "2",
    "illdcssBasiss": [
        "약관조항이 명확하지 않은 경우에는 작성자 불이익의 원칙에 따라 약관의 작성자가 그 불명확의 위험을 부담하며, 그 해석은 민상법 또는 신의칙에 따라 객관적이고 공정하게 해석되어야 하고, 해석이 어려우면 고객에게 유리하게 해석되어야 함(약관법 제5조 제2항)에도 합의되지 않은 사항은 임대인의 결정에 따르도록 하고 있는 현행 약관조항은 고객에게 부당하게 불리한 조항이다. "
    ],
    "relateLaword": [
        "제6조(일반원칙)\n② 약관의 내용 중 다음 각 호의 어느 하나에 해당하는 내용을 정하고 있는 조항은 공정성을 잃은 것으로 추정된다.\n1. 고객에게 부당하게 불리한 조항"
    ],
    "unfavorableProvision": "1"
}