{
    "clauseField": "5",
    "ftcCnclsns": "1",
    "clauseArticle": [
        "제13조(특약)\n제7항 상기 임대조건은 입주 1년차 임대조건이며, 임대보증금 및 월임대료는 입주일을 기준으로 매년 전년대비 각 5%씩 인상한다."
    ],
    "dvAntageous": "2",
    "illdcssBasiss": [
        "장래 임대료 증액을 기정사실화 하여 무조건적으로 임대보증금과 월임대료를 매 1년마다 5퍼센트씩 인상하도록 규정하고 있는 바, 이는 고객인 임차인에 부당하게 불리한 것이며 임차인의 차임감액청구권을 사실상 배제하는 것으로 법률의 규정에 의한 고객의 권리를 상당한 이유없이 배제 또는 제한하는 약관조항이다. "
    ],
    "relateLaword": [
        "제6조(일반원칙)\n② 약관의 내용 중 다음 각 호의 어느 하나에 해당하는 내용을 정하고 있는 조항은 공정성을 잃은 것으로 추정된다.\n1. 고객에게 부당하게 불리한 조항",
        "제11조(고객의 권익 보호) \n고객의 권익에 관하여 정하고 있는 약관의 내용 중 다음 각 호의 어느 하나에 해당하는 내용을 정하고 있는 조항은 무효로 한다.\n1. 법률에 따른 고객의 항변권, 상계권 등의 권리를 상당한 이유 없이 배제하거나 제한하는 조항"
    ],
    "unfavorableProvision": "2"
}