{
    "clauseField": "5",
    "ftcCnclsns": "1",
    "clauseArticle": [
        "제4조\n을은 일체의 집단행동을 할 수 없으며 갑에 대항하여 계약내용에 위배되는 행위적발시 즉시 퇴점조치하며 을은 민, 형사상의 어떠한 이의도 제기치 않는다."
    ],
    "dvAntageous": "2",
    "illdcssBasiss": [
        "고객에 대하여 부당하게 불리할 뿐만 아니라 법률의 규정에 의한 고객의 항변권 등의 권리를 상당한 이유없이 배제 또는 제한하는 조항이다."
    ],
    "relateLaword": [
        "제6조(일반원칙)\n② 약관의 내용 중 다음 각 호의 어느 하나에 해당하는 내용을 정하고 있는 조항은 공정성을 잃은 것으로 추정된다.\n1. 고객에게 부당하게 불리한 조항",
        "제11조(고객의 권익 보호) \n고객의 권익에 관하여 정하고 있는 약관의 내용 중 다음 각 호의 어느 하나에 해당하는 내용을 정하고 있는 조항은 무효로 한다.\n1. 법률에 따른 고객의 항변권, 상계권 등의 권리를 상당한 이유 없이 배제하거나 제한하는 조항"
    ],
    "unfavorableProvision": "1"
}