{
    "clauseField": "5",
    "ftcCnclsns": "1",
    "clauseArticle": [
        "제13조(위약금 등)\n제1항 을이 제9조 제1항 각호에 해당하여 갑이 본 계약을 해제 또는 해지할 경우 을은갑에게 임대보증금 총액의 10%를 위약금으로 배상한다.\n제10조(위약금)\n제9조 제1항 각호에 해당하는 사유로 본 계약이 해제 또는 해지될 경우에는 을은 갑에게 임대보증금 총액의 10%를 위약금으로 배상한다.\n제10조(위약금)\n제9조 제1항 각호에 해당하는 사유로 본 계약이 해제 또는 해지될 경우에는 을은 갑에게 임대보증금 총액의 10%를 위약금으",
        "로 배상한다.\n제15조(특약)\n제6항 제10조 제2항의 규정에 의하여 위약금 및 불법거주에 의한 배상금․손해금은 다음 각호에 따른다.\n제1호 을이 제10조 제1항 각호의 1에 해당하거나 을의 일방적인 요청으로 인하여 본 계약을 해제 또는 해지할 경우에는 을은 갑에게 위약금으로 임대보증금 총액의 100분의 10을 위약금으로 배상한다."
    ],
    "dvAntageous": "2",
    "illdcssBasiss": [
        "부동산거래에 있어 계약해제 또는 해지로 인한 위약금은 통상 거래대금의 10퍼센트 정도라 할 것이고, 임대차계약에서 거래대금은 계약기간동안의 임대보증금에 대한 이자분과 월임대료를 합한 금액, 즉 임대료 총액으로 보는 것이 적정하다고 할 것이다.",
        "위약금(임대보증금의 10퍼센트)이 임대료 총액으로 산정한 위약금(10퍼센트)보다 과다(5년 약 14퍼센트)할 뿐만 아니라 특히 계약기간이 단기고객일수록 더욱더 과다(4년 약 43퍼센트, 3년 약 90퍼센트)해 지므로 이는 고객에게 부당하게 과중한 손해배상의무를 부담시키는 조항이다."
    ],
    "relateLaword": [
        "제8조(손해배상액의 예정) 고객에게 부당하게 과중한 지연 손해금 등의 손해배상 의무를 부담시키는 약관 조항은 무효로 한다."
    ],
    "unfavorableProvision": "2"
}