{
    "clauseField": "5",
    "ftcCnclsns": "1",
    "clauseArticle": [
        "제13조\n제3항 변전실 고장은 임차인공동부담으로 수리한다.\n제14조(공익비부담)\n임차인은 다음의 제비용을  실비 정산제에  의하여  부담한다. 단, 부담액은 임대평수에 비례한다.\n제5항 기타 공익시설의 보수비\n제19조(건물내외의 수선비부담 구분)\n제2항 건물내외 벽, 천정, 복도에  관한 수선은 원칙적으로 임차인의 부담으로 한다."
    ],
    "dvAntageous": "2",
    "illdcssBasiss": [
        "현행 약관은 변전실고장, 기타 공익시설 및 건물내외, 벽, 천정복도에 관한 수선비  또는 보수비를 임차인의 부담으로 한다고  규정하여 통상의 수선비를 초과하는 수선비를 임차인에게  부과할 우려가 있으므로 동약관은 고객에 대하여 부당하게 불리한  조항이다.  "
    ],
    "relateLaword": [
        "제6조(일반원칙)\n② 약관의 내용 중 다음 각 호의 어느 하나에 해당하는 내용을 정하고 있는 조항은 공정성을 잃은 것으로 추정된다.   \n1. 고객에게 부당하게 불리한 조항                                         "
    ],
    "unfavorableProvision": "1"
}