{
    "clauseField": "5",
    "ftcCnclsns": "1",
    "clauseArticle": [
        "제12조(해약인정 및 보증금 등의 반환)\n제2항 갑은 해약이 확정되면 즉시 을의 점포를 재임대하여 임대보증금 전액 또는 해약일로부터 3개월 이내에 현금으로 임대보증금을 반환하되 이자 및 여하한 명목의 손해도 부담하지 아니한다.\n제4항 갑은 해약시의 임대료 및 제 부담금의 계산은 다음과 같이 산출한다.\n나 호 을의 신청에 따라 해약할 경우에는 계약기간의 잔기에 해당하는 미도래분도 부과 징수한다.\n다 호 계약위반으로 인하여 해약할 경우에도 나호의 규정을 준",
        "용한다."
    ],
    "dvAntageous": "2",
    "illdcssBasiss": [
        "점포를 재임대하여 반환하거나 또는 해약일로부터 3개월 이내에 임대보증금을 반환하되 그에 따른 이자 및 여하한 손해도 부담하지 아니하도록 규정함으로써 임차인의 동시이행항변권을 제한하고 있는 바, 이는 법률의 규정에 의한 고객의 항변권, 상계권 등의 권리를 상당한 이유없이 제한하는 조항이다. ",
        "임차인의 신청에 따라 또는 계약위반으로 인하여 해약할 경우 위약금을 ‘계약기간의 잔기에 해당하는 임대료 및 제부담금의 미도래분’으로 약정하고 있는 현행조항은 계약해지시에도 계약이 유지되는 때와 똑같이 계약기간 동안의 모든 임대료 및 제부담금을 부과 징수하도록 하고 있어, 그 위약금이 임대료총액의 10퍼센트 정도를 초과하게 될 때에는 고객에 대하여 부당하게 과중한 지연손해금등의 손해배상의무를 부담시키는 조항이 된다. "
    ],
    "relateLaword": [
        "제11조(고객의 권익 보호) \n고객의 권익에 관하여 정하고 있는 약관의 내용 중 다음 각 호의 어느 하나에 해당하는 내용을 정하고 있는 조항은 무효로 한다.\n  1. 법률에 따른 고객의 항변권, 상계권 등의 권리를 상당한 이유 없이 배제하거나 제한하는 조항",
        "제8조(손해배상액의 예정) \n고객에게 부당하게 과중한 지연 손해금 등의 손해배상 의무를 부담시키는 약관 조항은 무효로 한다."
    ],
    "unfavorableProvision": "2"
}